time,u10,v10
2023-12-01T00:00,0.805,-1.194
2023-12-01T01:00,0.097,-0.501
2023-12-01T02:00,0.695,-0.800
2023-12-01T03:00,-0.389,1.198
2023-12-01T04:00,0.191,1.205
2023-12-01T05:00,-1.001,0.195
2023-12-01T06:00,-0.505,-0.696
2023-12-01T07:00,-1.001,-0.405
2023-12-01T08:00,0.198,-0.796
2023-12-01T09:00,0.497,0.403
2023-12-01T10:00,0.000,-0.100
2023-12-01T11:00,-0.799,-0.799
2023-12-01T12:00,-0.301,-0.399
2023-12-01T13:00,-0.804,0.099
2023-12-01T14:00,0.403,-0.403
2023-12-01T15:00,0.508,-1.197
2023-12-01T16:00,1.705,0.394
2023-12-01T17:00,-0.601,0.601
2023-12-01T18:00,1.800,1.999
2023-12-01T19:00,1.802,0.999
2023-12-01T20:00,3.902,1.193
2023-12-01T21:00,1.796,-1.305
2023-12-01T22:00,0.498,-0.797
2023-12-01T23:00,-1.706,-0.689
2023-12-02T00:00,-1.399,0.297
2023-12-02T01:00,-0.695,-0.800
2023-12-02T02:00,-1.814,1.691
2023-12-02T03:00,0.307,2.501
2023-12-02T04:00,-1.092,3.807
2023-12-02T05:00,-1.419,3.697
2023-12-02T06:00,-0.000,3.000
2023-12-02T07:00,-0.828,5.892
2023-12-02T08:00,0.785,3.401
2023-12-02T09:00,-2.187,2.112
2023-12-02T10:00,-0.602,0.799
2023-12-02T11:00,-2.207,0.892
2023-12-02T12:00,-1.793,0.414
2023-12-02T13:00,-1.994,1.105
2023-12-02T14:00,-1.705,0.394
2023-12-02T15:00,0.089,1.698
2023-12-02T16:00,-0.394,2.802
2023-12-02T17:00,-0.000,4.200
2023-12-02T18:00,1.916,3.189
2023-12-02T19:00,2.999,4.800
2023-12-02T20:00,2.687,5.510
2023-12-02T21:00,2.169,5.109
2023-12-02T22:00,1.129,4.891
2023-12-02T23:00,0.703,5.001
2023-12-03T00:00,-1.040,4.891
2023-12-03T01:00,0.847,6.898
2023-12-03T02:00,-1.093,6.904
2023-12-03T03:00,-2.091,7.805
2023-12-03T04:00,-0.127,7.299
2023-12-03T05:00,-0.138,7.899
2023-12-03T06:00,-0.542,6.196
2023-12-03T07:00,0.124,7.099
2023-12-03T08:00,1.615,6.996
2023-12-03T09:00,0.161,4.597
2023-12-03T10:00,-0.568,5.400
2023-12-03T11:00,-2.095,4.705
2023-12-03T12:00,1.204,1.597
2023-12-03T13:00,-0.700,3.603
2023-12-03T14:00,0.295,2.099
2023-12-03T15:00,-0.091,1.297
2023-12-03T16:00,-0.100,0.196
2023-12-03T17:00,-0.198,0.796
2023-12-03T18:00,0.210,1.495
2023-12-03T19:00,0.615,2.895
2023-12-03T20:00,-0.323,3.696
2023-12-03T21:00,0.122,3.498
2023-12-03T22:00,0.105,2.998
2023-12-03T23:00,0.800,2.199
2023-12-04T00:00,1.896,0.805
2023-12-04T01:00,-0.501,-0.202
2023-12-04T02:00,-1.397,1.608
2023-12-04T03:00,0.196,1.396
2023-12-04T04:00,0.311,1.600
2023-12-04T05:00,-2.783,3.317
2023-12-04T06:00,-2.301,1.798
2023-12-04T07:00,-3.289,1.823
2023-12-04T08:00,-3.299,0.823
2023-12-04T09:00,-3.196,1.100
2023-12-04T10:00,-3.102,0.603
2023-12-04T11:00,-2.695,0.722
2023-12-04T12:00,-2.499,0.396
2023-12-04T13:00,-3.200,0.622
2023-12-04T14:00,-2.399,0.084
2023-12-04T15:00,-2.197,0.714
2023-12-04T16:00,0.311,1.600
2023-12-04T17:00,0.099,-0.099
2023-12-04T18:00,0.600,0.000
2023-12-04T19:00,0.501,0.598
2023-12-04T20:00,1.104,0.894
2023-12-04T21:00,0.501,0.202
2023-12-04T22:00,0.298,0.201
2023-12-04T23:00,-1.397,0.098
2023-12-05T00:00,-2.904,0.305
2023-12-05T01:00,-1.896,0.805
2023-12-05T02:00,0.597,0.304
2023-12-05T03:00,-0.095,0.602
2023-12-05T04:00,-0.399,0.301
2023-12-05T05:00,-1.096,-0.096
2023-12-05T06:00,-0.000,0.600
2023-12-05T07:00,-0.297,0.297
2023-12-05T08:00,-0.696,0.505
2023-12-05T09:00,0.294,-0.904
2023-12-05T10:00,-0.099,0.398
2023-12-05T11:00,-0.904,0.294
2023-12-05T12:00,-0.601,0.601
2023-12-05T13:00,-0.702,0.201
2023-12-05T14:00,-0.598,-0.501
2023-12-05T15:00,-0.316,-1.995
2023-12-05T16:00,-0.793,-0.404
2023-12-05T17:00,-0.604,0.694
2023-12-05T18:00,0.297,-0.297
2023-12-05T19:00,0.099,-0.804
2023-12-05T20:00,0.508,-1.197
2023-12-05T21:00,0.995,-0.806
2023-12-05T22:00,1.398,-1.499
2023-12-05T23:00,0.597,0.304
2023-12-06T00:00,-0.300,-0.000
2023-12-06T01:00,0.300,0.000
2023-12-06T02:00,0.201,0.298
2023-12-06T03:00,-0.497,0.403
2023-12-06T04:00,-0.000,1.300
2023-12-06T05:00,-0.099,0.398
2023-12-06T06:00,-0.806,0.995
2023-12-06T07:00,0.000,-0.500
2023-12-06T08:00,0.404,0.793
2023-12-06T09:00,0.095,-0.602
2023-12-06T10:00,-0.894,-1.104
2023-12-06T11:00,-0.601,-2.602
2023-12-06T12:00,-0.198,0.198
2023-12-06T13:00,-0.300,-0.000
2023-12-06T14:00,-0.202,0.501
2023-12-06T15:00,0.510,-1.400
2023-12-06T16:00,-1.307,-0.695
2023-12-06T17:00,-1.093,-1.302
2023-12-06T18:00,0.408,-2.101
2023-12-06T19:00,-0.073,-4.199
2023-12-06T20:00,1.198,-0.903
2023-12-06T21:00,1.809,-1.087
2023-12-06T22:00,1.288,-1.709
2023-12-06T23:00,0.208,-1.697
2023-12-07T00:00,1.195,1.003
2023-12-07T01:00,0.615,1.893
2023-12-07T02:00,0.604,4.298
2023-12-07T03:00,-0.079,4.499
2023-12-07T04:00,1.198,4.803
2023-12-07T05:00,-0.409,7.799
2023-12-07T06:00,1.044,8.506
2023-12-07T07:00,1.788,9.198
2023-12-07T08:00,1.641,9.306
2023-12-07T09:00,2.839,9.286
2023-12-07T10:00,3.043,10.612
2023-12-07T11:00,4.587,3.212
2023-12-07T12:00,-1.898,-0.691
2023-12-07T13:00,0.896,-0.207
2023-12-07T14:00,1.489,1.713
2023-12-07T15:00,1.421,2.789
2023-12-07T16:00,0.094,-1.798
2023-12-07T17:00,3.920,-3.786
2023-12-07T18:00,5.976,-3.450
2023-12-07T19:00,3.808,-2.379
2023-12-07T20:00,2.788,-3.208
2023-12-07T21:00,2.014,-3.788
2023-12-07T22:00,0.000,-0.100
2023-12-07T23:00,0.403,-0.597
2023-12-08T00:00,-0.498,-0.797
2023-12-08T01:00,-1.096,0.096
2023-12-08T02:00,-1.195,1.003
2023-12-08T03:00,-1.686,2.408
2023-12-08T04:00,-1.210,2.096
2023-12-08T05:00,0.995,-0.105
2023-12-08T06:00,-0.599,0.195
2023-12-08T07:00,-1.296,-0.604
2023-12-08T08:00,-1.096,0.096
2023-12-08T09:00,3.199,2.500
2023-12-08T10:00,-1.392,1.011
2023-12-08T11:00,-2.303,0.283
2023-12-08T12:00,2.894,-3.704
2023-12-08T13:00,1.112,1.192
2023-12-08T14:00,1.605,2.895
2023-12-08T15:00,-0.903,1.003
2023-12-08T16:00,2.311,-2.081
2023-12-08T17:00,3.398,-1.513
2023-12-08T18:00,3.901,-1.903
2023-12-08T19:00,3.212,-2.086
2023-12-08T20:00,3.300,-3.796
2023-12-08T21:00,3.697,-2.310
2023-12-08T22:00,1.803,-1.803
2023-12-08T23:00,2.793,-1.814
2023-12-09T00:00,1.315,-2.696
2023-12-09T01:00,-0.981,-2.310
2023-12-09T02:00,0.801,-1.800
2023-12-09T03:00,-1.399,-0.297
2023-12-09T04:00,-0.497,0.403
2023-12-09T05:00,0.399,0.301
2023-12-09T06:00,0.799,-0.799
2023-12-09T07:00,-1.704,0.300
2023-12-09T08:00,-0.405,-0.701
2023-12-09T09:00,-2.101,-0.806
2023-12-09T10:00,-1.698,-0.089
2023-12-09T11:00,-1.596,-0.613
2023-12-09T12:00,-0.400,-0.000
2023-12-09T13:00,-1.296,-0.604
2023-12-09T14:00,-2.004,-0.690
2023-12-09T15:00,-2.695,-0.722
2023-12-09T16:00,0.601,0.601
2023-12-09T17:00,1.194,0.608
2023-12-09T18:00,1.096,0.096
2023-12-09T19:00,1.893,-0.615
2023-12-09T20:00,1.200,0.000
2023-12-09T21:00,1.296,0.299
2023-12-09T22:00,0.998,0.508
2023-12-09T23:00,1.100,0.799
2023-12-10T00:00,0.414,1.793
2023-12-10T01:00,-0.000,2.200
2023-12-10T02:00,-1.117,2.192
2023-12-10T03:00,-0.493,2.797
2023-12-10T04:00,-0.224,3.202
2023-12-10T05:00,1.309,2.095
2023-12-10T06:00,0.099,0.804
2023-12-10T07:00,0.000,-2.100
2023-12-10T08:00,-0.300,-1.704
2023-12-10T09:00,0.112,-1.596
2023-12-10T10:00,-0.492,-1.105
2023-12-10T11:00,0.000,-1.800
2023-12-10T12:00,-0.297,-0.700
2023-12-10T13:00,-0.105,-1.195
2023-12-10T14:00,-0.292,-1.502
2023-12-10T15:00,-0.099,-0.703
2023-12-10T16:00,-0.492,-1.105
2023-12-10T17:00,0.599,-0.195
2023-12-10T18:00,0.096,-1.096
2023-12-10T19:00,0.795,-1.704
2023-12-10T20:00,0.695,-1.204
2023-12-10T21:00,0.590,-2.202
2023-12-10T22:00,1.288,-1.709
2023-12-10T23:00,1.100,-0.799
2023-12-11T00:00,-0.095,-0.905
2023-12-11T01:00,-0.298,-0.201
2023-12-11T02:00,-0.700,0.297
2023-12-11T03:00,0.394,-1.705
2023-12-11T04:00,-0.195,0.599
2023-12-11T05:00,0.204,-0.401
2023-12-11T06:00,1.100,-0.799
2023-12-11T07:00,0.702,0.201
2023-12-11T08:00,-0.298,-0.201
2023-12-11T09:00,-0.202,-0.501
2023-12-11T10:00,0.298,0.201
2023-12-11T11:00,-0.000,0.500
2023-12-11T12:00,0.896,-0.207
2023-12-11T13:00,0.201,0.702
2023-12-11T14:00,-1.205,0.191
2023-12-11T15:00,-0.904,0.294
2023-12-11T16:00,-0.597,-0.403
2023-12-11T17:00,-0.196,0.100
2023-12-11T18:00,0.800,-0.695
2023-12-11T19:00,0.602,-0.799
2023-12-11T20:00,1.208,-1.492
2023-12-11T21:00,1.814,-1.691
2023-12-11T22:00,1.494,-1.602
2023-12-11T23:00,1.087,-1.809
2023-12-12T00:00,0.613,-1.596
2023-12-12T01:00,0.797,0.498
2023-12-12T02:00,-0.491,1.607
2023-12-12T03:00,-0.304,0.099
2023-12-12T04:00,-0.402,1.403
2023-12-12T05:00,-0.488,1.701
2023-12-12T06:00,-0.299,-0.497
2023-12-12T07:00,0.403,0.403
2023-12-12T08:00,-0.702,0.898
2023-12-12T09:00,-0.098,1.397
2023-12-12T10:00,-0.695,0.800
2023-12-12T11:00,-0.297,0.700
2023-12-12T12:00,-0.700,0.700
2023-12-12T13:00,0.198,0.796
2023-12-12T14:00,-0.000,0.700
2023-12-12T15:00,0.799,1.100
2023-12-12T16:00,0.095,0.905
2023-12-12T17:00,0.805,1.394
2023-12-12T18:00,0.508,1.197
2023-12-12T19:00,1.195,-1.003
2023-12-12T20:00,1.893,-2.605
2023-12-12T21:00,1.309,-2.095
2023-12-12T22:00,2.014,-2.487
2023-12-12T23:00,1.008,-2.494
2023-12-13T00:00,0.811,-1.298
2023-12-13T01:00,0.292,-1.502
2023-12-13T02:00,-1.893,-0.615
2023-12-13T03:00,-0.422,3.001
2023-12-13T04:00,-0.584,3.004
2023-12-13T05:00,-0.595,2.798
2023-12-13T06:00,1.110,2.494
2023-12-13T07:00,0.110,2.097
2023-12-13T08:00,-0.984,2.211
2023-12-13T09:00,-0.885,2.306
2023-12-13T10:00,-0.115,2.197
2023-12-13T11:00,-1.009,1.898
2023-12-13T12:00,-1.385,1.710
2023-12-13T13:00,-2.605,1.893
2023-12-13T14:00,-1.110,2.494
2023-12-13T15:00,-2.191,1.712
2023-12-13T16:00,-0.403,1.898
2023-12-13T17:00,-0.099,0.703
2023-12-13T18:00,1.695,0.901
2023-12-13T19:00,0.700,0.700
2023-12-13T20:00,0.904,0.294
2023-12-13T21:00,-3.295,-0.405
2023-12-13T22:00,0.601,0.601
2023-12-13T23:00,2.390,-0.917
2023-12-14T00:00,2.207,-0.892
2023-12-14T01:00,1.288,1.709
2023-12-14T02:00,0.112,3.198
2023-12-14T03:00,0.210,3.003
2023-12-14T04:00,0.467,3.801
2023-12-14T05:00,1.694,1.100
2023-12-14T06:00,-0.402,1.403
2023-12-14T07:00,0.311,1.600
2023-12-14T08:00,0.683,2.102
2023-12-14T09:00,-0.498,0.797
2023-12-14T10:00,0.096,1.096
2023-12-14T11:00,-0.488,1.701
2023-12-14T12:00,-1.385,1.710
2023-12-14T13:00,-0.604,0.895
2023-12-14T14:00,0.399,0.895
2023-12-14T15:00,-1.102,0.689
2023-12-14T16:00,-0.898,0.702
2023-12-14T17:00,-0.105,0.995
2023-12-14T18:00,-0.000,1.400
2023-12-14T19:00,1.197,-0.508
2023-12-14T20:00,1.704,-1.193
2023-12-14T21:00,0.997,-0.997
2023-12-14T22:00,1.893,-0.615
2023-12-14T23:00,0.702,-0.201
2023-12-15T00:00,1.096,0.096
2023-12-15T01:00,-0.497,0.403
2023-12-15T02:00,-0.100,-0.000
2023-12-15T03:00,0.000,0.000
2023-12-15T04:00,0.689,1.706
2023-12-15T05:00,-1.598,1.598
2023-12-15T06:00,-1.104,0.894
2023-12-15T07:00,-0.904,1.392
2023-12-15T08:00,-0.304,0.597
2023-12-15T09:00,-0.204,0.401
2023-12-15T10:00,-0.613,-1.596
2023-12-15T11:00,0.404,0.793
2023-12-15T12:00,-0.403,-0.597
2023-12-15T13:00,-1.383,2.213
2023-12-15T14:00,-0.694,0.604
2023-12-15T15:00,-0.794,0.305
2023-12-15T16:00,-0.486,2.105
2023-12-15T17:00,0.811,1.298
2023-12-15T18:00,1.100,1.694
2023-12-15T19:00,1.300,0.000
2023-12-15T20:00,1.200,0.000
2023-12-15T21:00,1.907,-1.286
2023-12-15T22:00,1.814,-1.691
2023-12-15T23:00,1.204,-1.597
2023-12-16T00:00,1.797,-1.404
2023-12-16T01:00,0.797,-0.498
2023-12-16T02:00,-0.405,0.701
2023-12-16T03:00,-0.505,0.696
2023-12-16T04:00,-0.400,1.099
2023-12-16T05:00,-0.300,1.704
2023-12-16T06:00,0.398,0.099
2023-12-16T07:00,0.304,-0.099
2023-12-16T08:00,-1.101,-0.295
2023-12-16T09:00,-0.501,0.202
2023-12-16T10:00,0.105,0.995
2023-12-16T11:00,-1.200,-0.000
2023-12-16T12:00,-0.401,0.204
2023-12-16T13:00,0.299,0.497
2023-12-16T14:00,-0.202,0.501
2023-12-16T15:00,-0.196,0.100
2023-12-16T16:00,-0.904,0.294
2023-12-16T17:00,0.703,-0.099
2023-12-16T18:00,1.704,-0.795
2023-12-16T19:00,1.494,-1.299
2023-12-16T20:00,1.814,-1.691
2023-12-16T21:00,1.397,-1.303
2023-12-16T22:00,0.999,-1.802
2023-12-16T23:00,1.007,-1.492
2023-12-17T00:00,0.695,-1.204
2023-12-17T01:00,-0.208,-1.697
2023-12-17T02:00,-0.508,-1.197
2023-12-17T03:00,-0.604,-0.694
2023-12-17T04:00,-0.501,-0.097
2023-12-17T05:00,-0.703,-0.099
2023-12-17T06:00,-0.202,-0.501
2023-12-17T07:00,-0.207,0.896
2023-12-17T08:00,0.097,-0.501
2023-12-17T09:00,-0.297,-0.297
2023-12-17T10:00,-0.497,-0.403
2023-12-17T11:00,-0.700,0.297
2023-12-17T12:00,-0.196,-0.100
2023-12-17T13:00,-0.510,-1.400
2023-12-17T14:00,-1.399,0.594
2023-12-17T15:00,-0.694,-0.604
2023-12-17T16:00,-0.499,0.901
2023-12-17T17:00,-0.301,0.399
2023-12-17T18:00,1.495,0.210
2023-12-17T19:00,2.292,-1.118
2023-12-17T20:00,1.499,1.398
2023-12-17T21:00,1.301,-0.398
2023-12-17T22:00,1.793,-0.414
2023-12-17T23:00,1.113,-1.589
2023-12-18T00:00,1.400,0.510
2023-12-18T01:00,0.198,0.796
2023-12-18T02:00,0.895,0.399
2023-12-18T03:00,0.294,0.904
2023-12-18T04:00,-0.903,1.198
2023-12-18T05:00,-0.000,0.200
2023-12-18T06:00,0.196,0.100
2023-12-18T07:00,-0.295,-1.101
2023-12-18T08:00,-0.602,-0.799
2023-12-18T09:00,-0.096,-1.096
2023-12-18T10:00,0.198,-0.198
2023-12-18T11:00,-1.497,-0.401
2023-12-18T12:00,-0.997,-0.997
2023-12-18T13:00,-0.702,-0.898
2023-12-18T14:00,0.207,-0.896
2023-12-18T15:00,0.000,-1.100
2023-12-18T16:00,0.403,-0.597
2023-12-18T17:00,0.099,0.398
2023-12-18T18:00,1.296,-0.299
2023-12-18T19:00,1.494,-1.299
2023-12-18T20:00,1.800,-1.999
2023-12-18T21:00,2.384,-2.223
2023-12-18T22:00,1.985,-1.917
2023-12-18T23:00,1.985,-1.917
2023-12-19T00:00,0.800,-0.695
2023-12-19T01:00,2.589,-1.813
2023-12-19T02:00,1.304,-0.206
2023-12-19T03:00,1.698,-0.089
2023-12-19T04:00,1.101,-0.295
2023-12-19T05:00,0.885,2.306
2023-12-19T06:00,1.399,-0.713
2023-12-19T07:00,1.194,0.608
2023-12-19T08:00,1.302,1.093
2023-12-19T09:00,0.196,2.803
2023-12-19T10:00,0.508,2.202
2023-12-19T11:00,0.396,2.499
2023-12-19T12:00,0.403,0.597
2023-12-19T13:00,0.806,2.101
2023-12-19T14:00,1.400,-1.400
2023-12-19T15:00,0.195,0.599
2023-12-19T16:00,0.094,2.698
2023-12-19T17:00,0.696,2.598
2023-12-19T18:00,0.000,-2.000
2023-12-19T19:00,0.305,-0.794
2023-12-19T20:00,1.403,1.096
2023-12-19T21:00,0.800,-0.695
2023-12-19T22:00,0.402,-1.403
2023-12-19T23:00,1.502,-0.292
2023-12-20T00:00,1.600,0.000
2023-12-20T01:00,0.502,0.502
2023-12-20T02:00,0.000,-0.700
2023-12-20T03:00,0.508,2.202
2023-12-20T04:00,-0.398,1.301
2023-12-20T05:00,-1.100,-1.905
2023-12-20T06:00,-0.398,1.301
2023-12-20T07:00,0.498,1.999
2023-12-20T08:00,0.099,0.804
2023-12-20T09:00,0.194,-1.103
2023-12-20T10:00,-0.508,1.197
2023-12-20T11:00,-0.201,0.702
2023-12-20T12:00,-0.985,2.112
2023-12-20T13:00,0.210,1.495
2023-12-20T14:00,0.380,2.400
2023-12-20T15:00,0.604,-0.694
2023-12-20T16:00,-0.497,-0.299
2023-12-20T17:00,-0.498,-1.298
2023-12-20T18:00,0.304,-0.597
2023-12-20T19:00,1.303,-1.397
2023-12-20T20:00,1.093,-0.606
2023-12-20T21:00,0.195,-0.599
2023-12-20T22:00,1.505,-1.093
2023-12-20T23:00,0.800,0.000
2023-12-21T00:00,-0.000,0.100
2023-12-21T01:00,-1.101,-0.295
2023-12-21T02:00,-1.001,0.405
2023-12-21T03:00,-1.800,-0.000
2023-12-21T04:00,-0.700,-0.999
2023-12-21T05:00,-0.894,1.104
2023-12-21T06:00,-0.298,0.201
2023-12-21T07:00,-0.297,0.297
2023-12-21T08:00,-0.804,0.099
2023-12-21T09:00,-0.799,-0.602
2023-12-21T10:00,-0.501,0.202
2023-12-21T11:00,-0.599,0.195
2023-12-21T12:00,-0.703,0.099
2023-12-21T13:00,-1.286,-1.907
2023-12-21T14:00,-0.892,-2.207
2023-12-21T15:00,0.806,-0.995
2023-12-21T16:00,-1.814,-1.691
2023-12-21T17:00,-1.001,-0.195
2023-12-21T18:00,-0.297,-0.700
2023-12-21T19:00,1.112,-1.192
2023-12-21T20:00,1.397,-1.303
2023-12-21T21:00,1.176,-2.911
2023-12-21T22:00,0.824,-2.697
2023-12-21T23:00,1.093,-1.505
2023-12-22T00:00,0.403,-0.497
2023-12-22T01:00,0.201,-0.702
2023-12-22T02:00,0.000,-0.400
2023-12-22T03:00,0.198,0.796
2023-12-22T04:00,-0.998,0.508
2023-12-22T05:00,-0.497,0.299
2023-12-22T06:00,-0.501,-0.202
2023-12-22T07:00,-1.001,-0.405
2023-12-22T08:00,-0.793,-0.404
2023-12-22T09:00,-1.003,-0.603
2023-12-22T10:00,-0.892,-0.803
2023-12-22T11:00,-0.602,0.095
2023-12-22T12:00,-1.498,-2.306
2023-12-22T13:00,-1.613,-1.791
2023-12-22T14:00,-1.503,0.488
2023-12-22T15:00,-0.100,-0.000
2023-12-22T16:00,-0.295,-1.101
2023-12-22T17:00,-0.604,-0.694
2023-12-22T18:00,1.298,-0.498
2023-12-22T19:00,1.099,-0.400
2023-12-22T20:00,0.510,-1.400
2023-12-22T21:00,1.409,-2.089
2023-12-22T22:00,0.295,-2.099
2023-12-22T23:00,1.208,-1.492
2023-12-23T00:00,-0.586,-1.702
2023-12-23T01:00,0.696,0.505
2023-12-23T02:00,-0.498,0.797
2023-12-23T03:00,-0.702,0.898
2023-12-23T04:00,-0.000,0.600
2023-12-23T05:00,0.401,0.204
2023-12-23T06:00,-0.100,-0.196
2023-12-23T07:00,-0.895,0.399
2023-12-23T08:00,-0.401,-0.204
2023-12-23T09:00,-0.000,0.400
2023-12-23T10:00,-0.800,-0.695
2023-12-23T11:00,0.422,-3.001
2023-12-23T12:00,-1.380,-2.709
2023-12-23T13:00,-2.301,-1.798
2023-12-23T14:00,-1.502,-0.292
2023-12-23T15:00,-0.201,0.298
2023-12-23T16:00,1.100,-0.799
2023-12-23T17:00,1.102,-0.689
2023-12-23T18:00,-0.602,-0.799
2023-12-23T19:00,-0.084,-2.399
2023-12-23T20:00,0.000,-2.700
2023-12-23T21:00,0.208,-1.697
2023-12-23T22:00,1.216,-2.287
2023-12-23T23:00,1.409,-2.089
2023-12-24T00:00,-0.607,-1.502
2023-12-24T01:00,-2.589,-1.813
2023-12-24T02:00,-3.897,-1.817
2023-12-24T03:00,-3.605,-0.571
2023-12-24T04:00,-3.704,-0.587
2023-12-24T05:00,-4.094,-1.410
2023-12-24T06:00,-1.893,-0.615
2023-12-24T07:00,-0.901,-1.500
2023-12-24T08:00,-1.002,-1.603
2023-12-24T09:00,-0.712,-1.599
2023-12-24T10:00,-2.096,-0.601
2023-12-24T11:00,-1.893,-0.615
2023-12-24T12:00,-1.105,-0.492
2023-12-24T13:00,-2.299,-0.080
2023-12-24T14:00,-0.505,-0.696
2023-12-24T15:00,-0.602,-0.799
2023-12-24T16:00,-2.900,-0.000
2023-12-24T17:00,-1.698,-0.089
2023-12-24T18:00,-0.803,-0.892
2023-12-24T19:00,1.288,-1.709
2023-12-24T20:00,0.488,-1.701
2023-12-24T21:00,0.498,-1.298
2023-12-24T22:00,0.805,-1.896
2023-12-24T23:00,1.200,-2.695
2023-12-25T00:00,-1.093,-1.505
2023-12-25T01:00,-1.797,-1.404
2023-12-25T02:00,-3.505,-0.184
2023-12-25T03:00,-1.296,-0.604
2023-12-25T04:00,-0.283,2.303
2023-12-25T05:00,-0.805,1.194
2023-12-25T06:00,0.307,2.501
2023-12-25T07:00,-0.389,2.003
2023-12-25T08:00,-0.885,2.306
2023-12-25T09:00,-0.198,-0.198
2023-12-25T10:00,0.305,-0.794
2023-12-25T11:00,-0.702,-0.898
2023-12-25T12:00,-1.102,-0.689
2023-12-25T13:00,-1.292,-1.010
2023-12-25T14:00,-0.000,0.500
2023-12-25T15:00,-0.505,0.696
2023-12-25T16:00,-0.099,0.804
2023-12-25T17:00,-0.198,0.796
2023-12-25T18:00,1.399,-0.297
2023-12-25T19:00,1.205,-0.191
2023-12-25T20:00,0.712,-1.599
2023-12-25T21:00,0.699,-2.804
2023-12-25T22:00,1.276,-3.505
2023-12-25T23:00,0.201,-2.301
2023-12-26T00:00,-1.009,-1.898
2023-12-26T01:00,-1.499,-1.499
2023-12-26T02:00,0.297,-0.297
2023-12-26T03:00,-1.499,1.398
2023-12-26T04:00,-0.811,1.298
2023-12-26T05:00,-0.091,2.598
2023-12-26T06:00,-1.791,1.208
2023-12-26T07:00,-1.505,1.997
2023-12-26T08:00,0.184,2.102
2023-12-26T09:00,-0.702,1.504
2023-12-26T10:00,0.508,2.202
2023-12-26T11:00,-0.408,2.101
2023-12-26T12:00,-0.405,2.295
2023-12-26T13:00,-0.493,2.797
2023-12-26T14:00,-1.031,3.595
2023-12-26T15:00,0.000,-0.300
2023-12-26T16:00,-0.208,1.697
2023-12-26T17:00,-0.294,0.904
2023-12-26T18:00,0.703,0.099
2023-12-26T19:00,0.604,1.296
2023-12-26T20:00,1.697,0.208
2023-12-26T21:00,2.105,0.486
2023-12-26T22:00,0.694,0.604
2023-12-26T23:00,1.397,-1.303
2023-12-27T00:00,1.613,-1.791
2023-12-27T01:00,0.389,-2.003
2023-12-27T02:00,-0.606,-1.093
2023-12-27T03:00,-0.799,-0.799
2023-12-27T04:00,-0.405,0.701
2023-12-27T05:00,0.488,1.701
2023-12-27T06:00,-1.204,1.597
2023-12-27T07:00,1.398,1.499
2023-12-27T08:00,-1.307,0.695
2023-12-27T09:00,0.894,1.104
2023-12-27T10:00,1.207,1.389
2023-12-27T11:00,0.895,0.604
2023-12-27T12:00,-0.501,-0.202
2023-12-27T13:00,0.895,-0.399
2023-12-27T14:00,-2.604,0.182
2023-12-27T15:00,-1.800,0.801
2023-12-27T16:00,0.195,0.599
2023-12-27T17:00,1.595,0.813
2023-12-27T18:00,1.112,1.192
2023-12-27T19:00,1.400,1.400
2023-12-27T20:00,1.500,0.901
2023-12-27T21:00,1.492,1.208
2023-12-27T22:00,1.698,0.089
2023-12-27T23:00,0.295,-2.099
2023-12-28T00:00,1.697,-1.697
2023-12-28T01:00,1.103,-0.194
2023-12-28T02:00,-0.292,1.502
2023-12-28T03:00,0.586,1.702
2023-12-28T04:00,-0.999,1.802
2023-12-28T05:00,0.094,1.798
2023-12-28T06:00,0.207,0.896
2023-12-28T07:00,0.294,-0.904
2023-12-28T08:00,-1.394,0.805
2023-12-28T09:00,-1.003,1.195
2023-12-28T10:00,0.000,-0.200
2023-12-28T11:00,-1.301,1.301
2023-12-28T12:00,-0.000,1.100
2023-12-28T13:00,-0.800,2.199
2023-12-28T14:00,-0.995,0.304
2023-12-28T15:00,0.501,0.202
2023-12-28T16:00,-0.793,-0.404
2023-12-28T17:00,0.403,-0.403
2023-12-28T18:00,0.401,0.204
2023-12-28T19:00,1.011,-1.392
2023-12-28T20:00,0.598,-2.397
2023-12-28T21:00,1.105,-1.994
2023-12-28T22:00,0.892,-2.207
2023-12-28T23:00,0.695,-0.800
2023-12-29T00:00,0.304,0.597
2023-12-29T01:00,-1.492,1.007
2023-12-29T02:00,-2.601,-0.795
2023-12-29T03:00,-0.097,-0.501
2023-12-29T04:00,-0.110,2.097
2023-12-29T05:00,-0.799,1.100
2023-12-29T06:00,-0.497,0.403
2023-12-29T07:00,-0.599,0.195
2023-12-29T08:00,-0.696,-0.505
2023-12-29T09:00,-1.396,-0.196
2023-12-29T10:00,-0.602,-0.095
2023-12-29T11:00,-0.906,1.294
2023-12-29T12:00,-1.613,1.791
2023-12-29T13:00,-2.102,-0.184
2023-12-29T14:00,-1.993,-0.805
2023-12-29T15:00,-0.999,-2.903
2023-12-29T16:00,-1.096,-1.403
2023-12-29T17:00,-0.099,-0.804
2023-12-29T18:00,0.806,-0.995
2023-12-29T19:00,1.105,-0.492
2023-12-29T20:00,1.292,-1.010
2023-12-29T21:00,1.607,-0.491
2023-12-29T22:00,1.195,-1.003
2023-12-29T23:00,1.903,-0.887
2023-12-30T00:00,0.811,-1.298
2023-12-30T01:00,0.298,-0.201
2023-12-30T02:00,-0.598,0.501
2023-12-30T03:00,-0.501,0.097
2023-12-30T04:00,-0.297,-0.297
2023-12-30T05:00,0.501,-0.097
2023-12-30T06:00,-0.405,-1.001
2023-12-30T07:00,0.403,0.497
2023-12-30T08:00,0.195,0.599
2023-12-30T09:00,-0.201,0.702
2023-12-30T10:00,-0.701,-0.405
2023-12-30T11:00,0.298,-0.201
2023-12-30T12:00,-0.502,-0.502
2023-12-30T13:00,-0.099,0.804
2023-12-30T14:00,-1.704,-0.795
2023-12-30T15:00,-1.900,-0.200
2023-12-30T16:00,0.307,-2.501
2023-12-30T17:00,-0.095,-0.905
2023-12-30T18:00,1.204,-0.695
2023-12-30T19:00,1.392,-0.904
2023-12-30T20:00,0.194,-1.103
2023-12-30T21:00,0.399,-1.601
2023-12-30T22:00,0.700,-0.297
2023-12-30T23:00,0.995,-0.105
2023-12-31T00:00,-0.401,-0.204
2023-12-31T01:00,-0.599,-0.195
2023-12-31T02:00,-0.515,-1.798
2023-12-31T03:00,-0.094,-1.798
2023-12-31T04:00,-0.700,-0.700
2023-12-31T05:00,-0.099,0.304
2023-12-31T06:00,-0.501,0.202
2023-12-31T07:00,-0.905,0.095
2023-12-31T08:00,-0.597,0.304
2023-12-31T09:00,-0.403,-0.497
2023-12-31T10:00,-0.796,-0.198
2023-12-31T11:00,-1.101,-0.295
2023-12-31T12:00,-1.503,-0.488
2023-12-31T13:00,0.099,-0.099
2023-12-31T14:00,-0.793,0.404
2023-12-31T15:00,-0.700,-0.000
2023-12-31T16:00,-0.389,-1.198
2023-12-31T17:00,0.201,-0.702
2023-12-31T18:00,1.001,-0.405
2023-12-31T19:00,1.296,-0.299
2023-12-31T20:00,1.497,-0.401
2023-12-31T21:00,1.797,-1.404
2023-12-31T22:00,1.993,-0.805
2023-12-31T23:00,1.397,-1.608
2024-01-01T00:00,0.901,-0.499
2024-01-01T01:00,0.204,-0.401
2024-01-01T02:00,-1.400,-0.510
2024-01-01T03:00,-0.099,-0.398
2024-01-01T04:00,-0.501,0.598
2024-01-01T05:00,-0.501,-0.598
2024-01-01T06:00,0.095,0.905
2024-01-01T07:00,0.600,0.000
2024-01-01T08:00,-0.800,0.695
2024-01-01T09:00,-0.510,1.400
2024-01-01T10:00,-0.600,-0.000
2024-01-01T11:00,0.100,-0.196
2024-01-01T12:00,-0.896,0.207
2024-01-01T13:00,-0.497,-0.299
2024-01-01T14:00,-0.501,0.202
2024-01-01T15:00,-1.101,0.295
2024-01-01T16:00,-0.894,-1.104
2024-01-01T17:00,-0.000,0.300
2024-01-01T18:00,0.695,-0.800
2024-01-01T19:00,1.195,-1.003
2024-01-01T20:00,1.087,-1.809
2024-01-01T21:00,1.294,-0.906
2024-01-01T22:00,1.011,-1.392
2024-01-01T23:00,0.901,-1.500
2024-01-02T00:00,0.300,-1.704
2024-01-02T01:00,0.099,-1.897
2024-01-02T02:00,-1.709,-1.288
2024-01-02T03:00,-0.597,-0.403
2024-01-02T04:00,-0.804,0.099
2024-01-02T05:00,-0.795,1.704
2024-01-02T06:00,-0.604,0.694
2024-01-02T07:00,-1.704,0.300
2024-01-02T08:00,-0.597,0.403
2024-01-02T09:00,-0.696,0.505
2024-01-02T10:00,-0.505,0.696
2024-01-02T11:00,-0.508,1.197
2024-01-02T12:00,-0.501,0.598
2024-01-02T13:00,-0.298,0.201
2024-01-02T14:00,-0.701,-0.405
2024-01-02T15:00,-1.908,-1.192
2024-01-02T16:00,0.000,-1.000
2024-01-02T17:00,-0.702,-0.898
2024-01-02T18:00,1.105,-0.492
2024-01-02T19:00,1.503,-0.488
2024-01-02T20:00,1.999,-0.210
2024-01-02T21:00,1.500,-0.901
2024-01-02T22:00,1.204,-0.695
2024-01-02T23:00,0.901,-0.499
2024-01-03T00:00,0.399,0.301
2024-01-03T01:00,0.000,-0.800
2024-01-03T02:00,0.501,-0.202
2024-01-03T03:00,0.398,0.099
2024-01-03T04:00,1.093,1.302
2024-01-03T05:00,0.089,1.698
2024-01-03T06:00,-1.709,-1.288
2024-01-03T07:00,-1.907,-1.286
2024-01-03T08:00,-2.087,-1.516
2024-01-03T09:00,-0.894,1.104
2024-01-03T10:00,-0.898,0.702
2024-01-03T11:00,0.505,-0.696
2024-01-03T12:00,-0.712,-1.599
2024-01-03T13:00,0.196,-1.598
2024-01-03T14:00,0.195,0.599
2024-01-03T15:00,0.309,-2.198
2024-01-03T16:00,-0.917,-2.390
2024-01-03T17:00,-0.198,-0.198
2024-01-03T18:00,0.900,0.000
2024-01-03T19:00,2.808,-1.493
2024-01-03T20:00,1.389,-1.207
2024-01-03T21:00,1.400,-0.510
2024-01-03T22:00,1.796,-1.305
2024-01-03T23:00,1.397,-1.608
2024-01-04T00:00,0.094,-1.798
2024-01-04T01:00,1.609,-0.892
2024-01-04T02:00,0.207,0.896
2024-01-04T03:00,0.201,0.298
2024-01-04T04:00,-0.099,0.099
2024-01-04T05:00,0.501,-0.097
2024-01-04T06:00,-0.299,-0.497
2024-01-04T07:00,-0.405,-0.701
2024-01-04T08:00,-0.201,0.298
2024-01-04T09:00,-0.399,0.895
2024-01-04T10:00,0.207,-0.896
2024-01-04T11:00,-0.794,-0.305
2024-01-04T12:00,-0.794,-0.305
2024-01-04T13:00,-2.301,-0.201
2024-01-04T14:00,-0.901,-1.695
2024-01-04T15:00,-0.405,-0.701
2024-01-04T16:00,-0.904,-1.392
2024-01-04T17:00,1.010,-1.292
2024-01-04T18:00,0.300,-1.896
2024-01-04T19:00,0.402,-1.403
2024-01-04T20:00,0.389,-2.206
2024-01-04T21:00,0.389,-2.003
2024-01-04T22:00,-0.201,-0.298
2024-01-04T23:00,0.603,-1.003
2024-01-05T00:00,-1.100,-0.799
2024-01-05T01:00,-1.596,-0.613
2024-01-05T02:00,-0.608,-1.194
2024-01-05T03:00,-0.896,-0.207
2024-01-05T04:00,-0.201,-0.702
2024-01-05T05:00,0.895,-0.604
2024-01-05T06:00,-1.896,-0.300
2024-01-05T07:00,-1.207,-1.389
2024-01-05T08:00,-1.001,-0.405
2024-01-05T09:00,0.000,-2.400
2024-01-05T10:00,-2.307,-0.794
2024-01-05T11:00,-2.504,-0.578
2024-01-05T12:00,-2.805,-0.295
2024-01-05T13:00,-1.697,-0.208
2024-01-05T14:00,-0.700,0.297
2024-01-05T15:00,-0.297,-0.700
2024-01-05T16:00,-0.208,1.697
2024-01-05T17:00,-0.499,0.901
2024-01-05T18:00,0.497,0.403
2024-01-05T19:00,1.102,0.689
2024-01-05T20:00,2.500,-0.219
2024-01-05T21:00,1.607,-0.491
2024-01-05T22:00,1.397,-1.608
2024-01-05T23:00,0.089,-1.698
2024-01-06T00:00,1.602,-1.494
2024-01-06T01:00,-1.299,-1.494
2024-01-06T02:00,-2.202,-0.508
2024-01-06T03:00,0.196,-1.598
2024-01-06T04:00,-1.301,-0.398
2024-01-06T05:00,0.499,0.901
2024-01-06T06:00,-0.099,0.703
2024-01-06T07:00,1.999,0.210
2024-01-06T08:00,-1.104,0.894
2024-01-06T09:00,-1.300,-0.000
2024-01-06T10:00,-1.400,0.510
2024-01-06T11:00,-0.904,1.392
2024-01-06T12:00,0.403,0.497
2024-01-06T13:00,0.497,0.403
2024-01-06T14:00,-0.198,0.796
2024-01-06T15:00,0.098,1.397
2024-01-06T16:00,0.204,0.401
2024-01-06T17:00,0.594,-1.399
2024-01-06T18:00,0.599,0.195
2024-01-06T19:00,0.793,-0.404
2024-01-06T20:00,0.694,-0.604
2024-01-06T21:00,-0.105,-1.195
2024-01-06T22:00,-0.399,-0.301
2024-01-06T23:00,1.504,1.793
2024-01-07T00:00,0.602,0.095
2024-01-07T01:00,1.704,0.300
2024-01-07T02:00,0.696,2.598
2024-01-07T03:00,0.174,4.997
2024-01-07T04:00,0.133,7.599
2024-01-07T05:00,0.174,4.997
2024-01-07T06:00,-0.168,4.797
2024-01-07T07:00,0.079,4.499
2024-01-07T08:00,0.189,3.605
2024-01-07T09:00,-0.000,5.000
2024-01-07T10:00,-0.503,4.099
2024-01-07T11:00,-0.273,3.900
2024-01-07T12:00,-2.199,0.800
2024-01-07T13:00,1.695,-0.901
2024-01-07T14:00,2.408,1.390
2024-01-07T15:00,2.086,-3.212
2024-01-07T16:00,1.387,-1.909
2024-01-07T17:00,1.608,-1.397
2024-01-07T18:00,0.501,-0.598
2024-01-07T19:00,0.906,-1.294
2024-01-07T20:00,1.493,-2.808
2024-01-07T21:00,0.615,-1.893
2024-01-07T22:00,1.008,-2.494
2024-01-07T23:00,0.594,-1.399
2024-01-08T00:00,-1.599,-0.712
2024-01-08T01:00,-2.604,0.182
2024-01-08T02:00,-3.299,-1.009
2024-01-08T03:00,-2.703,-1.498
2024-01-08T04:00,-2.608,-1.694
2024-01-08T05:00,-2.406,-0.782
2024-01-08T06:00,-2.105,-0.486
2024-01-08T07:00,-2.198,0.309
2024-01-08T08:00,-2.898,0.101
2024-01-08T09:00,-3.405,-0.178
2024-01-08T10:00,-2.596,-1.102
2024-01-08T11:00,-0.399,-1.601
2024-01-08T12:00,0.198,-0.796
2024-01-08T13:00,-0.702,0.201
2024-01-08T14:00,-0.399,-0.301
2024-01-08T15:00,-0.099,-0.099
2024-01-08T16:00,-0.806,2.101
2024-01-08T17:00,0.798,1.501
2024-01-08T18:00,1.113,1.589
2024-01-08T19:00,1.595,0.813
2024-01-08T20:00,1.397,-0.098
2024-01-08T21:00,0.597,0.403
2024-01-08T22:00,1.001,-0.195
2024-01-08T23:00,-1.105,0.492
2024-01-09T00:00,-0.794,-0.305
2024-01-09T01:00,-1.003,0.603
2024-01-09T02:00,-0.892,1.609
2024-01-09T03:00,-0.000,1.600
2024-01-09T04:00,-0.913,1.791
2024-01-09T05:00,-0.204,0.401
2024-01-09T06:00,-0.299,1.296
2024-01-09T07:00,0.700,0.297
2024-01-09T08:00,0.492,1.105
2024-01-09T09:00,1.499,1.499
2024-01-09T10:00,0.201,0.298
2024-01-09T11:00,0.098,-1.397
2024-01-09T12:00,1.203,-0.300
2024-01-09T13:00,0.000,-2.000
2024-01-09T14:00,-0.219,-2.500
2024-01-09T15:00,-0.997,-0.997
2024-01-09T16:00,-0.098,-2.798
2024-01-09T17:00,-1.113,-2.093
2024-01-09T18:00,0.488,-1.503
2024-01-09T19:00,0.099,-1.897
2024-01-09T20:00,0.904,-0.294
2024-01-09T21:00,-0.892,-1.609
2024-01-09T22:00,0.799,0.799
2024-01-09T23:00,-1.896,-0.805
2024-01-10T00:00,2.019,2.585
2024-01-10T01:00,3.604,1.383
2024-01-10T02:00,4.993,-1.622
2024-01-10T03:00,-1.001,-0.405
2024-01-10T04:00,-0.807,3.795
2024-01-10T05:00,-1.200,2.695
2024-01-10T06:00,0.112,1.596
2024-01-10T07:00,-0.604,0.895
2024-01-10T08:00,1.812,2.686
2024-01-10T09:00,2.995,1.210
2024-01-10T10:00,1.589,1.704
2024-01-10T11:00,-1.900,1.594
2024-01-10T12:00,-1.896,-0.300
2024-01-10T13:00,-1.007,1.492
2024-01-10T14:00,-1.125,3.092
2024-01-10T15:00,-1.409,2.089
2024-01-10T16:00,-0.492,1.105
2024-01-10T17:00,-0.105,0.995
2024-01-10T18:00,2.610,3.592
2024-01-10T19:00,2.555,6.020
2024-01-10T20:00,2.351,7.689
2024-01-10T21:00,1.618,6.491
2024-01-10T22:00,1.558,5.815
2024-01-10T23:00,2.799,3.997
2024-01-11T00:00,3.412,-1.970
2024-01-11T01:00,-0.389,2.206
2024-01-11T02:00,-1.100,-0.000
2024-01-11T03:00,-4.211,1.875
2024-01-11T04:00,-2.593,1.321
2024-01-11T05:00,-2.504,-0.578
2024-01-11T06:00,-0.894,-1.104
2024-01-11T07:00,-2.695,-2.106
2024-01-11T08:00,-0.999,1.802
2024-01-11T09:00,0.304,0.099
2024-01-11T10:00,-1.791,-0.913
2024-01-11T11:00,-3.605,-0.571
2024-01-11T12:00,-2.195,-1.217
2024-01-11T13:00,0.501,0.202
2024-01-11T14:00,-2.300,-0.000
2024-01-11T15:00,0.105,-1.195
2024-01-11T16:00,1.492,-1.208
2024-01-11T17:00,-0.099,0.398
2024-01-11T18:00,0.100,0.196
2024-01-11T19:00,1.204,0.695
2024-01-11T20:00,1.599,0.712
2024-01-11T21:00,0.896,-0.207
2024-01-11T22:00,0.501,-0.097
2024-01-11T23:00,-1.787,2.207
2024-01-12T00:00,-0.774,3.105
2024-01-12T01:00,-1.817,4.497
2024-01-12T02:00,-1.329,4.090
2024-01-12T03:00,-0.463,4.406
2024-01-12T04:00,1.015,4.394
2024-01-12T05:00,0.262,5.003
2024-01-12T06:00,0.455,5.200
2024-01-12T07:00,0.079,4.499
2024-01-12T08:00,-0.267,5.103
2024-01-12T09:00,-0.000,4.800
2024-01-12T10:00,-0.823,5.195
2024-01-12T11:00,-0.192,5.497
2024-01-12T12:00,-0.000,6.900
2024-01-12T13:00,-0.227,6.496
2024-01-12T14:00,0.105,5.999
2024-01-12T15:00,1.040,7.397
2024-01-12T16:00,0.559,8.000
2024-01-12T17:00,0.119,6.799
2024-01-12T18:00,-0.466,8.898
2024-01-12T19:00,4.495,2.809
2024-01-12T20:00,4.401,3.198
2024-01-12T21:00,5.792,3.619
2024-01-12T22:00,2.052,6.315
2024-01-12T23:00,1.553,7.307
2024-01-13T00:00,0.684,6.504
2024-01-13T01:00,0.798,6.501
2024-01-13T02:00,0.776,4.899
2024-01-13T03:00,2.394,4.907
2024-01-13T04:00,2.510,1.391
2024-01-13T05:00,-0.198,-0.796
2024-01-13T06:00,-1.003,1.195
2024-01-13T07:00,-2.202,-0.508
2024-01-13T08:00,-3.000,1.399
2024-01-13T09:00,-3.309,-1.988
2024-01-13T10:00,-3.482,-2.624
2024-01-13T11:00,-2.788,-3.208
2024-01-13T12:00,-3.211,-2.994
2024-01-13T13:00,-2.303,-0.283
2024-01-13T14:00,-3.699,2.996
2024-01-13T15:00,-0.618,4.397
2024-01-13T16:00,-0.101,2.898
2024-01-13T17:00,0.000,-0.100
2024-01-13T18:00,1.296,1.601
2024-01-13T19:00,1.595,0.813
2024-01-13T20:00,1.500,0.901
2024-01-13T21:00,1.301,0.398
2024-01-13T22:00,0.805,1.194
2024-01-13T23:00,0.794,0.305
2024-01-14T00:00,0.497,-0.299
2024-01-14T01:00,-0.904,-0.294
2024-01-14T02:00,0.508,1.197
2024-01-14T03:00,-1.399,0.713
2024-01-14T04:00,-0.689,1.102
2024-01-14T05:00,1.380,4.009
2024-01-14T06:00,-0.388,7.400
2024-01-14T07:00,-0.623,8.908
2024-01-14T08:00,-0.820,7.797
2024-01-14T09:00,0.908,7.394
2024-01-14T10:00,-0.956,6.803
2024-01-14T11:00,-1.468,6.906
2024-01-14T12:00,1.995,0.316
2024-01-14T13:00,-3.805,-0.199
2024-01-14T14:00,-2.510,-1.391
2024-01-14T15:00,-2.402,0.295
2024-01-14T16:00,-1.995,0.316
2024-01-14T17:00,1.298,-0.498
2024-01-14T18:00,0.793,0.404
2024-01-14T19:00,0.599,-0.195
2024-01-14T20:00,1.307,-0.695
2024-01-14T21:00,0.798,-1.501
2024-01-14T22:00,0.095,0.905
2024-01-14T23:00,-1.698,-0.089
2024-01-15T00:00,-0.602,0.799
2024-01-15T01:00,-1.099,-0.400
2024-01-15T02:00,-0.299,0.497
2024-01-15T03:00,-1.198,-0.389
2024-01-15T04:00,-2.683,2.022
2024-01-15T05:00,-1.399,-0.297
2024-01-15T06:00,-0.805,1.194
2024-01-15T07:00,-0.799,0.799
2024-01-15T08:00,-1.589,1.704
2024-01-15T09:00,-1.494,1.602
2024-01-15T10:00,-0.714,2.197
2024-01-15T11:00,-1.607,0.491
2024-01-15T12:00,-3.011,1.881
2024-01-15T13:00,-3.010,1.278
2024-01-15T14:00,-0.399,-0.301
2024-01-15T15:00,-2.692,1.617
2024-01-15T16:00,-0.305,0.794
2024-01-15T17:00,2.803,-0.196
2024-01-15T18:00,1.397,-1.303
2024-01-15T19:00,2.223,-2.384
2024-01-15T20:00,0.913,-1.791
2024-01-15T21:00,1.007,-1.492
2024-01-15T22:00,0.099,-0.804
2024-01-15T23:00,0.895,-0.604
2024-01-16T00:00,0.204,-0.401
2024-01-16T01:00,2.001,-0.891
2024-01-16T02:00,0.401,0.204
2024-01-16T03:00,-1.490,1.907
2024-01-16T04:00,-3.001,0.693
2024-01-16T05:00,-3.299,0.582
2024-01-16T06:00,-1.397,-0.098
2024-01-16T07:00,0.793,0.404
2024-01-16T08:00,-1.102,0.689
2024-01-16T09:00,-1.814,1.691
2024-01-16T10:00,-0.305,0.794
2024-01-16T11:00,-0.505,0.696
2024-01-16T12:00,-0.304,-0.099
2024-01-16T13:00,-0.607,1.502
2024-01-16T14:00,-1.302,1.093
2024-01-16T15:00,-0.497,0.299
2024-01-16T16:00,-0.105,1.195
2024-01-16T17:00,0.105,1.496
2024-01-16T18:00,0.099,0.398
2024-01-16T19:00,0.794,0.305
2024-01-16T20:00,0.796,0.198
2024-01-16T21:00,0.894,-1.104
2024-01-16T22:00,0.399,-0.895
2024-01-16T23:00,0.713,-1.399
2024-01-17T00:00,0.299,-1.296
2024-01-17T01:00,0.196,-1.598
2024-01-17T02:00,1.003,-0.603
2024-01-17T03:00,0.099,0.398
2024-01-17T04:00,0.497,0.403
2024-01-17T05:00,0.502,-0.502
2024-01-17T06:00,0.508,-2.202
2024-01-17T07:00,-0.399,-0.895
2024-01-17T08:00,-0.501,-0.598
2024-01-17T09:00,-0.486,-2.105
2024-01-17T10:00,1.099,-0.400
2024-01-17T11:00,0.606,-1.093
2024-01-17T12:00,1.397,-0.098
2024-01-17T13:00,-0.311,1.600
2024-01-17T14:00,0.380,2.400
2024-01-17T15:00,-1.399,0.297
2024-01-17T16:00,0.105,1.195
2024-01-17T17:00,-1.500,-0.901
2024-01-17T18:00,-0.119,-3.398
2024-01-17T19:00,3.527,-4.680
2024-01-17T20:00,-0.091,-1.297
2024-01-17T21:00,0.110,2.097
2024-01-17T22:00,-0.096,1.096
2024-01-17T23:00,0.403,0.497
2024-01-18T00:00,-1.093,1.505
2024-01-18T01:00,-1.278,3.010
2024-01-18T02:00,-2.681,3.311
2024-01-18T03:00,-1.508,3.092
2024-01-18T04:00,-0.691,1.898
2024-01-18T05:00,-0.909,2.796
2024-01-18T06:00,0.491,1.607
2024-01-18T07:00,-1.681,2.314
2024-01-18T08:00,-3.299,0.522
2024-01-18T09:00,-1.599,0.712
2024-01-18T10:00,-0.202,0.501
2024-01-18T11:00,-0.403,0.597
2024-01-18T12:00,-1.594,1.900
2024-01-18T13:00,-0.201,2.301
2024-01-18T14:00,-0.394,2.802
2024-01-18T15:00,-1.500,0.901
2024-01-18T16:00,-0.805,1.194
2024-01-18T17:00,-2.800,-0.000
2024-01-18T18:00,0.505,0.696
2024-01-18T19:00,-1.298,0.498
2024-01-18T20:00,0.799,1.100
2024-01-18T21:00,-0.000,1.400
2024-01-18T22:00,-0.189,1.800
2024-01-18T23:00,-1.302,2.004
2024-01-19T00:00,0.400,-1.099
2024-01-19T01:00,-0.501,0.598
2024-01-19T02:00,-0.403,-0.497
2024-01-19T03:00,0.099,0.398
2024-01-19T04:00,0.405,1.001
2024-01-19T05:00,-0.403,0.597
2024-01-19T06:00,-1.101,0.295
2024-01-19T07:00,-0.198,-0.198
2024-01-19T08:00,-0.602,-0.799
2024-01-19T09:00,0.196,-0.100
2024-01-19T10:00,-0.304,-0.995
2024-01-19T11:00,-0.301,-0.399
2024-01-19T12:00,0.105,-0.995
2024-01-19T13:00,-0.404,-0.793
2024-01-19T14:00,-0.995,-0.806
2024-01-19T15:00,-0.799,-1.100
2024-01-19T16:00,0.202,-0.501
2024-01-19T17:00,0.000,-0.200
2024-01-19T18:00,-1.399,-0.594
2024-01-19T19:00,-1.099,-0.400
2024-01-19T20:00,0.300,-1.203
2024-01-19T21:00,-1.003,-0.603
2024-01-19T22:00,-0.294,-0.904
2024-01-19T23:00,-1.204,0.695
2024-01-20T00:00,-0.198,-0.198
2024-01-20T01:00,-0.901,-0.499
2024-01-20T02:00,-0.403,-0.403
2024-01-20T03:00,-0.995,-0.105
2024-01-20T04:00,-0.403,0.597
2024-01-20T05:00,-1.403,-0.402
2024-01-20T06:00,-1.194,-0.805
2024-01-20T07:00,-1.282,-2.410
2024-01-20T08:00,-0.299,-0.497
2024-01-20T09:00,0.898,0.702
2024-01-20T10:00,0.112,-1.596
2024-01-20T11:00,-0.193,-2.202
2024-01-20T12:00,0.112,-1.596
2024-01-20T13:00,0.298,0.201
2024-01-20T14:00,0.204,0.401
2024-01-20T15:00,0.292,1.502
2024-01-20T16:00,-0.191,1.205
2024-01-20T17:00,-0.691,1.898
2024-01-20T18:00,1.288,-1.709
2024-01-20T19:00,0.402,-1.403
2024-01-20T20:00,1.192,1.112
2024-01-20T21:00,1.890,2.910
2024-01-20T22:00,1.615,3.996
2024-01-20T23:00,0.856,5.403
2024-01-21T00:00,1.496,0.105
2024-01-21T01:00,0.695,1.307
2024-01-21T02:00,-1.101,-0.295
2024-01-21T03:00,0.599,0.195
2024-01-21T04:00,0.000,-1.200
2024-01-21T05:00,-0.000,1.700
2024-01-21T06:00,-0.587,1.807
2024-01-21T07:00,-0.196,2.803
2024-01-21T08:00,0.201,2.301
2024-01-21T09:00,-0.300,1.203
2024-01-21T10:00,-0.097,0.501
2024-01-21T11:00,-0.682,3.208
2024-01-21T12:00,-1.105,0.492
2024-01-21T13:00,-0.813,1.595
2024-01-21T14:00,-0.492,1.105
2024-01-21T15:00,-0.000,1.400
2024-01-21T16:00,1.297,-0.091
2024-01-21T17:00,0.405,-0.701
2024-01-21T18:00,2.600,0.000
2024-01-21T19:00,0.299,-1.296
2024-01-21T20:00,-0.401,-0.204
2024-01-21T21:00,0.898,-0.702
2024-01-21T22:00,0.500,0.000
2024-01-21T23:00,1.202,-1.202
2024-01-22T00:00,1.294,-1.207
2024-01-22T01:00,0.099,-0.099
2024-01-22T02:00,0.797,-0.498
2024-01-22T03:00,0.297,0.297
2024-01-22T04:00,0.099,-0.099
2024-01-22T05:00,0.099,-0.398
2024-01-22T06:00,0.804,0.099
2024-01-22T07:00,0.297,-0.297
2024-01-22T08:00,-0.603,-1.003
2024-01-22T09:00,0.602,0.095
2024-01-22T10:00,1.103,0.194
2024-01-22T11:00,0.204,-0.401
2024-01-22T12:00,-1.210,-2.096
2024-01-22T13:00,0.689,-1.102
2024-01-22T14:00,0.304,-0.597
2024-01-22T15:00,0.301,-0.399
2024-01-22T16:00,-0.498,-1.298
2024-01-22T17:00,1.392,-0.904
2024-01-22T18:00,0.794,-2.307
2024-01-22T19:00,-0.702,-0.898
2024-01-22T20:00,0.399,-0.301
2024-01-22T21:00,0.895,-0.604
2024-01-22T22:00,1.713,1.489
2024-01-22T23:00,0.795,1.704
2024-01-23T00:00,0.603,-1.003
2024-01-23T01:00,0.099,0.398
2024-01-23T02:00,-0.000,0.500
2024-01-23T03:00,0.403,0.497
2024-01-23T04:00,0.105,1.195
2024-01-23T05:00,-0.000,1.100
2024-01-23T06:00,0.689,-1.706
2024-01-23T07:00,0.105,1.997
2024-01-23T08:00,-0.985,1.706
2024-01-23T09:00,0.000,-0.100
2024-01-23T10:00,-0.194,-1.103
2024-01-23T11:00,-1.096,-1.403
2024-01-23T12:00,0.099,-0.804
2024-01-23T13:00,0.803,0.892
2024-01-23T14:00,0.497,-0.403
2024-01-23T15:00,-0.105,0.995
2024-01-23T16:00,0.200,0.000
2024-01-23T17:00,0.500,0.000
2024-01-23T18:00,0.702,-0.898
2024-01-23T19:00,0.998,-0.508
2024-01-23T20:00,0.210,-1.495
2024-01-23T21:00,1.010,-1.292
2024-01-23T22:00,0.695,-1.204
2024-01-23T23:00,0.414,-1.793
2024-01-24T00:00,-0.196,-1.396
2024-01-24T01:00,-0.305,-0.794
2024-01-24T02:00,-0.403,-0.403
2024-01-24T03:00,0.597,-0.403
2024-01-24T04:00,-0.204,-0.401
2024-01-24T05:00,0.600,0.000
2024-01-24T06:00,0.995,0.105
2024-01-24T07:00,-0.602,-0.095
2024-01-24T08:00,-1.107,-0.997
2024-01-24T09:00,-0.586,-1.702
2024-01-24T10:00,1.093,-1.505
2024-01-24T11:00,-0.207,-0.896
2024-01-24T12:00,-0.602,-0.095
2024-01-24T13:00,1.103,0.194
2024-01-24T14:00,-0.196,-0.100
2024-01-24T15:00,1.197,0.508
2024-01-24T16:00,0.599,-0.195
2024-01-24T17:00,-0.389,1.198
2024-01-24T18:00,1.800,0.189
2024-01-24T19:00,0.594,1.399
2024-01-24T20:00,0.311,1.600
2024-01-24T21:00,1.208,1.492
2024-01-24T22:00,0.299,1.296
2024-01-24T23:00,0.794,0.305
2024-01-25T00:00,1.087,-1.809
2024-01-25T01:00,-0.191,-1.205
2024-01-25T02:00,-0.202,0.501
2024-01-25T03:00,-0.000,2.200
2024-01-25T04:00,-0.000,1.200
2024-01-25T05:00,1.101,0.295
2024-01-25T06:00,-0.597,0.403
2024-01-25T07:00,-0.099,0.099
2024-01-25T08:00,0.497,0.299
2024-01-25T09:00,0.601,-0.601
2024-01-25T10:00,0.196,-0.100
2024-01-25T11:00,0.401,-0.204
2024-01-25T12:00,0.998,0.508
2024-01-25T13:00,-0.292,-1.502
2024-01-25T14:00,0.904,-1.392
2024-01-25T15:00,-0.607,-1.502
2024-01-25T16:00,0.497,-0.403
2024-01-25T17:00,1.800,-0.189
2024-01-25T18:00,0.700,-0.700
2024-01-25T19:00,0.800,0.000
2024-01-25T20:00,1.096,-1.403
2024-01-25T21:00,0.604,-0.694
2024-01-25T22:00,0.402,-1.403
2024-01-25T23:00,-0.602,-0.799
2024-01-26T00:00,0.695,-1.307
2024-01-26T01:00,-0.901,-0.499
2024-01-26T02:00,0.510,-1.400
2024-01-26T03:00,-0.608,-1.194
2024-01-26T04:00,-0.488,-1.503
2024-01-26T05:00,0.000,-1.700
2024-01-26T06:00,0.401,-1.497
2024-01-26T07:00,0.805,-1.394
2024-01-26T08:00,0.586,-1.702
2024-01-26T09:00,1.383,-2.213
2024-01-26T10:00,0.486,-2.105
2024-01-26T11:00,0.603,-1.003
2024-01-26T12:00,-1.398,-1.499
2024-01-26T13:00,-1.504,-0.702
2024-01-26T14:00,-1.197,-0.508
2024-01-26T15:00,-0.401,-1.497
2024-01-26T16:00,-0.208,-1.697
2024-01-26T17:00,1.797,-1.404
2024-01-26T18:00,1.398,-1.499
2024-01-26T19:00,1.208,-1.492
2024-01-26T20:00,0.210,-1.495
2024-01-26T21:00,0.695,-1.307
2024-01-26T22:00,0.389,-1.198
2024-01-26T23:00,-0.299,-1.296
2024-01-27T00:00,0.300,-1.203
2024-01-27T01:00,-0.901,-0.499
2024-01-27T02:00,0.297,-0.700
2024-01-27T03:00,0.000,-0.100
2024-01-27T04:00,0.304,0.597
2024-01-27T05:00,-0.202,0.501
2024-01-27T06:00,-0.403,1.898
2024-01-27T07:00,0.510,1.400
2024-01-27T08:00,0.602,0.095
2024-01-27T09:00,-0.196,-0.100
2024-01-27T10:00,-0.404,-0.793
2024-01-27T11:00,0.804,-0.099
2024-01-27T12:00,-0.297,-0.297
2024-01-27T13:00,-0.892,-0.803
2024-01-27T14:00,0.297,-0.297
2024-01-27T15:00,-0.099,0.099
2024-01-27T16:00,0.000,-0.500
2024-01-27T17:00,0.597,-0.304
2024-01-27T18:00,1.607,-0.491
2024-01-27T19:00,0.300,0.000
2024-01-27T20:00,1.205,-0.191
2024-01-27T21:00,0.399,-0.895
2024-01-27T22:00,1.100,-1.905
2024-01-27T23:00,0.712,-1.599
2024-01-28T00:00,1.598,0.196
2024-01-28T01:00,-0.805,1.993
2024-01-28T02:00,0.498,1.298
2024-01-28T03:00,0.501,-0.097
2024-01-28T04:00,-0.389,1.198
2024-01-28T05:00,-0.206,1.304
2024-01-28T06:00,0.398,0.099
2024-01-28T07:00,-1.197,0.508
2024-01-28T08:00,-0.997,0.997
2024-01-28T09:00,-0.492,1.105
2024-01-28T10:00,0.805,1.194
2024-01-28T11:00,-0.307,2.501
2024-01-28T12:00,-0.598,-0.501
2024-01-28T13:00,-0.488,-1.503
2024-01-28T14:00,-0.501,-0.097
2024-01-28T15:00,-0.401,-0.204
2024-01-28T16:00,-0.195,-1.001
2024-01-28T17:00,0.800,-0.695
2024-01-28T18:00,0.793,0.404
2024-01-28T19:00,0.800,0.000
2024-01-28T20:00,0.800,0.000
2024-01-28T21:00,0.305,-0.794
2024-01-28T22:00,0.604,-1.296
2024-01-28T23:00,0.488,-1.701
2024-01-29T00:00,2.598,-0.411
2024-01-29T01:00,0.901,-1.500
2024-01-29T02:00,-0.201,-0.702
2024-01-29T03:00,0.497,-0.403
2024-01-29T04:00,-0.597,-0.403
2024-01-29T05:00,0.304,0.597
2024-01-29T06:00,-0.804,-0.099
2024-01-29T07:00,-1.800,-0.189
2024-01-29T08:00,0.000,-0.600
2024-01-29T09:00,-0.794,-0.305
2024-01-29T10:00,-0.401,0.204
2024-01-29T11:00,-0.501,0.202
2024-01-29T12:00,-1.099,-0.400
2024-01-29T13:00,-0.099,0.398
2024-01-29T14:00,-0.200,-0.000
2024-01-29T15:00,0.298,-0.201
2024-01-29T16:00,-0.099,-0.703
2024-01-29T17:00,0.304,0.099
2024-01-29T18:00,-0.100,0.196
2024-01-29T19:00,1.200,0.000
2024-01-29T20:00,1.298,-0.498
2024-01-29T21:00,0.805,-1.194
2024-01-29T22:00,0.891,-2.001
2024-01-29T23:00,1.117,-2.192
2024-01-30T00:00,1.204,-1.597
2024-01-30T01:00,0.285,-1.798
2024-01-30T02:00,0.105,-0.995
2024-01-30T03:00,-0.099,-0.099
2024-01-30T04:00,-0.301,0.399
2024-01-30T05:00,-0.202,0.501
2024-01-30T06:00,-1.096,0.096
2024-01-30T07:00,-0.100,-0.000
2024-01-30T08:00,0.000,-0.300
2024-01-30T09:00,0.299,-0.497
2024-01-30T10:00,-0.301,-0.399
2024-01-30T11:00,0.301,-0.399
2024-01-30T12:00,-0.597,-0.403
2024-01-30T13:00,-0.000,0.600
2024-01-30T14:00,-0.598,-0.501
2024-01-30T15:00,-1.001,-0.195
2024-01-30T16:00,-0.501,-0.598
2024-01-30T17:00,0.298,-0.201
2024-01-30T18:00,0.000,-1.000
2024-01-30T19:00,0.702,-0.898
2024-01-30T20:00,0.000,-2.000
2024-01-30T21:00,0.210,-1.495
2024-01-30T22:00,0.696,-0.505
2024-01-30T23:00,1.202,-1.202
2024-01-31T00:00,1.194,-0.608
2024-01-31T01:00,0.398,-1.301
2024-01-31T02:00,-0.095,-0.905
2024-01-31T03:00,0.298,-0.201
2024-01-31T04:00,-0.694,-0.604
2024-01-31T05:00,0.000,-0.800
2024-01-31T06:00,-0.896,0.207
2024-01-31T07:00,-0.702,-0.898
2024-01-31T08:00,0.100,-0.196
2024-01-31T09:00,0.099,-0.703
2024-01-31T10:00,0.195,-0.599
2024-01-31T11:00,-0.305,-0.794
2024-01-31T12:00,-1.093,-1.302
2024-01-31T13:00,0.000,0.000
2024-01-31T14:00,-0.491,-1.607
2024-01-31T15:00,0.098,-1.397
2024-01-31T16:00,-1.002,-1.603
2024-01-31T17:00,0.195,-1.001
2024-01-31T18:00,0.492,-1.105
2024-01-31T19:00,1.297,0.091
2024-01-31T20:00,3.104,4.601
2024-01-31T21:00,3.116,4.987
2024-01-31T22:00,2.718,4.185
2024-01-31T23:00,2.333,3.883
2024-02-01T00:00,0.698,4.405
2024-02-01T01:00,-0.196,2.803
2024-02-01T02:00,-2.563,4.821
2024-02-01T03:00,-0.827,3.893
2024-02-01T04:00,-0.196,1.396
2024-02-01T05:00,-0.219,2.500
2024-02-01T06:00,0.701,3.296
2024-02-01T07:00,-0.182,2.604
2024-02-01T08:00,0.000,-1.800
2024-02-01T09:00,0.300,1.203
2024-02-01T10:00,0.695,1.204
2024-02-01T11:00,-0.099,-0.304
2024-02-01T12:00,0.600,0.000
2024-02-01T13:00,-1.204,-1.597
2024-02-01T14:00,0.493,2.797
2024-02-01T15:00,0.891,2.001
2024-02-01T16:00,-0.401,1.497
2024-02-01T17:00,1.709,-1.288
2024-02-01T18:00,0.598,0.501
2024-02-01T19:00,1.473,5.909
2024-02-01T20:00,1.572,6.811
2024-02-01T21:00,0.391,5.596
2024-02-01T22:00,3.590,2.421
2024-02-01T23:00,0.497,0.403
2024-02-02T00:00,-2.095,4.705
2024-02-02T01:00,-2.709,5.095
2024-02-02T02:00,-0.885,2.306
2024-02-02T03:00,-0.691,1.898
2024-02-02T04:00,-1.692,3.800
2024-02-02T05:00,0.101,2.898
2024-02-02T06:00,-0.800,-0.695
2024-02-02T07:00,-0.702,-0.898
2024-02-02T08:00,-1.596,-0.613
2024-02-02T09:00,-0.304,-0.597
2024-02-02T10:00,0.702,-2.295
2024-02-02T11:00,-0.800,0.695
2024-02-02T12:00,1.392,0.904
2024-02-02T13:00,-0.000,1.400
2024-02-02T14:00,0.101,2.898
2024-02-02T15:00,-0.207,0.896
2024-02-02T16:00,1.207,1.389
2024-02-02T17:00,0.782,2.406
2024-02-02T18:00,0.998,0.508
2024-02-02T19:00,1.204,1.597
2024-02-02T20:00,2.099,0.891
2024-02-02T21:00,2.513,2.891
2024-02-02T22:00,0.824,2.697
2024-02-02T23:00,2.709,-1.380
2024-02-03T00:00,1.307,-0.695
2024-02-03T01:00,-0.304,0.099
2024-02-03T02:00,1.296,-0.604
2024-02-03T03:00,-1.497,-0.401
2024-02-03T04:00,-0.995,0.806
2024-02-03T05:00,-0.896,-0.207
2024-02-03T06:00,0.300,0.000
2024-02-03T07:00,-0.803,0.892
2024-02-03T08:00,-1.204,0.695
2024-02-03T09:00,-3.297,0.288
2024-02-03T10:00,-2.197,-0.115
2024-02-03T11:00,-3.200,0.507
2024-02-03T12:00,-3.105,0.774
2024-02-03T13:00,-3.710,1.575
2024-02-03T14:00,-3.000,1.399
2024-02-03T15:00,-3.296,0.701
2024-02-03T16:00,-3.003,0.476
2024-02-03T17:00,-2.004,-0.690
2024-02-03T18:00,-0.305,-0.794
2024-02-03T19:00,0.493,-2.797
2024-02-03T20:00,0.306,-3.497
2024-02-03T21:00,0.000,-3.700
2024-02-03T22:00,-0.491,-3.101
2024-02-03T23:00,2.500,-3.199
2024-02-04T00:00,-1.999,0.611
2024-02-04T01:00,-0.389,2.003
2024-02-04T02:00,-2.099,0.891
2024-02-04T03:00,0.089,1.698
2024-02-04T04:00,-0.389,1.198
2024-02-04T05:00,0.208,1.697
2024-02-04T06:00,-1.294,1.207
2024-02-04T07:00,-1.292,1.010
2024-02-04T08:00,-0.398,-1.301
2024-02-04T09:00,-1.798,0.094
2024-02-04T10:00,-1.798,0.094
2024-02-04T11:00,0.403,0.597
2024-02-04T12:00,-0.895,0.399
2024-02-04T13:00,0.401,0.204
2024-02-04T14:00,0.497,0.299
2024-02-04T15:00,1.403,-1.096
2024-02-04T16:00,0.399,-0.895
2024-02-04T17:00,0.905,0.095
2024-02-04T18:00,0.702,0.898
2024-02-04T19:00,1.192,1.112
2024-02-04T20:00,0.105,1.195
2024-02-04T21:00,1.494,1.602
2024-02-04T22:00,2.988,1.725
2024-02-04T23:00,1.796,1.305
2024-02-05T00:00,1.099,0.400
2024-02-05T01:00,-0.917,-2.390
2024-02-05T02:00,-1.787,-1.916
2024-02-05T03:00,-1.916,-1.787
2024-02-05T04:00,-0.399,0.301
2024-02-05T05:00,-2.234,-4.384
2024-02-05T06:00,0.000,-1.200
2024-02-05T07:00,0.601,-0.601
2024-02-05T08:00,0.985,-2.112
2024-02-05T09:00,1.307,-0.695
2024-02-05T10:00,0.799,1.100
2024-02-05T11:00,-1.093,6.904
2024-02-05T12:00,-1.473,5.909
2024-02-05T13:00,-1.219,7.694
2024-02-05T14:00,0.283,2.303
2024-02-05T15:00,0.089,5.099
2024-02-05T16:00,0.196,0.100
2024-02-05T17:00,1.441,7.411
2024-02-05T18:00,1.283,12.203
2024-02-05T19:00,2.172,6.307
2024-02-05T20:00,0.895,0.399
2024-02-05T21:00,2.683,2.416
2024-02-05T22:00,2.587,1.616
2024-02-05T23:00,1.823,3.289
2024-02-06T00:00,3.007,1.094
2024-02-06T01:00,0.571,3.605
2024-02-06T02:00,0.285,1.798
2024-02-06T03:00,-0.501,0.202
2024-02-06T04:00,1.600,0.311
2024-02-06T05:00,2.798,-0.098
2024-02-06T06:00,-1.307,-0.695
2024-02-06T07:00,0.105,1.195
2024-02-06T08:00,0.099,0.099
2024-02-06T09:00,1.793,0.414
2024-02-06T10:00,0.000,-0.100
2024-02-06T11:00,-0.105,1.195
2024-02-06T12:00,-0.099,-0.099
2024-02-06T13:00,-0.608,-1.194
2024-02-06T14:00,-0.408,-2.101
2024-02-06T15:00,-0.487,2.503
2024-02-06T16:00,0.399,-0.301
2024-02-06T17:00,0.701,-0.405
2024-02-06T18:00,1.704,0.795
2024-02-06T19:00,2.504,1.689
2024-02-06T20:00,1.475,5.506
2024-02-06T21:00,1.899,4.701
2024-02-06T22:00,0.799,0.602
2024-02-06T23:00,0.202,-0.501
2024-02-07T00:00,1.905,-1.100
2024-02-07T01:00,-0.084,-2.399
2024-02-07T02:00,-2.288,-2.209
2024-02-07T03:00,-0.597,0.304
2024-02-07T04:00,-1.396,-0.196
2024-02-07T05:00,0.622,3.200
2024-02-07T06:00,-0.161,4.597
2024-02-07T07:00,-0.590,2.202
2024-02-07T08:00,-1.663,5.117
2024-02-07T09:00,-1.944,5.982
2024-02-07T10:00,-0.599,5.699
2024-02-07T11:00,1.280,2.309
2024-02-07T12:00,-0.398,0.099
2024-02-07T13:00,-0.094,1.798
2024-02-07T14:00,0.800,0.000
2024-02-07T15:00,0.299,5.702
2024-02-07T16:00,1.109,5.703
2024-02-07T17:00,1.544,5.383
2024-02-07T18:00,2.618,4.189
2024-02-07T19:00,2.776,4.620
2024-02-07T20:00,3.212,4.587
2024-02-07T21:00,2.102,2.596
2024-02-07T22:00,0.219,2.500
2024-02-07T23:00,-1.823,3.289
2024-02-08T00:00,-0.800,2.199
2024-02-08T01:00,-1.297,0.091
2024-02-08T02:00,-1.595,0.813
2024-02-08T03:00,0.297,-0.297
2024-02-08T04:00,-0.508,-0.998
2024-02-08T05:00,-0.502,0.502
2024-02-08T06:00,0.501,-0.202
2024-02-08T07:00,0.604,0.895
2024-02-08T08:00,0.297,0.297
2024-02-08T09:00,0.311,1.600
2024-02-08T10:00,0.099,0.304
2024-02-08T11:00,0.898,0.702
2024-02-08T12:00,0.601,2.096
2024-02-08T13:00,1.193,-1.704
2024-02-08T14:00,0.184,-2.102
2024-02-08T15:00,0.000,-0.900
2024-02-08T16:00,-0.105,-0.995
2024-02-08T17:00,0.401,-0.204
2024-02-08T18:00,1.096,0.096
2024-02-08T19:00,1.502,-0.292
2024-02-08T20:00,2.306,0.885
2024-02-08T21:00,2.789,1.421
2024-02-08T22:00,1.897,0.099
2024-02-08T23:00,0.488,-1.503
2024-02-09T00:00,1.884,-2.411
2024-02-09T01:00,-0.224,-3.202
2024-02-09T02:00,-1.302,-1.093
2024-02-09T03:00,0.297,-0.700
2024-02-09T04:00,1.294,0.906
2024-02-09T05:00,0.285,-1.798
2024-02-09T06:00,-0.804,-0.099
2024-02-09T07:00,-0.096,-1.096
2024-02-09T08:00,0.401,-0.204
2024-02-09T09:00,0.903,1.003
2024-02-09T10:00,0.196,-1.396
2024-02-09T11:00,0.601,-2.096
2024-02-09T12:00,0.189,-2.703
2024-02-09T13:00,-0.600,-0.000
2024-02-09T14:00,-1.392,0.904
2024-02-09T15:00,-0.000,0.700
2024-02-09T16:00,-1.589,-1.113
2024-02-09T17:00,-1.796,1.305
2024-02-09T18:00,0.498,1.298
2024-02-09T19:00,-0.896,0.207
2024-02-09T20:00,0.904,0.294
2024-02-09T21:00,-0.099,-0.099
2024-02-09T22:00,-0.700,-0.700
2024-02-09T23:00,-1.298,-0.811
2024-02-10T00:00,-1.603,-1.002
2024-02-10T01:00,-1.302,-2.004
2024-02-10T02:00,-1.599,-0.712
2024-02-10T03:00,-2.800,-0.000
2024-02-10T04:00,-1.598,-0.196
2024-02-10T05:00,0.396,2.499
2024-02-10T06:00,0.097,-0.501
2024-02-10T07:00,0.799,-0.602
2024-02-10T08:00,0.304,-0.597
2024-02-10T09:00,0.403,-0.597
2024-02-10T10:00,0.497,-0.299
2024-02-10T11:00,-4.505,-0.474
2024-02-10T12:00,-4.704,-0.661
2024-02-10T13:00,-3.901,-0.479
2024-02-10T14:00,-3.706,-1.276
2024-02-10T15:00,-2.707,-1.094
2024-02-10T16:00,-0.110,-2.097
2024-02-10T17:00,-0.198,-0.796
2024-02-10T18:00,0.184,-2.102
2024-02-10T19:00,0.881,-2.711
2024-02-10T20:00,1.110,-2.494
2024-02-10T21:00,1.610,-2.789
2024-02-10T22:00,0.892,-2.207
2024-02-10T23:00,1.490,-1.907
2024-02-11T00:00,-0.880,-3.810
2024-02-11T01:00,-0.380,-2.703
2024-02-11T02:00,0.402,-1.403
2024-02-11T03:00,-0.604,-1.296
2024-02-11T04:00,-0.501,-0.598
2024-02-11T05:00,-0.298,-0.201
2024-02-11T06:00,0.297,-0.297
2024-02-11T07:00,-1.607,-0.491
2024-02-11T08:00,-1.203,0.300
2024-02-11T09:00,-2.600,0.319
2024-02-11T10:00,-2.402,-0.295
2024-02-11T11:00,-1.900,-0.000
2024-02-11T12:00,-1.800,0.189
2024-02-11T13:00,-3.202,0.224
2024-02-11T14:00,-2.805,-0.295
2024-02-11T15:00,0.184,2.102
2024-02-11T16:00,0.615,1.893
2024-02-11T17:00,-0.000,1.700
2024-02-11T18:00,-0.601,0.601
2024-02-11T19:00,-1.394,-0.805
2024-02-11T20:00,-0.603,-1.003
2024-02-11T21:00,-0.510,-1.400
2024-02-11T22:00,0.798,-1.501
2024-02-11T23:00,1.398,-1.499
2024-02-12T00:00,0.700,-0.700
2024-02-12T01:00,0.695,0.800
2024-02-12T02:00,0.895,0.399
2024-02-12T03:00,0.403,0.403
2024-02-12T04:00,0.901,0.499
2024-02-12T05:00,1.304,0.206
2024-02-12T06:00,0.703,0.099
2024-02-12T07:00,0.501,0.598
2024-02-12T08:00,0.202,0.501
2024-02-12T09:00,0.797,-0.498
2024-02-12T10:00,-0.097,0.501
2024-02-12T11:00,-0.204,0.401
2024-02-12T12:00,-0.813,-1.595
2024-02-12T13:00,0.700,-0.297
2024-02-12T14:00,-0.497,-0.299
2024-02-12T15:00,0.097,-0.501
2024-02-12T16:00,-0.097,0.501
2024-02-12T17:00,-0.297,0.700
2024-02-12T18:00,0.301,0.399
2024-02-12T19:00,0.796,0.198
2024-02-12T20:00,0.898,-0.702
2024-02-12T21:00,1.702,-0.586
2024-02-12T22:00,1.596,0.112
2024-02-12T23:00,1.607,0.491
2024-02-13T00:00,1.601,0.399
2024-02-13T01:00,0.401,1.497
2024-02-13T02:00,0.198,0.198
2024-02-13T03:00,-1.299,-1.494
2024-02-13T04:00,1.900,0.000
2024-02-13T05:00,-1.096,-0.096
2024-02-13T06:00,-0.398,-1.301
2024-02-13T07:00,0.800,-0.695
2024-02-13T08:00,-0.797,0.498
2024-02-13T09:00,-0.196,0.100
2024-02-13T10:00,0.198,-0.796
2024-02-13T11:00,1.399,-0.594
2024-02-13T12:00,-0.094,-1.798
2024-02-13T13:00,-0.305,0.794
2024-02-13T14:00,-2.191,-1.712
2024-02-13T15:00,-0.193,-2.202
2024-02-13T16:00,-0.105,-1.496
2024-02-13T17:00,0.599,0.195
2024-02-13T18:00,1.100,0.000
2024-02-13T19:00,1.609,-0.892
2024-02-13T20:00,1.706,-0.985
2024-02-13T21:00,1.505,-1.093
2024-02-13T22:00,3.418,2.576
2024-02-13T23:00,3.902,1.498
2024-02-14T00:00,3.595,-0.505
2024-02-14T01:00,0.794,-2.307
2024-02-14T02:00,1.101,0.295
2024-02-14T03:00,-0.000,0.300
2024-02-14T04:00,0.297,0.700
2024-02-14T05:00,0.695,-0.800
2024-02-14T06:00,1.103,0.194
2024-02-14T07:00,-2.299,-0.616
2024-02-14T08:00,0.404,-0.793
2024-02-14T09:00,-3.598,0.126
2024-02-14T10:00,-1.704,1.193
2024-02-14T11:00,-1.298,-0.811
2024-02-14T12:00,-1.280,2.309
2024-02-14T13:00,-0.000,0.300
2024-02-14T14:00,-0.210,1.999
2024-02-14T15:00,-1.600,-0.311
2024-02-14T16:00,0.794,-0.305
2024-02-14T17:00,1.797,1.404
2024-02-14T18:00,1.610,2.388
2024-02-14T19:00,2.112,2.187
2024-02-14T20:00,1.800,1.999
2024-02-14T21:00,2.102,2.596
2024-02-14T22:00,1.916,3.189
2024-02-14T23:00,1.775,5.805
2024-02-15T00:00,1.519,6.093
2024-02-15T01:00,0.675,4.803
2024-02-15T02:00,0.273,5.203
2024-02-15T03:00,1.988,3.309
2024-02-15T04:00,0.976,3.005
2024-02-15T05:00,0.894,4.206
2024-02-15T06:00,0.174,4.997
2024-02-15T07:00,0.913,4.294
2024-02-15T08:00,0.491,4.000
2024-02-15T09:00,0.168,4.797
2024-02-15T10:00,-0.098,5.599
2024-02-15T11:00,0.171,4.897
2024-02-15T12:00,0.778,7.399
2024-02-15T13:00,0.862,8.205
2024-02-15T14:00,-0.435,8.309
2024-02-15T15:00,0.988,5.604
2024-02-15T16:00,-0.288,5.502
2024-02-15T17:00,-0.856,5.403
2024-02-15T18:00,0.280,3.198
2024-02-15T19:00,-0.403,-0.597
2024-02-15T20:00,-1.101,-0.295
2024-02-15T21:00,-1.001,0.405
2024-02-15T22:00,-0.398,1.301
2024-02-15T23:00,-1.112,-1.192
2024-02-16T00:00,-2.598,-1.500
2024-02-16T01:00,-2.299,0.489
2024-02-16T02:00,-1.999,1.400
2024-02-16T03:00,0.995,0.806
2024-02-16T04:00,0.604,0.895
2024-02-16T05:00,-0.095,0.602
2024-02-16T06:00,-0.700,0.999
2024-02-16T07:00,-0.000,3.000
2024-02-16T08:00,-0.507,3.200
2024-02-16T09:00,-0.405,2.295
2024-02-16T10:00,-1.003,3.499
2024-02-16T11:00,-0.603,3.102
2024-02-16T12:00,0.173,3.305
2024-02-16T13:00,-1.003,0.603
2024-02-16T14:00,-0.813,1.595
2024-02-16T15:00,0.998,0.508
2024-02-16T16:00,-0.000,1.400
2024-02-16T17:00,1.987,2.207
2024-02-16T18:00,2.015,3.490
2024-02-16T19:00,3.025,4.485
2024-02-16T20:00,1.803,3.000
2024-02-16T21:00,-0.487,2.503
2024-02-16T22:00,3.104,-4.601
2024-02-16T23:00,1.601,0.399
2024-02-17T00:00,-2.397,0.598
2024-02-17T01:00,-2.000,-0.000
2024-02-17T02:00,0.215,-4.094
2024-02-17T03:00,0.095,-0.602
2024-02-17T04:00,-1.307,0.695
2024-02-17T05:00,-0.891,-2.001
2024-02-17T06:00,0.813,-1.595
2024-02-17T07:00,-0.510,-1.400
2024-02-17T08:00,-0.895,-0.399
2024-02-17T09:00,-0.099,0.304
2024-02-17T10:00,2.494,1.008
2024-02-17T11:00,-0.204,0.401
2024-02-17T12:00,0.193,2.202
2024-02-17T13:00,0.901,1.500
2024-02-17T14:00,1.205,4.201
2024-02-17T15:00,-0.500,-0.000
2024-02-17T16:00,-0.300,1.704
2024-02-17T17:00,-1.007,-1.492
2024-02-17T18:00,1.791,1.208
2024-02-17T19:00,0.793,0.404
2024-02-17T20:00,1.001,-0.195
2024-02-17T21:00,1.907,1.490
2024-02-17T22:00,0.210,1.495
2024-02-17T23:00,0.000,-0.100
2024-02-18T00:00,-1.197,0.508
2024-02-18T01:00,-1.609,-0.892
2024-02-18T02:00,-2.400,-0.380
2024-02-18T03:00,-3.305,-0.173
2024-02-18T04:00,-2.797,-0.493
2024-02-18T05:00,-1.494,-1.299
2024-02-18T06:00,-2.700,-0.000
2024-02-18T07:00,-1.207,-1.294
2024-02-18T08:00,-0.000,1.700
2024-02-18T09:00,0.501,-0.598
2024-02-18T10:00,-0.000,0.300
2024-02-18T11:00,-0.301,0.399
2024-02-18T12:00,1.301,1.301
2024-02-18T13:00,-0.801,-1.800
2024-02-18T14:00,-0.997,-1.107
2024-02-18T15:00,-0.000,3.600
2024-02-18T16:00,-0.311,1.600
2024-02-18T17:00,1.489,3.507
2024-02-18T18:00,0.830,3.595
2024-02-18T19:00,1.910,4.097
2024-02-18T20:00,3.020,6.193
2024-02-18T21:00,2.704,-4.500
2024-02-18T22:00,-1.589,-2.108
2024-02-18T23:00,-0.695,-1.204
2024-02-19T00:00,-0.400,-1.099
2024-02-19T01:00,-0.110,-2.097
2024-02-19T02:00,-2.112,-0.985
2024-02-19T03:00,-2.708,0.478
2024-02-19T04:00,-0.201,0.298
2024-02-19T05:00,-0.689,2.403
2024-02-19T06:00,0.700,0.999
2024-02-19T07:00,0.813,1.595
2024-02-19T08:00,-0.398,-1.301
2024-02-19T09:00,-0.404,-0.793
2024-02-19T10:00,-0.206,-1.304
2024-02-19T11:00,-0.305,0.794
2024-02-19T12:00,0.099,-0.398
2024-02-19T13:00,-0.604,-1.296
2024-02-19T14:00,-0.895,0.399
2024-02-19T15:00,1.599,0.712
2024-02-19T16:00,0.095,0.905
2024-02-19T17:00,1.609,0.892
2024-02-19T18:00,0.405,-1.001
2024-02-19T19:00,1.498,3.902
2024-02-19T20:00,2.721,3.483
2024-02-19T21:00,2.108,6.895
2024-02-19T22:00,2.334,4.580
2024-02-19T23:00,1.848,5.687
2024-02-20T00:00,1.064,4.609
2024-02-20T01:00,0.701,-3.296
2024-02-20T02:00,1.193,-1.704
2024-02-20T03:00,2.686,1.812
2024-02-20T04:00,-1.691,-1.814
2024-02-20T05:00,-0.389,-1.198
2024-02-20T06:00,1.205,-0.191
2024-02-20T07:00,-0.800,-0.000
2024-02-20T08:00,0.695,-1.204
2024-02-20T09:00,0.995,0.105
2024-02-20T10:00,0.196,0.100
2024-02-20T11:00,1.399,-0.297
2024-02-20T12:00,0.895,-0.604
2024-02-20T13:00,0.895,0.399
2024-02-20T14:00,0.813,1.595
2024-02-20T15:00,0.295,2.099
2024-02-20T16:00,0.604,-0.694
2024-02-20T17:00,2.401,0.210
2024-02-20T18:00,0.578,-2.504
2024-02-20T19:00,0.400,0.000
2024-02-20T20:00,3.792,1.610
2024-02-20T21:00,4.174,3.628
2024-02-20T22:00,2.081,2.311
2024-02-20T23:00,1.598,0.196
2024-02-21T00:00,-1.303,-1.397
2024-02-21T01:00,-1.706,-1.895
2024-02-21T02:00,0.299,-0.497
2024-02-21T03:00,-0.000,0.400
2024-02-21T04:00,-0.000,1.900
2024-02-21T05:00,-0.794,-0.305
2024-02-21T06:00,0.399,0.301
2024-02-21T07:00,0.590,4.199
2024-02-21T08:00,0.887,1.903
2024-02-21T09:00,1.698,-0.089
2024-02-21T10:00,-0.493,2.797
2024-02-21T11:00,-1.038,5.889
2024-02-21T12:00,-0.604,4.298
2024-02-21T13:00,-0.178,3.405
2024-02-21T14:00,-1.109,5.703
2024-02-21T15:00,-0.917,5.200
2024-02-21T16:00,2.112,-0.985
2024-02-21T17:00,0.717,-2.499
2024-02-21T18:00,2.122,-3.991
2024-02-21T19:00,2.994,-3.211
2024-02-21T20:00,1.480,-2.905
2024-02-21T21:00,0.602,-3.803
2024-02-21T22:00,0.873,-3.503
2024-02-21T23:00,0.095,-0.905
2024-02-22T00:00,1.105,-1.994
2024-02-22T01:00,-1.694,-1.100
2024-02-22T02:00,-2.004,-1.302
2024-02-22T03:00,-3.510,1.073
2024-02-22T04:00,-2.399,-0.084
2024-02-22T05:00,0.604,-1.296
2024-02-22T06:00,0.304,0.597
2024-02-22T07:00,-0.497,0.403
2024-02-22T08:00,0.497,0.299
2024-02-22T09:00,-0.099,-0.099
2024-02-22T10:00,-0.105,-1.195
2024-02-22T11:00,0.300,-1.203
2024-02-22T12:00,0.089,-1.698
2024-02-22T13:00,-0.105,0.995
2024-02-22T14:00,0.811,-1.298
2024-02-22T15:00,0.000,-0.300
2024-02-22T16:00,1.194,0.805
2024-02-22T17:00,0.501,-0.202
2024-02-22T18:00,1.105,0.492
2024-02-22T19:00,1.297,-0.091
2024-02-22T20:00,1.000,0.000
2024-02-22T21:00,1.296,-0.299
2024-02-22T22:00,1.003,-0.903
2024-02-22T23:00,0.198,-0.796
2024-02-23T00:00,0.399,-0.895
2024-02-23T01:00,0.603,-1.003
2024-02-23T02:00,-1.194,-0.608
2024-02-23T03:00,-0.895,0.399
2024-02-23T04:00,-2.299,-0.080
2024-02-23T05:00,-0.294,0.904
2024-02-23T06:00,-1.305,1.796
2024-02-23T07:00,-0.896,0.207
2024-02-23T08:00,-1.297,-0.091
2024-02-23T09:00,-0.000,0.100
2024-02-23T10:00,-0.195,1.001
2024-02-23T11:00,0.105,1.195
2024-02-23T12:00,-0.599,-0.195
2024-02-23T13:00,-0.599,-0.195
2024-02-23T14:00,0.000,0.000
2024-02-23T15:00,-0.198,0.796
2024-02-23T16:00,0.799,0.799
2024-02-23T17:00,0.405,1.001
2024-02-23T18:00,1.297,0.091
2024-02-23T19:00,1.705,0.394
2024-02-23T20:00,1.501,0.798
2024-02-23T21:00,1.001,0.405
2024-02-23T22:00,1.194,-0.608
2024-02-23T23:00,1.706,-0.985
2024-02-24T00:00,1.403,-0.402
2024-02-24T01:00,1.392,-1.011
2024-02-24T02:00,0.505,-0.696
2024-02-24T03:00,0.586,1.702
2024-02-24T04:00,0.292,1.502
2024-02-24T05:00,0.997,-1.107
2024-02-24T06:00,0.414,1.793
2024-02-24T07:00,0.405,0.701
2024-02-24T08:00,0.297,-0.297
2024-02-24T09:00,0.502,0.502
2024-02-24T10:00,0.702,0.201
2024-02-24T11:00,-0.204,-0.401
2024-02-24T12:00,-0.091,-1.297
2024-02-24T13:00,-0.603,-1.003
2024-02-24T14:00,-0.200,-0.000
2024-02-24T15:00,-0.700,-0.999
2024-02-24T16:00,-0.099,0.304
2024-02-24T17:00,0.398,-0.099
2024-02-24T18:00,0.905,0.095
2024-02-24T19:00,1.495,-0.210
2024-02-24T20:00,1.996,1.017
2024-02-24T21:00,2.600,-0.319
2024-02-24T22:00,2.605,1.000
2024-02-24T23:00,2.098,1.699
2024-02-25T00:00,2.201,1.599
2024-02-25T01:00,1.294,1.207
2024-02-25T02:00,1.400,0.000
2024-02-25T03:00,1.601,1.296
2024-02-25T04:00,0.895,0.399
2024-02-25T05:00,1.192,-1.112
2024-02-25T06:00,1.392,-1.011
2024-02-25T07:00,0.600,0.000
2024-02-25T08:00,0.095,-0.905
2024-02-25T09:00,0.696,0.505
2024-02-25T10:00,-0.499,0.901
2024-02-25T11:00,-0.201,-0.298
2024-02-25T12:00,-1.400,-0.000
2024-02-25T13:00,0.700,-0.999
2024-02-25T14:00,0.904,-0.294
2024-02-25T15:00,0.403,-0.597
2024-02-25T16:00,0.295,-1.101
2024-02-25T17:00,0.193,-2.202
2024-02-25T18:00,-0.200,-1.900
2024-02-25T19:00,1.704,1.193
2024-02-25T20:00,3.927,4.681
2024-02-25T21:00,4.003,4.293
2024-02-25T22:00,2.705,5.800
2024-02-25T23:00,2.293,4.701
2024-02-26T00:00,2.402,3.699
2024-02-26T01:00,1.092,3.807
2024-02-26T02:00,-0.576,4.100
2024-02-26T03:00,-0.873,4.108
2024-02-26T04:00,0.087,2.498
2024-02-26T05:00,0.584,3.004
2024-02-26T06:00,0.336,4.798
2024-02-26T07:00,0.490,5.599
2024-02-26T08:00,0.950,5.995
2024-02-26T09:00,1.187,6.106
2024-02-26T10:00,1.791,5.200
2024-02-26T11:00,0.934,5.298
2024-02-26T12:00,1.286,4.208
2024-02-26T13:00,1.179,5.106
2024-02-26T14:00,0.724,5.896
2024-02-26T15:00,1.145,5.890
2024-02-26T16:00,2.625,8.588
2024-02-26T17:00,2.671,6.611
2024-02-26T18:00,2.599,8.502
2024-02-26T19:00,2.989,7.399
2024-02-26T20:00,2.802,6.600
2024-02-26T21:00,4.186,4.815
2024-02-26T22:00,3.590,2.421
2024-02-26T23:00,4.582,4.425
2024-02-27T00:00,3.381,5.411
2024-02-27T01:00,1.395,5.206
2024-02-27T02:00,1.000,4.705
2024-02-27T03:00,3.327,4.579
2024-02-27T04:00,3.627,-5.586
2024-02-27T05:00,5.990,-4.514
2024-02-27T06:00,2.429,-4.382
2024-02-27T07:00,-0.108,-3.098
2024-02-27T08:00,-0.910,-2.500
2024-02-27T09:00,-1.420,-3.188
2024-02-27T10:00,-4.004,-1.301
2024-02-27T11:00,-2.892,1.807
2024-02-27T12:00,0.695,-1.204
2024-02-27T13:00,-1.909,1.387
2024-02-27T14:00,2.707,-1.094
2024-02-27T15:00,2.895,-1.605
2024-02-27T16:00,4.192,-1.609
2024-02-27T17:00,4.487,-2.914
2024-02-27T18:00,5.991,-3.321
2024-02-27T19:00,5.196,-3.000
2024-02-27T20:00,5.109,-2.169
2024-02-27T21:00,4.809,-2.889
2024-02-27T22:00,3.997,-2.216
2024-02-27T23:00,5.003,-0.262
2024-02-28T00:00,2.503,-1.504
2024-02-28T01:00,-0.000,0.300
2024-02-28T02:00,-2.892,1.807
2024-02-28T03:00,-2.397,2.397
2024-02-28T04:00,-2.091,3.101
2024-02-28T05:00,-0.900,3.897
2024-02-28T06:00,-1.890,2.508
2024-02-28T07:00,-2.681,3.311
2024-02-28T08:00,-2.994,0.802
2024-02-28T09:00,-1.908,1.192
2024-02-28T10:00,1.105,0.492
2024-02-28T11:00,0.805,1.194
2024-02-28T12:00,0.803,-0.892
2024-02-28T13:00,0.891,-2.099
2024-02-28T14:00,-0.200,-1.900
2024-02-28T15:00,-0.304,0.995
2024-02-28T16:00,-0.198,-0.198
2024-02-28T17:00,-0.000,0.400
2024-02-28T18:00,0.000,-0.500
2024-02-28T19:00,0.297,-0.700
2024-02-28T20:00,1.503,-0.488
2024-02-28T21:00,1.607,-0.491
2024-02-28T22:00,1.706,0.689
2024-02-28T23:00,1.601,1.296
2024-02-29T00:00,0.892,0.803
2024-02-29T01:00,0.904,-0.294
2024-02-29T02:00,0.100,-0.196
2024-02-29T03:00,-0.597,-0.304
2024-02-29T04:00,0.294,-0.904
2024-02-29T05:00,0.099,0.804
2024-02-29T06:00,0.099,-0.304
2024-02-29T07:00,-0.488,-1.701
2024-02-29T08:00,-0.194,-1.103
2024-02-29T09:00,0.099,-0.398
2024-02-29T10:00,-0.405,-0.701
2024-02-29T11:00,-0.981,-2.310
2024-02-29T12:00,0.700,-0.297
2024-02-29T13:00,0.000,-0.500
2024-02-29T14:00,-1.301,-1.301
2024-02-29T15:00,-0.595,-2.798
2024-02-29T16:00,-0.396,-2.499
2024-02-29T17:00,0.401,1.497
2024-02-29T18:00,2.591,6.103
2024-02-29T19:00,3.556,8.377
2024-02-29T20:00,3.953,8.880
2024-02-29T21:00,3.903,9.196
2024-02-29T22:00,3.295,7.400
2024-02-29T23:00,2.108,6.895
