time_stamp,pm2.5_atm
2023-10-01T00:00:00+00:00,1.2
2023-10-01T01:00:00+00:00,1.5
2023-10-01T02:00:00+00:00,2.0
2023-10-01T03:00:00+00:00,4.6
2023-10-01T04:00:00+00:00,6.0
2023-10-01T05:00:00+00:00,5.9
2023-10-01T06:00:00+00:00,6.8
2023-10-01T07:00:00+00:00,8.3
2023-10-01T08:00:00+00:00,22.1
2023-10-01T09:00:00+00:00,22.0
2023-10-01T10:00:00+00:00,15.5
2023-10-01T11:00:00+00:00,13.3
2023-10-01T12:00:00+00:00,14.6
2023-10-01T13:00:00+00:00,15.6
2023-10-01T14:00:00+00:00,17.0
2023-10-01T15:00:00+00:00,20.7
2023-10-01T16:00:00+00:00,18.1
2023-10-01T17:00:00+00:00,17.3
2023-10-01T18:00:00+00:00,16.9
2023-10-01T19:00:00+00:00,13.4
2023-10-01T20:00:00+00:00,11.1
2023-10-01T21:00:00+00:00,8.3
2023-10-01T22:00:00+00:00,6.5
2023-10-01T23:00:00+00:00,5.7
2023-10-02T00:00:00+00:00,5.4
2023-10-02T01:00:00+00:00,6.7
2023-10-02T02:00:00+00:00,11.9
2023-10-02T03:00:00+00:00,14.0
2023-10-02T04:00:00+00:00,12.8
2023-10-02T05:00:00+00:00,11.6
2023-10-02T06:00:00+00:00,10.0
2023-10-02T07:00:00+00:00,14.9
2023-10-02T08:00:00+00:00,15.2
2023-10-02T09:00:00+00:00,10.7
2023-10-02T10:00:00+00:00,9.4
2023-10-02T11:00:00+00:00,9.1
2023-10-02T12:00:00+00:00,9.5
2023-10-02T13:00:00+00:00,10.5
2023-10-02T14:00:00+00:00,12.7
2023-10-02T15:00:00+00:00,14.7
2023-10-02T16:00:00+00:00,18.2
2023-10-02T17:00:00+00:00,16.4
2023-10-02T18:00:00+00:00,13.5
2023-10-02T19:00:00+00:00,9.5
2023-10-02T20:00:00+00:00,6.7
2023-10-02T21:00:00+00:00,5.7
2023-10-02T22:00:00+00:00,5.3
2023-10-02T23:00:00+00:00,6.5
2023-10-03T00:00:00+00:00,5.4
2023-10-03T01:00:00+00:00,5.4
2023-10-03T02:00:00+00:00,7.9
2023-10-03T03:00:00+00:00,9.5
2023-10-03T04:00:00+00:00,7.8
2023-10-03T05:00:00+00:00,7.8
2023-10-03T06:00:00+00:00,8.4
2023-10-03T07:00:00+00:00,8.8
2023-10-03T08:00:00+00:00,9.2
2023-10-03T09:00:00+00:00,10.0
2023-10-03T10:00:00+00:00,10.7
2023-10-03T11:00:00+00:00,12.1
2023-10-03T12:00:00+00:00,14.7
2023-10-03T13:00:00+00:00,17.9
2023-10-03T14:00:00+00:00,21.4
2023-10-03T15:00:00+00:00,32.8
2023-10-03T16:00:00+00:00,26.4
2023-10-03T17:00:00+00:00,22.0
2023-10-03T18:00:00+00:00,19.5
2023-10-03T19:00:00+00:00,16.0
2023-10-03T20:00:00+00:00,14.9
2023-10-03T21:00:00+00:00,9.6
2023-10-03T22:00:00+00:00,7.2
2023-10-03T23:00:00+00:00,6.7
2023-10-04T00:00:00+00:00,7.8
2023-10-04T01:00:00+00:00,8.6
2023-10-04T02:00:00+00:00,10.7
2023-10-04T03:00:00+00:00,13.1
2023-10-04T04:00:00+00:00,13.9
2023-10-04T05:00:00+00:00,14.8
2023-10-04T06:00:00+00:00,15.5
2023-10-04T07:00:00+00:00,15.6
2023-10-04T08:00:00+00:00,16.2
2023-10-04T09:00:00+00:00,17.8
2023-10-04T10:00:00+00:00,17.2
2023-10-04T11:00:00+00:00,18.6
2023-10-04T12:00:00+00:00,18.2
2023-10-04T13:00:00+00:00,17.5
2023-10-04T14:00:00+00:00,17.7
2023-10-04T15:00:00+00:00,21.4
2023-10-04T16:00:00+00:00,21.6
2023-10-04T17:00:00+00:00,19.4
2023-10-04T18:00:00+00:00,19.3
2023-10-04T19:00:00+00:00,14.1
2023-10-04T20:00:00+00:00,12.3
2023-10-04T21:00:00+00:00,9.8
2023-10-04T22:00:00+00:00,6.5
2023-10-04T23:00:00+00:00,6.4
2023-10-05T00:00:00+00:00,6.0
2023-10-05T01:00:00+00:00,7.2
2023-10-05T02:00:00+00:00,8.8
2023-10-05T03:00:00+00:00,11.4
2023-10-05T04:00:00+00:00,12.9
2023-10-05T05:00:00+00:00,14.4
2023-10-05T06:00:00+00:00,15.3
2023-10-05T07:00:00+00:00,14.6
2023-10-05T08:00:00+00:00,14.2
2023-10-05T09:00:00+00:00,16.4
2023-10-05T10:00:00+00:00,18.4
2023-10-05T11:00:00+00:00,17.4
2023-10-05T12:00:00+00:00,16.7
2023-10-05T13:00:00+00:00,16.1
2023-10-05T14:00:00+00:00,15.2
2023-10-05T15:00:00+00:00,16.5
2023-10-05T16:00:00+00:00,20.0
2023-10-05T17:00:00+00:00,17.6
2023-10-05T18:00:00+00:00,14.8
2023-10-05T19:00:00+00:00,17.0
2023-10-05T20:00:00+00:00,16.1
2023-10-05T21:00:00+00:00,10.3
2023-10-05T22:00:00+00:00,6.9
2023-10-05T23:00:00+00:00,7.8
2023-10-06T00:00:00+00:00,8.5
2023-10-06T01:00:00+00:00,9.2
2023-10-06T02:00:00+00:00,12.2
2023-10-06T03:00:00+00:00,15.8
2023-10-06T04:00:00+00:00,17.1
2023-10-06T05:00:00+00:00,14.7
2023-10-06T06:00:00+00:00,16.2
2023-10-06T07:00:00+00:00,19.2
2023-10-06T08:00:00+00:00,20.9
2023-10-06T09:00:00+00:00,18.4
2023-10-06T10:00:00+00:00,18.2
2023-10-06T11:00:00+00:00,17.3
2023-10-06T12:00:00+00:00,18.1
2023-10-06T13:00:00+00:00,17.3
2023-10-06T14:00:00+00:00,18.0
2023-10-06T15:00:00+00:00,25.4
2023-10-06T16:00:00+00:00,27.1
2023-10-06T17:00:00+00:00,21.0
2023-10-06T18:00:00+00:00,21.3
2023-10-06T19:00:00+00:00,21.1
2023-10-06T20:00:00+00:00,22.4
2023-10-06T21:00:00+00:00,19.5
2023-10-06T22:00:00+00:00,13.1
2023-10-06T23:00:00+00:00,10.2
2023-10-07T00:00:00+00:00,7.9
2023-10-07T01:00:00+00:00,7.3
2023-10-07T02:00:00+00:00,10.0
2023-10-07T03:00:00+00:00,15.8
2023-10-07T04:00:00+00:00,20.5
2023-10-07T05:00:00+00:00,21.3
2023-10-07T06:00:00+00:00,22.5
2023-10-07T07:00:00+00:00,23.6
2023-10-07T08:00:00+00:00,27.1
2023-10-07T09:00:00+00:00,28.5
2023-10-07T10:00:00+00:00,27.6
2023-10-07T11:00:00+00:00,28.7
2023-10-07T12:00:00+00:00,29.9
2023-10-07T13:00:00+00:00,30.4
2023-10-07T14:00:00+00:00,30.4
2023-10-07T15:00:00+00:00,41.9
2023-10-07T16:00:00+00:00,51.9
2023-10-07T17:00:00+00:00,30.9
2023-10-07T18:00:00+00:00,30.0
2023-10-07T19:00:00+00:00,30.6
2023-10-07T20:00:00+00:00,15.1
2023-10-07T21:00:00+00:00,13.4
2023-10-07T22:00:00+00:00,15.0
2023-10-07T23:00:00+00:00,15.0
2023-10-08T00:00:00+00:00,14.2
2023-10-08T01:00:00+00:00,15.9
2023-10-08T02:00:00+00:00,19.1
2023-10-08T03:00:00+00:00,22.9
2023-10-08T04:00:00+00:00,26.8
2023-10-08T05:00:00+00:00,27.6
2023-10-08T06:00:00+00:00,30.1
2023-10-08T07:00:00+00:00,31.3
2023-10-08T08:00:00+00:00,31.3
2023-10-08T09:00:00+00:00,31.9
2023-10-08T10:00:00+00:00,29.5
2023-10-08T11:00:00+00:00,29.5
2023-10-08T12:00:00+00:00,30.5
2023-10-08T13:00:00+00:00,33.2
2023-10-08T14:00:00+00:00,35.2
2023-10-08T15:00:00+00:00,39.9
2023-10-08T16:00:00+00:00,27.8
2023-10-08T17:00:00+00:00,20.7
2023-10-08T18:00:00+00:00,21.8
2023-10-08T19:00:00+00:00,23.6
2023-10-08T20:00:00+00:00,19.6
2023-10-08T21:00:00+00:00,16.8
2023-10-08T22:00:00+00:00,16.4
2023-10-08T23:00:00+00:00,15.2
2023-10-09T00:00:00+00:00,13.8
2023-10-09T01:00:00+00:00,15.4
2023-10-09T02:00:00+00:00,19.0
2023-10-09T03:00:00+00:00,18.5
2023-10-09T04:00:00+00:00,10.7
2023-10-09T05:00:00+00:00,13.1
2023-10-09T06:00:00+00:00,16.0
2023-10-09T07:00:00+00:00,17.4
2023-10-09T08:00:00+00:00,17.9
2023-10-09T09:00:00+00:00,15.8
2023-10-09T10:00:00+00:00,19.1
2023-10-09T11:00:00+00:00,20.9
2023-10-09T12:00:00+00:00,22.7
2023-10-09T13:00:00+00:00,23.0
2023-10-09T14:00:00+00:00,22.3
2023-10-09T15:00:00+00:00,20.6
2023-10-09T16:00:00+00:00,27.7
2023-10-09T17:00:00+00:00,30.5
2023-10-09T18:00:00+00:00,20.2
2023-10-09T19:00:00+00:00,18.9
2023-10-09T20:00:00+00:00,14.3
2023-10-09T21:00:00+00:00,12.6
2023-10-09T22:00:00+00:00,9.4
2023-10-09T23:00:00+00:00,9.6
2023-10-10T00:00:00+00:00,8.3
2023-10-10T01:00:00+00:00,8.0
2023-10-10T02:00:00+00:00,7.9
2023-10-10T03:00:00+00:00,6.4
2023-10-10T04:00:00+00:00,4.7
2023-10-10T05:00:00+00:00,4.6
2023-10-10T06:00:00+00:00,5.0
2023-10-10T07:00:00+00:00,6.1
2023-10-10T08:00:00+00:00,6.5
2023-10-10T09:00:00+00:00,6.6
2023-10-10T10:00:00+00:00,6.5
2023-10-10T11:00:00+00:00,7.1
2023-10-10T12:00:00+00:00,8.0
2023-10-10T13:00:00+00:00,8.0
2023-10-10T14:00:00+00:00,10.2
2023-10-10T15:00:00+00:00,16.5
2023-10-10T16:00:00+00:00,17.1
2023-10-10T17:00:00+00:00,10.5
2023-10-10T18:00:00+00:00,5.9
2023-10-10T19:00:00+00:00,3.4
2023-10-10T20:00:00+00:00,3.4
2023-10-10T21:00:00+00:00,4.1
2023-10-10T22:00:00+00:00,3.4
2023-10-10T23:00:00+00:00,2.9
2023-10-11T00:00:00+00:00,6.9
2023-10-11T01:00:00+00:00,4.7
2023-10-11T02:00:00+00:00,4.0
2023-10-11T03:00:00+00:00,2.9
2023-10-11T04:00:00+00:00,3.3
2023-10-11T05:00:00+00:00,3.2
2023-10-11T06:00:00+00:00,3.3
2023-10-11T07:00:00+00:00,2.7
2023-10-11T08:00:00+00:00,1.9
2023-10-11T09:00:00+00:00,3.2
2023-10-11T10:00:00+00:00,3.6
2023-10-11T11:00:00+00:00,3.9
2023-10-11T12:00:00+00:00,4.7
2023-10-11T13:00:00+00:00,5.5
2023-10-11T14:00:00+00:00,6.2
2023-10-11T15:00:00+00:00,6.3
2023-10-11T16:00:00+00:00,4.8
2023-10-11T17:00:00+00:00,4.3
2023-10-11T18:00:00+00:00,3.3
2023-10-11T19:00:00+00:00,3.2
2023-10-11T20:00:00+00:00,3.0
2023-10-11T21:00:00+00:00,2.4
2023-10-11T22:00:00+00:00,2.5
2023-10-11T23:00:00+00:00,2.4
2023-10-12T00:00:00+00:00,2.1
2023-10-12T01:00:00+00:00,2.7
2023-10-12T02:00:00+00:00,3.2
2023-10-12T03:00:00+00:00,2.4
2023-10-12T04:00:00+00:00,2.8
2023-10-12T05:00:00+00:00,4.1
2023-10-12T06:00:00+00:00,8.7
2023-10-12T07:00:00+00:00,3.1
2023-10-12T08:00:00+00:00,9.4
2023-10-12T09:00:00+00:00,11.7
2023-10-12T10:00:00+00:00,10.0
2023-10-12T11:00:00+00:00,8.5
2023-10-12T12:00:00+00:00,8.7
2023-10-12T13:00:00+00:00,8.4
2023-10-12T14:00:00+00:00,9.8
2023-10-12T15:00:00+00:00,13.1
2023-10-12T16:00:00+00:00,13.6
2023-10-12T17:00:00+00:00,14.3
2023-10-12T18:00:00+00:00,10.2
2023-10-12T19:00:00+00:00,8.0
2023-10-12T20:00:00+00:00,7.7
2023-10-12T21:00:00+00:00,6.3
2023-10-12T22:00:00+00:00,5.3
2023-10-12T23:00:00+00:00,5.2
2023-10-13T00:00:00+00:00,5.3
2023-10-13T01:00:00+00:00,6.3
2023-10-13T02:00:00+00:00,7.9
2023-10-13T03:00:00+00:00,9.9
2023-10-13T04:00:00+00:00,11.1
2023-10-13T05:00:00+00:00,11.9
2023-10-13T06:00:00+00:00,12.4
2023-10-13T07:00:00+00:00,13.0
2023-10-13T08:00:00+00:00,12.8
2023-10-13T09:00:00+00:00,12.4
2023-10-13T10:00:00+00:00,12.4
2023-10-13T11:00:00+00:00,11.8
2023-10-13T12:00:00+00:00,11.6
2023-10-13T13:00:00+00:00,11.5
2023-10-13T14:00:00+00:00,11.5
2023-10-13T15:00:00+00:00,13.6
2023-10-13T16:00:00+00:00,25.4
2023-10-13T17:00:00+00:00,32.0
2023-10-13T18:00:00+00:00,21.9
2023-10-13T19:00:00+00:00,11.9
2023-10-13T20:00:00+00:00,9.6
2023-10-13T21:00:00+00:00,7.6
2023-10-13T22:00:00+00:00,6.5
2023-10-13T23:00:00+00:00,5.4
2023-10-14T00:00:00+00:00,4.2
2023-10-14T01:00:00+00:00,9.4
2023-10-14T02:00:00+00:00,10.8
2023-10-14T03:00:00+00:00,18.7
2023-10-14T04:00:00+00:00,19.7
2023-10-14T05:00:00+00:00,14.5
2023-10-14T06:00:00+00:00,15.1
2023-10-14T07:00:00+00:00,14.7
2023-10-14T08:00:00+00:00,15.2
2023-10-14T09:00:00+00:00,13.4
2023-10-14T10:00:00+00:00,14.0
2023-10-14T11:00:00+00:00,15.4
2023-10-14T12:00:00+00:00,16.8
2023-10-14T13:00:00+00:00,19.6
2023-10-14T14:00:00+00:00,19.8
2023-10-14T15:00:00+00:00,21.1
2023-10-14T16:00:00+00:00,20.8
2023-10-14T17:00:00+00:00,25.2
2023-10-14T18:00:00+00:00,27.1
2023-10-14T19:00:00+00:00,27.2
2023-10-14T20:00:00+00:00,13.1
2023-10-14T21:00:00+00:00,5.7
2023-10-14T22:00:00+00:00,4.9
2023-10-14T23:00:00+00:00,5.0
2023-10-15T00:00:00+00:00,4.7
2023-10-15T01:00:00+00:00,5.6
2023-10-15T02:00:00+00:00,10.3
2023-10-15T03:00:00+00:00,13.8
2023-10-15T04:00:00+00:00,14.4
2023-10-15T05:00:00+00:00,10.6
2023-10-15T06:00:00+00:00,12.4
2023-10-15T07:00:00+00:00,14.0
2023-10-15T08:00:00+00:00,12.8
2023-10-15T09:00:00+00:00,12.1
2023-10-15T10:00:00+00:00,14.0
2023-10-15T11:00:00+00:00,16.1
2023-10-15T12:00:00+00:00,16.9
2023-10-15T13:00:00+00:00,17.7
2023-10-15T14:00:00+00:00,24.6
2023-10-15T15:00:00+00:00,19.5
2023-10-15T16:00:00+00:00,17.5
2023-10-15T17:00:00+00:00,25.4
2023-10-15T18:00:00+00:00,21.4
2023-10-15T19:00:00+00:00,20.1
2023-10-15T20:00:00+00:00,16.2
2023-10-15T21:00:00+00:00,11.5
2023-10-15T22:00:00+00:00,9.4
2023-10-15T23:00:00+00:00,9.5
2023-10-16T00:00:00+00:00,7.9
2023-10-16T01:00:00+00:00,7.5
2023-10-16T02:00:00+00:00,11.8
2023-10-16T03:00:00+00:00,12.0
2023-10-16T04:00:00+00:00,12.6
2023-10-16T05:00:00+00:00,14.0
2023-10-16T06:00:00+00:00,14.1
2023-10-16T07:00:00+00:00,12.4
2023-10-16T08:00:00+00:00,14.2
2023-10-16T09:00:00+00:00,16.0
2023-10-16T10:00:00+00:00,15.3
2023-10-16T11:00:00+00:00,15.8
2023-10-16T12:00:00+00:00,15.4
2023-10-16T13:00:00+00:00,16.6
2023-10-16T14:00:00+00:00,25.1
2023-10-16T15:00:00+00:00,32.0
2023-10-16T16:00:00+00:00,32.3
2023-10-16T17:00:00+00:00,25.4
2023-10-16T18:00:00+00:00,17.4
2023-10-16T19:00:00+00:00,23.6
2023-10-16T20:00:00+00:00,14.3
2023-10-16T21:00:00+00:00,7.3
2023-10-16T22:00:00+00:00,6.2
2023-10-16T23:00:00+00:00,5.9
2023-10-17T00:00:00+00:00,4.5
2023-10-17T01:00:00+00:00,5.6
2023-10-17T02:00:00+00:00,5.9
2023-10-17T03:00:00+00:00,3.7
2023-10-17T04:00:00+00:00,1.9
2023-10-17T05:00:00+00:00,2.2
2023-10-17T06:00:00+00:00,1.9
2023-10-17T07:00:00+00:00,1.1
2023-10-17T08:00:00+00:00,1.1
2023-10-17T09:00:00+00:00,1.5
2023-10-17T10:00:00+00:00,3.1
2023-10-17T11:00:00+00:00,4.1
2023-10-17T12:00:00+00:00,4.3
2023-10-17T13:00:00+00:00,4.5
2023-10-17T14:00:00+00:00,5.7
2023-10-17T15:00:00+00:00,8.4
2023-10-17T16:00:00+00:00,9.5
2023-10-17T17:00:00+00:00,14.8
2023-10-17T18:00:00+00:00,18.4
2023-10-17T19:00:00+00:00,19.1
2023-10-17T20:00:00+00:00,21.3
2023-10-17T21:00:00+00:00,26.8
2023-10-17T22:00:00+00:00,26.7
2023-10-17T23:00:00+00:00,25.4
2023-10-18T00:00:00+00:00,27.0
2023-10-18T01:00:00+00:00,28.7
2023-10-18T02:00:00+00:00,31.2
2023-10-18T03:00:00+00:00,32.4
2023-10-18T04:00:00+00:00,34.0
2023-10-18T05:00:00+00:00,34.4
2023-10-18T06:00:00+00:00,33.9
2023-10-18T07:00:00+00:00,33.0
2023-10-18T08:00:00+00:00,32.1
2023-10-18T09:00:00+00:00,30.9
2023-10-18T10:00:00+00:00,30.1
2023-10-18T11:00:00+00:00,29.7
2023-10-18T12:00:00+00:00,28.0
2023-10-18T13:00:00+00:00,25.3
2023-10-18T14:00:00+00:00,24.9
2023-10-18T15:00:00+00:00,25.8
2023-10-18T16:00:00+00:00,31.2
2023-10-18T17:00:00+00:00,28.6
2023-10-18T18:00:00+00:00,18.9
2023-10-18T19:00:00+00:00,15.8
2023-10-18T20:00:00+00:00,19.6
2023-10-18T21:00:00+00:00,21.5
2023-10-18T22:00:00+00:00,22.1
2023-10-18T23:00:00+00:00,23.4
2023-10-19T00:00:00+00:00,19.2
2023-10-19T01:00:00+00:00,21.3
2023-10-19T02:00:00+00:00,27.3
2023-10-19T03:00:00+00:00,31.7
2023-10-19T04:00:00+00:00,30.8
2023-10-19T05:00:00+00:00,29.2
2023-10-19T06:00:00+00:00,27.2
2023-10-19T07:00:00+00:00,26.6
2023-10-19T08:00:00+00:00,25.7
2023-10-19T09:00:00+00:00,25.2
2023-10-19T10:00:00+00:00,25.6
2023-10-19T11:00:00+00:00,25.7
2023-10-19T12:00:00+00:00,27.3
2023-10-19T13:00:00+00:00,33.4
2023-10-19T14:00:00+00:00,41.7
2023-10-19T15:00:00+00:00,50.7
2023-10-19T16:00:00+00:00,60.7
2023-10-19T17:00:00+00:00,59.7
2023-10-19T18:00:00+00:00,44.7
2023-10-19T19:00:00+00:00,32.6
2023-10-19T20:00:00+00:00,31.1
2023-10-19T21:00:00+00:00,29.1
2023-10-19T22:00:00+00:00,27.1
2023-10-19T23:00:00+00:00,27.8
2023-10-20T00:00:00+00:00,29.3
2023-10-20T01:00:00+00:00,29.9
2023-10-20T02:00:00+00:00,33.1
2023-10-20T03:00:00+00:00,35.2
2023-10-20T04:00:00+00:00,35.9
2023-10-20T05:00:00+00:00,39.2
2023-10-20T06:00:00+00:00,39.3
2023-10-20T07:00:00+00:00,37.8
2023-10-20T08:00:00+00:00,38.2
2023-10-20T09:00:00+00:00,43.4
2023-10-20T10:00:00+00:00,43.2
2023-10-20T11:00:00+00:00,43.7
2023-10-20T12:00:00+00:00,44.5
2023-10-20T13:00:00+00:00,44.5
2023-10-20T14:00:00+00:00,45.1
2023-10-20T15:00:00+00:00,37.9
2023-10-20T16:00:00+00:00,40.7
2023-10-20T17:00:00+00:00,41.8
2023-10-20T18:00:00+00:00,40.3
2023-10-20T19:00:00+00:00,34.8
2023-10-20T20:00:00+00:00,36.0
2023-10-20T21:00:00+00:00,33.0
2023-10-20T22:00:00+00:00,24.9
2023-10-20T23:00:00+00:00,20.4
2023-10-21T00:00:00+00:00,19.8
2023-10-21T01:00:00+00:00,23.3
2023-10-21T02:00:00+00:00,25.9
2023-10-21T03:00:00+00:00,29.4
2023-10-21T04:00:00+00:00,32.2
2023-10-21T05:00:00+00:00,37.6
2023-10-21T06:00:00+00:00,40.3
2023-10-21T07:00:00+00:00,42.1
2023-10-21T08:00:00+00:00,37.5
2023-10-21T09:00:00+00:00,34.1
2023-10-21T10:00:00+00:00,27.5
2023-10-21T11:00:00+00:00,20.8
2023-10-21T12:00:00+00:00,15.9
2023-10-21T13:00:00+00:00,14.2
2023-10-21T14:00:00+00:00,13.0
2023-10-21T15:00:00+00:00,11.9
2023-10-21T16:00:00+00:00,11.7
2023-10-21T17:00:00+00:00,12.9
2023-10-21T18:00:00+00:00,14.4
2023-10-21T19:00:00+00:00,14.1
2023-10-21T20:00:00+00:00,14.3
2023-10-21T21:00:00+00:00,15.2
2023-10-21T22:00:00+00:00,15.9
2023-10-21T23:00:00+00:00,18.5
2023-10-22T00:00:00+00:00,16.5
2023-10-22T01:00:00+00:00,13.1
2023-10-22T02:00:00+00:00,10.2
2023-10-22T03:00:00+00:00,9.2
2023-10-22T04:00:00+00:00,8.6
2023-10-22T05:00:00+00:00,8.1
2023-10-22T06:00:00+00:00,9.4
2023-10-22T07:00:00+00:00,8.6
2023-10-22T08:00:00+00:00,7.9
2023-10-22T09:00:00+00:00,7.5
2023-10-22T10:00:00+00:00,7.5
2023-10-22T11:00:00+00:00,7.6
2023-10-22T12:00:00+00:00,8.4
2023-10-22T13:00:00+00:00,8.8
2023-10-22T14:00:00+00:00,10.2
2023-10-22T15:00:00+00:00,16.1
2023-10-22T16:00:00+00:00,17.2
2023-10-22T17:00:00+00:00,11.7
2023-10-22T18:00:00+00:00,7.9
2023-10-22T19:00:00+00:00,5.2
2023-10-22T20:00:00+00:00,2.5
2023-10-22T21:00:00+00:00,0.7
2023-10-22T22:00:00+00:00,0.7
2023-10-22T23:00:00+00:00,0.7
2023-10-23T00:00:00+00:00,1.6
2023-10-23T01:00:00+00:00,2.6
2023-10-23T02:00:00+00:00,3.1
2023-10-23T03:00:00+00:00,2.9
2023-10-23T04:00:00+00:00,1.1
2023-10-23T05:00:00+00:00,0.9
2023-10-23T06:00:00+00:00,1.3
2023-10-23T07:00:00+00:00,2.1
2023-10-23T08:00:00+00:00,1.4
2023-10-23T09:00:00+00:00,0.8
2023-10-23T10:00:00+00:00,1.2
2023-10-23T11:00:00+00:00,2.2
2023-10-23T12:00:00+00:00,3.5
2023-10-23T13:00:00+00:00,6.4
2023-10-23T14:00:00+00:00,12.1
2023-10-23T15:00:00+00:00,11.8
2023-10-23T16:00:00+00:00,11.0
2023-10-23T17:00:00+00:00,12.5
2023-10-23T18:00:00+00:00,12.0
2023-10-23T19:00:00+00:00,11.3
2023-10-23T20:00:00+00:00,10.8
2023-10-23T21:00:00+00:00,10.5
2023-10-23T22:00:00+00:00,10.0
2023-10-23T23:00:00+00:00,10.3
2023-10-24T00:00:00+00:00,11.6
2023-10-24T01:00:00+00:00,13.3
2023-10-24T02:00:00+00:00,17.4
2023-10-24T03:00:00+00:00,16.9
2023-10-24T04:00:00+00:00,19.0
2023-10-24T05:00:00+00:00,19.5
2023-10-24T06:00:00+00:00,22.0
2023-10-24T07:00:00+00:00,24.0
2023-10-24T08:00:00+00:00,25.0
2023-10-24T09:00:00+00:00,26.0
2023-10-24T10:00:00+00:00,29.7
2023-10-24T11:00:00+00:00,27.4
2023-10-24T12:00:00+00:00,24.7
2023-10-24T13:00:00+00:00,25.0
2023-10-24T14:00:00+00:00,26.3
2023-10-24T15:00:00+00:00,25.5
2023-10-24T16:00:00+00:00,30.2
2023-10-24T17:00:00+00:00,29.5
2023-10-24T18:00:00+00:00,22.9
2023-10-24T19:00:00+00:00,17.5
2023-10-24T20:00:00+00:00,14.7
2023-10-24T21:00:00+00:00,13.4
2023-10-24T22:00:00+00:00,12.5
2023-10-24T23:00:00+00:00,12.2
2023-10-25T00:00:00+00:00,13.1
2023-10-25T01:00:00+00:00,13.9
2023-10-25T02:00:00+00:00,18.6
2023-10-25T03:00:00+00:00,20.4
2023-10-25T04:00:00+00:00,20.6
2023-10-25T05:00:00+00:00,21.3
2023-10-25T06:00:00+00:00,25.4
2023-10-25T07:00:00+00:00,25.0
2023-10-25T08:00:00+00:00,23.4
2023-10-25T09:00:00+00:00,26.1
2023-10-25T10:00:00+00:00,27.2
2023-10-25T11:00:00+00:00,27.6
2023-10-25T12:00:00+00:00,26.1
2023-10-25T13:00:00+00:00,26.1
2023-10-25T14:00:00+00:00,29.3
2023-10-25T15:00:00+00:00,30.7
2023-10-25T16:00:00+00:00,42.2
2023-10-25T17:00:00+00:00,43.8
2023-10-25T18:00:00+00:00,44.5
2023-10-25T19:00:00+00:00,39.6
2023-10-25T20:00:00+00:00,32.2
2023-10-25T21:00:00+00:00,18.4
2023-10-25T22:00:00+00:00,16.7
2023-10-25T23:00:00+00:00,10.7
2023-10-26T00:00:00+00:00,5.3
2023-10-26T01:00:00+00:00,2.6
2023-10-26T02:00:00+00:00,2.2
2023-10-27T04:00:00+00:00,10.9
2023-10-27T05:00:00+00:00,13.6
2023-10-27T06:00:00+00:00,14.6
2023-10-27T07:00:00+00:00,17.5
2023-10-27T08:00:00+00:00,19.9
2023-10-27T09:00:00+00:00,20.3
2023-10-27T10:00:00+00:00,20.1
2023-10-27T11:00:00+00:00,19.7
2023-10-27T12:00:00+00:00,19.9
2023-10-27T13:00:00+00:00,20.1
2023-10-27T14:00:00+00:00,20.2
2023-10-27T15:00:00+00:00,15.7
2023-10-27T16:00:00+00:00,13.9
2023-10-27T17:00:00+00:00,13.0
2023-10-27T18:00:00+00:00,8.4
2023-10-27T19:00:00+00:00,6.0
2023-10-27T20:00:00+00:00,4.7
2023-10-27T21:00:00+00:00,4.7
2023-10-27T22:00:00+00:00,4.3
2023-10-27T23:00:00+00:00,4.0
2023-10-28T00:00:00+00:00,4.8
2023-10-28T01:00:00+00:00,4.4
2023-10-28T02:00:00+00:00,6.2
2023-10-28T03:00:00+00:00,7.8
2023-10-28T04:00:00+00:00,11.1
2023-10-28T05:00:00+00:00,8.3
2023-10-28T06:00:00+00:00,7.8
2023-10-28T07:00:00+00:00,9.7
2023-10-28T08:00:00+00:00,9.2
2023-10-28T09:00:00+00:00,9.2
2023-10-28T10:00:00+00:00,7.5
2023-10-28T11:00:00+00:00,7.7
2023-10-28T12:00:00+00:00,7.9
2023-10-28T13:00:00+00:00,12.3
2023-10-28T14:00:00+00:00,10.0
2023-10-28T15:00:00+00:00,9.2
2023-10-28T16:00:00+00:00,8.7
2023-10-28T17:00:00+00:00,8.8
2023-10-28T18:00:00+00:00,8.2
2023-10-28T19:00:00+00:00,9.6
2023-10-28T20:00:00+00:00,9.0
2023-10-28T21:00:00+00:00,9.5
2023-10-29T07:00:00+00:00,55.8
2023-10-29T08:00:00+00:00,51.9
2023-10-29T09:00:00+00:00,50.5
2023-10-29T10:00:00+00:00,49.9
2023-10-29T11:00:00+00:00,45.8
2023-10-29T12:00:00+00:00,44.5
2023-10-29T13:00:00+00:00,43.9
2023-10-29T14:00:00+00:00,42.3
2023-10-29T15:00:00+00:00,42.1
2023-10-29T16:00:00+00:00,44.2
2023-10-29T17:00:00+00:00,41.9
2023-10-29T18:00:00+00:00,45.3
2023-10-29T19:00:00+00:00,45.4
2023-10-29T20:00:00+00:00,39.2
2023-10-29T21:00:00+00:00,31.6
2023-10-29T22:00:00+00:00,19.1
2023-10-29T23:00:00+00:00,10.6
2023-10-30T00:00:00+00:00,8.3
2023-10-30T01:00:00+00:00,11.2
2023-10-30T02:00:00+00:00,14.6
2023-10-30T03:00:00+00:00,19.0
2023-10-30T04:00:00+00:00,18.8
2023-11-02T04:00:00+00:00,31.6
2023-11-02T05:00:00+00:00,34.7
2023-11-02T06:00:00+00:00,30.7
2023-11-02T07:00:00+00:00,23.3
2023-11-02T08:00:00+00:00,23.0
2023-11-02T09:00:00+00:00,23.9
2023-11-02T10:00:00+00:00,24.0
2023-11-02T11:00:00+00:00,25.5
2023-11-02T12:00:00+00:00,26.7
2023-11-02T13:00:00+00:00,27.9
2023-11-02T14:00:00+00:00,27.8
2023-11-02T15:00:00+00:00,30.1
2023-11-02T16:00:00+00:00,41.5
2023-11-02T17:00:00+00:00,40.2
2023-11-02T18:00:00+00:00,34.7
2023-11-02T19:00:00+00:00,34.2
2023-11-02T20:00:00+00:00,35.1
2023-11-02T21:00:00+00:00,37.1
2023-11-02T22:00:00+00:00,33.6
2023-11-02T23:00:00+00:00,26.1
2023-11-03T00:00:00+00:00,23.1
2023-11-03T01:00:00+00:00,20.3
2023-11-03T02:00:00+00:00,22.7
2023-11-03T03:00:00+00:00,22.4
2023-11-03T04:00:00+00:00,25.0
2023-11-03T05:00:00+00:00,26.4
2023-11-03T06:00:00+00:00,27.8
2023-11-03T07:00:00+00:00,29.5
2023-11-03T08:00:00+00:00,29.6
2023-11-03T09:00:00+00:00,30.1
2023-11-03T10:00:00+00:00,31.8
2023-11-03T11:00:00+00:00,35.6
2023-11-03T12:00:00+00:00,44.0
2023-11-03T13:00:00+00:00,45.8
2023-11-03T14:00:00+00:00,45.9
2023-11-03T15:00:00+00:00,50.6
2023-11-03T16:00:00+00:00,52.7
2023-11-03T17:00:00+00:00,53.7
2023-11-03T18:00:00+00:00,49.5
2023-11-03T19:00:00+00:00,43.8
2023-11-03T20:00:00+00:00,39.0
2023-11-03T21:00:00+00:00,30.1
2023-11-03T22:00:00+00:00,24.7
2023-11-03T23:00:00+00:00,25.2
2023-11-04T00:00:00+00:00,27.8
2023-11-04T01:00:00+00:00,33.6
2023-11-04T02:00:00+00:00,37.9
2023-11-04T03:00:00+00:00,35.5
2023-11-04T04:00:00+00:00,35.8
2023-11-04T05:00:00+00:00,38.1
2023-11-04T06:00:00+00:00,37.0
2023-11-04T07:00:00+00:00,39.4
2023-11-04T08:00:00+00:00,40.8
2023-11-04T09:00:00+00:00,43.7
2023-11-04T10:00:00+00:00,44.9
2023-11-04T11:00:00+00:00,44.1
2023-11-04T12:00:00+00:00,41.7
2023-11-04T13:00:00+00:00,41.5
2023-11-04T14:00:00+00:00,41.4
2023-11-04T15:00:00+00:00,38.9
2023-11-04T16:00:00+00:00,41.5
2023-11-04T17:00:00+00:00,41.9
2023-11-04T18:00:00+00:00,42.8
2023-11-04T19:00:00+00:00,40.7
2023-11-04T20:00:00+00:00,39.7
2023-11-04T21:00:00+00:00,36.6
2023-11-04T22:00:00+00:00,35.6
2023-11-04T23:00:00+00:00,35.1
2023-11-05T00:00:00+00:00,34.4
2023-11-05T01:00:00+00:00,35.0
2023-11-05T02:00:00+00:00,38.9
2023-11-05T03:00:00+00:00,46.1
2023-11-05T04:00:00+00:00,46.5
2023-11-05T05:00:00+00:00,46.8
2023-11-05T06:00:00+00:00,45.2
2023-11-05T07:00:00+00:00,40.9
2023-11-05T08:00:00+00:00,39.4
2023-11-05T09:00:00+00:00,38.4
2023-11-05T10:00:00+00:00,39.8
2023-11-05T11:00:00+00:00,37.8
2023-11-05T12:00:00+00:00,38.2
2023-11-05T13:00:00+00:00,39.3
2023-11-05T14:00:00+00:00,39.7
2023-11-05T15:00:00+00:00,41.5
2023-11-05T16:00:00+00:00,43.7
2023-11-05T17:00:00+00:00,42.8
2023-11-05T18:00:00+00:00,42.6
2023-11-05T19:00:00+00:00,40.4
2023-11-05T20:00:00+00:00,39.1
2023-11-05T21:00:00+00:00,34.1
2023-11-05T22:00:00+00:00,29.0
2023-11-05T23:00:00+00:00,25.6
2023-11-06T00:00:00+00:00,22.1
2023-11-06T01:00:00+00:00,24.4
2023-11-06T02:00:00+00:00,29.8
2023-11-06T03:00:00+00:00,31.1
2023-11-06T04:00:00+00:00,38.3
2023-11-06T05:00:00+00:00,42.9
2023-11-06T06:00:00+00:00,38.7
2023-11-06T07:00:00+00:00,39.1
2023-11-06T08:00:00+00:00,40.3
2023-11-06T09:00:00+00:00,40.4
2023-11-06T10:00:00+00:00,38.5
2023-11-06T11:00:00+00:00,36.4
2023-11-06T12:00:00+00:00,37.8
2023-11-06T13:00:00+00:00,42.1
2023-11-06T14:00:00+00:00,37.5
2023-11-06T15:00:00+00:00,37.8
2023-11-06T16:00:00+00:00,37.9
2023-11-06T17:00:00+00:00,39.0
2023-11-06T18:00:00+00:00,38.7
2023-11-06T19:00:00+00:00,38.7
2023-11-06T20:00:00+00:00,31.5
2023-11-06T21:00:00+00:00,21.4
2023-11-06T22:00:00+00:00,10.5
2023-11-06T23:00:00+00:00,6.5
2023-11-07T00:00:00+00:00,3.8
2023-11-07T01:00:00+00:00,2.3
2023-11-07T02:00:00+00:00,2.3
2023-11-07T03:00:00+00:00,2.5
2023-11-07T04:00:00+00:00,2.3
2023-11-07T05:00:00+00:00,3.8
2023-11-07T06:00:00+00:00,6.0
2023-11-07T07:00:00+00:00,8.2
2023-11-07T08:00:00+00:00,11.4
2023-11-07T09:00:00+00:00,5.9
2023-11-07T10:00:00+00:00,4.6
2023-11-07T11:00:00+00:00,5.0
2023-11-07T12:00:00+00:00,5.0
2023-11-07T17:00:00+00:00,9.4
2023-11-07T18:00:00+00:00,6.4
2023-11-07T19:00:00+00:00,3.9
2023-11-07T20:00:00+00:00,4.2
2023-11-07T21:00:00+00:00,4.2
2023-11-07T22:00:00+00:00,2.6
2023-11-07T23:00:00+00:00,2.2
2023-11-08T00:00:00+00:00,2.6
2023-11-08T01:00:00+00:00,2.1
2023-11-08T02:00:00+00:00,4.3
2023-11-08T03:00:00+00:00,12.6
2023-11-08T04:00:00+00:00,10.7
2023-11-08T05:00:00+00:00,12.3
2023-11-08T06:00:00+00:00,9.7
2023-11-08T07:00:00+00:00,6.0
2023-11-08T08:00:00+00:00,8.3
2023-11-08T09:00:00+00:00,9.0
2023-11-08T10:00:00+00:00,9.1
2023-11-08T11:00:00+00:00,9.5
2023-11-08T12:00:00+00:00,10.0
2023-11-08T13:00:00+00:00,13.0
2023-11-08T14:00:00+00:00,16.3
2023-11-08T15:00:00+00:00,20.2
2023-11-08T16:00:00+00:00,25.5
2023-11-08T17:00:00+00:00,24.0
2023-11-08T18:00:00+00:00,21.0
2023-11-08T19:00:00+00:00,21.8
2023-11-08T20:00:00+00:00,23.3
2023-11-08T21:00:00+00:00,22.5
2023-11-08T22:00:00+00:00,20.4
2023-11-08T23:00:00+00:00,12.4
2023-11-09T00:00:00+00:00,9.9
2023-11-09T01:00:00+00:00,11.3
2023-11-09T02:00:00+00:00,21.8
2023-11-09T03:00:00+00:00,34.9
2023-11-09T04:00:00+00:00,19.7
2023-11-09T05:00:00+00:00,22.8
2023-11-09T06:00:00+00:00,29.3
2023-11-09T07:00:00+00:00,25.7
2023-11-09T08:00:00+00:00,70.2
2023-11-09T09:00:00+00:00,113.3
2023-11-09T10:00:00+00:00,28.8
2023-11-09T11:00:00+00:00,27.6
2023-11-09T12:00:00+00:00,29.8
2023-11-09T13:00:00+00:00,28.6
2023-11-09T14:00:00+00:00,27.8
2023-11-09T15:00:00+00:00,32.9
2023-11-09T16:00:00+00:00,32.4
2023-11-09T17:00:00+00:00,34.0
2023-11-09T18:00:00+00:00,32.9
2023-11-09T19:00:00+00:00,30.1
2023-11-09T20:00:00+00:00,28.4
2023-11-09T21:00:00+00:00,25.8
2023-11-09T22:00:00+00:00,21.3
2023-11-09T23:00:00+00:00,18.9
2023-11-10T00:00:00+00:00,19.9
2023-11-10T01:00:00+00:00,19.2
2023-11-10T02:00:00+00:00,23.2
2023-11-10T03:00:00+00:00,28.7
2023-11-10T04:00:00+00:00,33.5
2023-11-10T05:00:00+00:00,27.4
2023-11-10T06:00:00+00:00,28.7
2023-11-10T07:00:00+00:00,30.2
2023-11-10T08:00:00+00:00,79.9
2023-11-10T09:00:00+00:00,74.4
2023-11-10T10:00:00+00:00,31.0
2023-11-10T11:00:00+00:00,28.2
2023-11-10T12:00:00+00:00,24.4
2023-11-10T13:00:00+00:00,23.9
2023-11-10T14:00:00+00:00,22.7
2023-11-10T15:00:00+00:00,25.8
2023-11-10T16:00:00+00:00,32.0
2023-11-10T17:00:00+00:00,35.2
2023-11-10T18:00:00+00:00,38.3
2023-11-10T19:00:00+00:00,37.4
2023-11-10T20:00:00+00:00,32.8
2023-11-10T21:00:00+00:00,25.4
2023-11-10T22:00:00+00:00,18.7
2023-11-10T23:00:00+00:00,18.7
2023-11-11T00:00:00+00:00,17.3
2023-11-11T01:00:00+00:00,17.4
2023-11-11T02:00:00+00:00,24.1
2023-11-11T03:00:00+00:00,37.5
2023-11-11T04:00:00+00:00,40.8
2023-11-11T05:00:00+00:00,41.6
2023-11-11T06:00:00+00:00,37.7
2023-11-11T07:00:00+00:00,39.2
2023-11-11T08:00:00+00:00,71.5
2023-11-11T09:00:00+00:00,149.4
2023-11-11T10:00:00+00:00,38.0
2023-11-11T11:00:00+00:00,39.3
2023-11-11T12:00:00+00:00,36.3
2023-11-11T13:00:00+00:00,35.0
2023-11-11T14:00:00+00:00,31.7
2023-11-11T15:00:00+00:00,30.6
2023-11-11T23:00:00+00:00,23.7
2023-11-12T00:00:00+00:00,19.6
2023-11-12T01:00:00+00:00,25.4
2023-11-12T02:00:00+00:00,33.8
2023-11-12T03:00:00+00:00,43.3
2023-11-12T04:00:00+00:00,54.9
2023-11-12T05:00:00+00:00,61.7
2023-11-12T06:00:00+00:00,50.9
2023-11-12T07:00:00+00:00,49.7
2023-11-12T08:00:00+00:00,177.8
2023-11-12T09:00:00+00:00,48.5
2023-11-12T10:00:00+00:00,47.2
2023-11-12T11:00:00+00:00,45.4
2023-11-12T12:00:00+00:00,41.2
2023-11-12T13:00:00+00:00,40.2
2023-11-12T14:00:00+00:00,38.5
2023-11-12T15:00:00+00:00,39.3
2023-11-12T16:00:00+00:00,43.2
2023-11-12T17:00:00+00:00,45.7
2023-11-12T18:00:00+00:00,43.5
2023-11-12T19:00:00+00:00,41.9
2023-11-12T20:00:00+00:00,37.5
2023-11-12T21:00:00+00:00,31.2
2023-11-12T22:00:00+00:00,25.8
2023-11-12T23:00:00+00:00,21.3
2023-11-13T00:00:00+00:00,20.4
2023-11-13T01:00:00+00:00,25.7
2023-11-13T02:00:00+00:00,28.6
2023-11-13T03:00:00+00:00,35.3
2023-11-13T04:00:00+00:00,44.6
2023-11-13T05:00:00+00:00,40.5
2023-11-13T06:00:00+00:00,28.0
2023-11-13T07:00:00+00:00,58.2
2023-11-13T08:00:00+00:00,77.3
2023-11-13T09:00:00+00:00,15.6
2023-11-13T10:00:00+00:00,14.8
2023-11-13T11:00:00+00:00,26.4
2023-11-13T12:00:00+00:00,32.6
2023-11-13T13:00:00+00:00,32.6
2023-11-13T14:00:00+00:00,32.7
2023-11-13T15:00:00+00:00,33.2
2023-11-13T16:00:00+00:00,35.8
2023-11-13T17:00:00+00:00,37.5
2023-11-13T18:00:00+00:00,42.6
2023-11-13T19:00:00+00:00,36.1
2023-11-13T20:00:00+00:00,20.2
2023-11-13T21:00:00+00:00,10.6
2023-11-13T22:00:00+00:00,9.2
2023-11-13T23:00:00+00:00,8.7
2023-11-14T00:00:00+00:00,8.0
2023-11-14T01:00:00+00:00,12.7
2023-11-14T02:00:00+00:00,17.5
2023-11-14T03:00:00+00:00,22.1
2023-11-14T04:00:00+00:00,33.1
2023-11-14T05:00:00+00:00,32.3
2023-11-14T06:00:00+00:00,29.4
2023-11-14T07:00:00+00:00,142.6
2023-11-14T08:00:00+00:00,24.5
2023-11-14T09:00:00+00:00,23.1
2023-11-14T10:00:00+00:00,19.6
2023-11-14T11:00:00+00:00,16.8
2023-11-14T12:00:00+00:00,15.5
2023-11-14T13:00:00+00:00,11.8
2023-11-14T14:00:00+00:00,11.4
2023-11-14T15:00:00+00:00,11.8
2023-11-14T16:00:00+00:00,10.9
2023-11-14T17:00:00+00:00,12.6
2023-11-14T18:00:00+00:00,10.8
2023-11-14T19:00:00+00:00,9.3
2023-11-14T20:00:00+00:00,8.1
2023-11-14T21:00:00+00:00,8.2
2023-11-14T22:00:00+00:00,8.4
2023-11-14T23:00:00+00:00,6.7
2023-11-15T00:00:00+00:00,6.8
2023-11-15T01:00:00+00:00,8.3
2023-11-15T02:00:00+00:00,24.3
2023-11-15T03:00:00+00:00,44.1
2023-11-15T04:00:00+00:00,33.0
2023-11-15T05:00:00+00:00,29.8
2023-11-15T06:00:00+00:00,17.3
2023-11-15T07:00:00+00:00,73.1
2023-11-15T08:00:00+00:00,52.5
2023-11-15T09:00:00+00:00,14.8
2023-11-15T10:00:00+00:00,17.6
2023-11-15T11:00:00+00:00,18.6
2023-11-15T12:00:00+00:00,19.9
2023-11-15T13:00:00+00:00,18.7
2023-11-15T14:00:00+00:00,32.0
2023-11-15T15:00:00+00:00,38.0
2023-11-15T16:00:00+00:00,38.3
2023-11-15T17:00:00+00:00,27.1
2023-11-15T18:00:00+00:00,16.5
2023-11-15T19:00:00+00:00,8.4
2023-11-15T20:00:00+00:00,12.3
2023-11-15T21:00:00+00:00,17.8
2023-11-15T22:00:00+00:00,17.1
2023-11-15T23:00:00+00:00,14.8
2023-11-16T00:00:00+00:00,19.4
2023-11-16T01:00:00+00:00,19.3
2023-11-16T02:00:00+00:00,28.9
2023-11-16T03:00:00+00:00,35.0
2023-11-16T04:00:00+00:00,10.3
2023-11-16T05:00:00+00:00,8.1
2023-11-16T06:00:00+00:00,8.1
2023-11-16T07:00:00+00:00,8.6
2023-11-16T08:00:00+00:00,9.8
2023-11-16T09:00:00+00:00,49.2
2023-11-16T10:00:00+00:00,30.9
2023-11-16T11:00:00+00:00,13.3
2023-11-16T12:00:00+00:00,12.8
2023-11-16T13:00:00+00:00,12.7
2023-11-16T14:00:00+00:00,11.3
2023-11-16T15:00:00+00:00,9.6
2023-11-16T16:00:00+00:00,5.7
2023-11-16T17:00:00+00:00,7.3
2023-11-16T18:00:00+00:00,1.4
2023-11-16T19:00:00+00:00,0.9
2023-11-16T20:00:00+00:00,3.5
2023-11-16T21:00:00+00:00,2.1
2023-11-16T22:00:00+00:00,1.6
2023-11-16T23:00:00+00:00,1.2
2023-11-17T00:00:00+00:00,1.7
2023-11-17T01:00:00+00:00,2.6
2023-11-17T02:00:00+00:00,11.3
2023-11-17T03:00:00+00:00,26.2
2023-11-17T04:00:00+00:00,32.6
2023-11-17T05:00:00+00:00,36.7
2023-11-17T06:00:00+00:00,41.2
2023-11-17T07:00:00+00:00,194.1
2023-11-17T08:00:00+00:00,40.8
2023-11-17T09:00:00+00:00,41.6
2023-11-17T10:00:00+00:00,40.3
2023-11-17T11:00:00+00:00,39.6
2023-11-17T12:00:00+00:00,35.1
2023-11-17T13:00:00+00:00,33.8
2023-11-17T14:00:00+00:00,33.0
2023-11-17T15:00:00+00:00,34.2
2023-11-17T16:00:00+00:00,34.1
2023-11-17T17:00:00+00:00,21.3
2023-11-17T18:00:00+00:00,20.4
2023-11-17T19:00:00+00:00,11.6
2023-11-17T20:00:00+00:00,10.0
2023-11-17T21:00:00+00:00,7.5
2023-11-17T22:00:00+00:00,6.0
2023-11-17T23:00:00+00:00,6.8
2023-11-18T00:00:00+00:00,7.3
2023-11-18T01:00:00+00:00,5.9
2023-11-18T02:00:00+00:00,12.3
2023-11-18T03:00:00+00:00,12.8
2023-11-18T04:00:00+00:00,5.2
2023-11-18T05:00:00+00:00,4.5
2023-11-18T06:00:00+00:00,5.7
2023-11-18T07:00:00+00:00,7.1
2023-11-18T08:00:00+00:00,8.5
2023-11-18T09:00:00+00:00,83.5
2023-11-18T10:00:00+00:00,10.4
2023-11-18T11:00:00+00:00,9.4
2023-11-18T12:00:00+00:00,9.3
2023-11-18T13:00:00+00:00,5.8
2023-11-18T14:00:00+00:00,5.9
2023-11-18T15:00:00+00:00,2.7
2023-11-18T16:00:00+00:00,1.0
2023-11-18T17:00:00+00:00,1.4
2023-11-18T18:00:00+00:00,2.5
2023-11-18T19:00:00+00:00,4.2
2023-11-18T20:00:00+00:00,6.8
2023-11-18T21:00:00+00:00,1.3
2023-11-18T22:00:00+00:00,0.4
2023-11-18T23:00:00+00:00,1.5
2023-11-19T00:00:00+00:00,1.7
2023-11-19T01:00:00+00:00,7.3
2023-11-19T02:00:00+00:00,2.8
2023-11-19T03:00:00+00:00,4.7
2023-11-19T04:00:00+00:00,7.5
2023-11-19T05:00:00+00:00,6.8
2023-11-19T06:00:00+00:00,7.2
2023-11-19T07:00:00+00:00,10.6
2023-11-19T08:00:00+00:00,122.5
2023-11-19T09:00:00+00:00,8.0
2023-11-19T10:00:00+00:00,2.0
2023-11-19T11:00:00+00:00,2.6
2023-11-19T12:00:00+00:00,3.1
2023-11-19T13:00:00+00:00,3.5
2023-11-19T14:00:00+00:00,3.7
2023-11-19T15:00:00+00:00,3.7
2023-11-19T16:00:00+00:00,3.1
2023-11-19T17:00:00+00:00,2.4
2023-11-19T18:00:00+00:00,2.1
2023-11-19T19:00:00+00:00,1.6
2023-11-19T20:00:00+00:00,1.2
2023-11-19T21:00:00+00:00,0.5
2023-11-20T02:00:00+00:00,3.5
2023-11-20T03:00:00+00:00,5.6
2023-11-20T04:00:00+00:00,7.6
2023-11-20T05:00:00+00:00,2.9
2023-11-20T06:00:00+00:00,2.2
2023-11-20T07:00:00+00:00,122.2
2023-11-20T08:00:00+00:00,4.4
2023-11-20T09:00:00+00:00,4.4
2023-11-20T10:00:00+00:00,4.9
2023-11-20T11:00:00+00:00,5.0
2023-11-20T12:00:00+00:00,6.2
2023-11-20T13:00:00+00:00,9.2
2023-11-20T14:00:00+00:00,11.1
2023-11-20T15:00:00+00:00,15.5
2023-11-20T16:00:00+00:00,15.0
2023-11-20T17:00:00+00:00,12.4
2023-11-20T18:00:00+00:00,13.1
2023-11-20T19:00:00+00:00,11.0
2023-11-20T20:00:00+00:00,8.3
2023-11-20T21:00:00+00:00,5.6
2023-11-20T22:00:00+00:00,4.0
2023-11-20T23:00:00+00:00,4.2
2023-11-21T00:00:00+00:00,4.7
2023-11-21T01:00:00+00:00,7.7
2023-11-21T02:00:00+00:00,9.4
2023-11-21T03:00:00+00:00,21.7
2023-11-21T04:00:00+00:00,27.4
2023-11-21T05:00:00+00:00,40.4
2023-11-21T06:00:00+00:00,34.2
2023-11-21T07:00:00+00:00,169.0
2023-11-21T08:00:00+00:00,25.9
2023-11-21T09:00:00+00:00,12.7
2023-11-21T10:00:00+00:00,10.7
2023-11-21T11:00:00+00:00,8.8
2023-11-21T12:00:00+00:00,8.8
2023-11-21T13:00:00+00:00,9.7
2023-11-21T14:00:00+00:00,12.0
2023-11-21T15:00:00+00:00,19.8
2023-11-21T16:00:00+00:00,27.6
2023-11-21T17:00:00+00:00,19.3
2023-11-21T18:00:00+00:00,16.1
2023-11-21T19:00:00+00:00,9.5
2023-11-21T20:00:00+00:00,9.6
2023-11-21T21:00:00+00:00,8.8
2023-11-21T22:00:00+00:00,5.2
2023-11-21T23:00:00+00:00,10.9
2023-11-22T00:00:00+00:00,6.3
2023-11-22T01:00:00+00:00,10.5
2023-11-22T02:00:00+00:00,21.6
2023-11-22T03:00:00+00:00,26.1
2023-11-22T04:00:00+00:00,37.8
2023-11-22T05:00:00+00:00,35.3
2023-11-22T06:00:00+00:00,34.5
2023-11-22T07:00:00+00:00,39.9
2023-11-22T08:00:00+00:00,195.5
2023-11-22T09:00:00+00:00,40.0
2023-11-22T10:00:00+00:00,40.8
2023-11-22T11:00:00+00:00,39.2
2023-11-22T12:00:00+00:00,35.6
2023-11-22T13:00:00+00:00,34.1
2023-11-22T14:00:00+00:00,34.5
2023-11-22T15:00:00+00:00,34.9
2023-11-22T16:00:00+00:00,45.3
2023-11-22T17:00:00+00:00,47.9
2023-11-22T18:00:00+00:00,44.2
2023-11-22T19:00:00+00:00,47.0
2023-11-22T20:00:00+00:00,31.7
2023-11-22T21:00:00+00:00,20.9
2023-11-22T22:00:00+00:00,18.9
2023-11-22T23:00:00+00:00,15.7
2023-11-23T00:00:00+00:00,20.1
2023-11-23T01:00:00+00:00,20.9
2023-11-23T02:00:00+00:00,37.1
2023-11-23T03:00:00+00:00,42.6
2023-11-23T04:00:00+00:00,42.8
2023-11-23T05:00:00+00:00,47.2
2023-11-23T06:00:00+00:00,49.6
2023-11-23T07:00:00+00:00,49.3
2023-11-23T08:00:00+00:00,57.2
2023-11-23T09:00:00+00:00,137.2
2023-11-23T10:00:00+00:00,45.6
2023-11-23T11:00:00+00:00,43.4
2023-11-23T12:00:00+00:00,44.2
2023-11-23T13:00:00+00:00,45.7
2023-11-23T14:00:00+00:00,48.2
2023-11-23T15:00:00+00:00,49.8
2023-11-23T16:00:00+00:00,48.6
2023-11-23T17:00:00+00:00,54.6
2023-11-23T18:00:00+00:00,54.2
2023-11-23T19:00:00+00:00,44.7
2023-11-23T20:00:00+00:00,34.7
2023-11-23T21:00:00+00:00,20.7
2023-11-23T22:00:00+00:00,24.6
2023-11-23T23:00:00+00:00,30.2
2023-11-24T00:00:00+00:00,37.8
2023-11-24T01:00:00+00:00,102.3
2023-11-24T02:00:00+00:00,42.0
2023-11-24T03:00:00+00:00,33.1
2023-11-24T04:00:00+00:00,42.9
2023-11-24T05:00:00+00:00,33.7
2023-11-24T06:00:00+00:00,32.4
2023-11-24T07:00:00+00:00,29.6
2023-11-24T08:00:00+00:00,92.4
2023-11-24T09:00:00+00:00,30.9
2023-11-24T10:00:00+00:00,33.7
2023-11-24T11:00:00+00:00,35.4
2023-11-24T12:00:00+00:00,31.2
2023-11-24T13:00:00+00:00,20.2
2023-11-24T14:00:00+00:00,14.7
2023-11-24T15:00:00+00:00,11.9
2023-11-24T16:00:00+00:00,6.8
2023-11-24T17:00:00+00:00,7.1
2023-11-24T18:00:00+00:00,16.0
2023-11-24T19:00:00+00:00,19.1
2023-11-24T20:00:00+00:00,18.6
2023-11-24T21:00:00+00:00,17.6
2023-11-24T22:00:00+00:00,19.2
2023-11-24T23:00:00+00:00,19.4
2023-11-25T00:00:00+00:00,19.6
2023-11-25T01:00:00+00:00,29.9
2023-11-25T02:00:00+00:00,32.3
2023-11-25T03:00:00+00:00,28.1
2023-11-25T04:00:00+00:00,30.7
2023-11-25T05:00:00+00:00,33.4
2023-11-25T06:00:00+00:00,36.0
2023-11-25T17:00:00+00:00,48.8
2023-11-25T18:00:00+00:00,51.3
2023-11-25T19:00:00+00:00,54.4
2023-11-25T20:00:00+00:00,42.1
2023-11-25T21:00:00+00:00,37.9
2023-11-25T22:00:00+00:00,30.5
2023-11-25T23:00:00+00:00,22.1
2023-11-26T00:00:00+00:00,17.9
2023-11-26T01:00:00+00:00,26.8
2023-11-26T02:00:00+00:00,34.6
2023-11-26T03:00:00+00:00,36.4
2023-11-26T04:00:00+00:00,47.5
2023-11-26T05:00:00+00:00,50.7
2023-11-26T06:00:00+00:00,42.4
2023-11-26T07:00:00+00:00,49.1
2023-11-26T08:00:00+00:00,224.4
2023-11-26T09:00:00+00:00,46.0
2023-11-26T10:00:00+00:00,43.3
2023-11-26T11:00:00+00:00,42.8
2023-11-26T12:00:00+00:00,40.7
2023-11-26T13:00:00+00:00,38.8
2023-11-26T14:00:00+00:00,39.0
2023-11-26T15:00:00+00:00,40.3
2023-11-26T16:00:00+00:00,36.1
2023-11-27T17:00:00+00:00,29.6
2023-11-27T18:00:00+00:00,32.1
2023-11-27T19:00:00+00:00,25.8
2023-11-27T20:00:00+00:00,21.3
2023-11-27T21:00:00+00:00,12.8
2023-11-27T22:00:00+00:00,13.7
2023-11-27T23:00:00+00:00,7.8
2023-11-28T00:00:00+00:00,7.8
2023-11-28T01:00:00+00:00,9.4
2023-11-28T02:00:00+00:00,16.2
2023-11-28T03:00:00+00:00,29.1
2023-11-28T04:00:00+00:00,29.5
2023-11-28T05:00:00+00:00,32.6
2023-11-28T06:00:00+00:00,38.9
2023-11-28T07:00:00+00:00,94.5
2023-11-28T08:00:00+00:00,75.1
2023-11-28T09:00:00+00:00,33.1
2023-11-28T10:00:00+00:00,31.8
2023-11-28T11:00:00+00:00,29.3
2023-11-28T12:00:00+00:00,23.1
2023-11-28T13:00:00+00:00,22.9
2023-11-28T14:00:00+00:00,25.2
2023-11-28T15:00:00+00:00,26.9
2023-11-28T16:00:00+00:00,36.6
2023-11-28T17:00:00+00:00,23.7
2023-11-28T18:00:00+00:00,29.7
2023-11-28T19:00:00+00:00,22.8
2023-11-28T20:00:00+00:00,19.1
2023-11-28T21:00:00+00:00,12.4
2023-11-28T22:00:00+00:00,10.4
2023-11-28T23:00:00+00:00,7.8
2023-11-29T00:00:00+00:00,9.6
2023-11-29T01:00:00+00:00,10.8
2023-11-29T02:00:00+00:00,45.2
2023-11-29T03:00:00+00:00,46.4
2023-11-29T04:00:00+00:00,37.3
2023-11-29T05:00:00+00:00,35.0
2023-11-29T06:00:00+00:00,54.0
2023-11-29T07:00:00+00:00,120.8
2023-11-29T08:00:00+00:00,23.1
2023-11-29T09:00:00+00:00,18.7
2023-11-29T10:00:00+00:00,16.0
2023-11-29T11:00:00+00:00,13.9
2023-11-29T12:00:00+00:00,12.5
2023-11-29T13:00:00+00:00,11.3
2023-11-29T14:00:00+00:00,15.3
2023-11-29T15:00:00+00:00,22.2
2023-11-29T16:00:00+00:00,20.2
2023-11-29T17:00:00+00:00,21.5
2023-11-29T18:00:00+00:00,21.5
2023-11-29T19:00:00+00:00,23.4
2023-11-29T20:00:00+00:00,22.2
2023-11-29T21:00:00+00:00,17.4
2023-11-29T22:00:00+00:00,12.8
2023-11-29T23:00:00+00:00,14.2
2023-11-30T00:00:00+00:00,13.1
2023-11-30T01:00:00+00:00,18.6
2023-11-30T02:00:00+00:00,26.6
2023-11-30T03:00:00+00:00,31.0
2023-11-30T04:00:00+00:00,31.3
2023-11-30T05:00:00+00:00,37.0
2023-11-30T06:00:00+00:00,40.3
2023-11-30T07:00:00+00:00,122.6
2023-11-30T08:00:00+00:00,36.6
2023-11-30T09:00:00+00:00,31.9
2023-11-30T10:00:00+00:00,30.8
2023-11-30T11:00:00+00:00,30.7
2023-11-30T12:00:00+00:00,30.4
2023-11-30T16:00:00+00:00,31.1
2023-11-30T17:00:00+00:00,32.0
2023-11-30T18:00:00+00:00,32.6
2023-11-30T19:00:00+00:00,38.9
2023-11-30T20:00:00+00:00,28.2
2023-11-30T21:00:00+00:00,18.4
2023-11-30T22:00:00+00:00,14.8
2023-11-30T23:00:00+00:00,11.8
2023-12-01T00:00:00+00:00,12.9
2023-12-01T01:00:00+00:00,11.8
2023-12-01T02:00:00+00:00,16.6
2023-12-01T03:00:00+00:00,19.2
2023-12-01T04:00:00+00:00,22.4
2023-12-01T05:00:00+00:00,8.9
2023-12-01T06:00:00+00:00,10.7
2023-12-01T07:00:00+00:00,13.8
2023-12-01T08:00:00+00:00,8.2
2023-12-01T09:00:00+00:00,6.9
2023-12-01T10:00:00+00:00,7.4
2023-12-01T11:00:00+00:00,7.2
2023-12-01T12:00:00+00:00,7.7
2023-12-01T13:00:00+00:00,6.3
2023-12-01T14:00:00+00:00,6.7
2023-12-01T15:00:00+00:00,10.8
2023-12-01T16:00:00+00:00,15.5
2023-12-01T17:00:00+00:00,5.1
2023-12-01T18:00:00+00:00,5.5
2023-12-01T19:00:00+00:00,6.8
2023-12-01T20:00:00+00:00,6.9
2023-12-01T21:00:00+00:00,9.9
2023-12-01T22:00:00+00:00,11.2
2023-12-01T23:00:00+00:00,11.2
2023-12-02T00:00:00+00:00,12.0
2023-12-02T01:00:00+00:00,16.8
2023-12-02T02:00:00+00:00,18.5
2023-12-02T03:00:00+00:00,27.9
2023-12-02T04:00:00+00:00,34.1
2023-12-02T05:00:00+00:00,38.5
2023-12-02T06:00:00+00:00,39.7
2023-12-02T07:00:00+00:00,137.4
2023-12-02T08:00:00+00:00,30.7
2023-12-02T09:00:00+00:00,32.7
2023-12-02T10:00:00+00:00,31.3
2023-12-02T11:00:00+00:00,26.6
2023-12-02T12:00:00+00:00,24.7
2023-12-02T13:00:00+00:00,27.7
2023-12-02T14:00:00+00:00,36.8
2023-12-02T15:00:00+00:00,40.7
2023-12-02T16:00:00+00:00,42.9
2023-12-02T17:00:00+00:00,40.5
2023-12-02T18:00:00+00:00,39.0
2023-12-02T19:00:00+00:00,34.6
2023-12-02T20:00:00+00:00,29.5
2023-12-02T21:00:00+00:00,23.7
2023-12-02T22:00:00+00:00,21.5
2023-12-02T23:00:00+00:00,21.4
2023-12-03T00:00:00+00:00,18.7
2023-12-03T01:00:00+00:00,25.2
2023-12-03T02:00:00+00:00,32.9
2023-12-03T03:00:00+00:00,41.2
2023-12-03T04:00:00+00:00,52.1
2023-12-03T05:00:00+00:00,44.8
2023-12-03T06:00:00+00:00,43.5
2023-12-03T07:00:00+00:00,96.4
2023-12-03T08:00:00+00:00,108.1
2023-12-03T09:00:00+00:00,46.1
2023-12-03T10:00:00+00:00,43.6
2023-12-03T11:00:00+00:00,43.4
2023-12-03T12:00:00+00:00,41.5
2023-12-03T13:00:00+00:00,37.7
2023-12-03T14:00:00+00:00,36.2
2023-12-03T15:00:00+00:00,39.4
2023-12-03T16:00:00+00:00,40.9
2023-12-03T17:00:00+00:00,36.4
2023-12-03T18:00:00+00:00,45.5
2023-12-03T19:00:00+00:00,34.4
2023-12-03T20:00:00+00:00,34.6
2023-12-03T21:00:00+00:00,35.5
2023-12-03T22:00:00+00:00,42.9
2023-12-03T23:00:00+00:00,46.1
2023-12-04T00:00:00+00:00,35.5
2023-12-04T01:00:00+00:00,38.5
2023-12-04T02:00:00+00:00,43.7
2023-12-04T03:00:00+00:00,48.6
2023-12-04T04:00:00+00:00,51.9
2023-12-04T05:00:00+00:00,56.8
2023-12-04T06:00:00+00:00,53.2
2023-12-04T07:00:00+00:00,45.1
2023-12-04T08:00:00+00:00,194.2
2023-12-04T09:00:00+00:00,32.9
2023-12-04T10:00:00+00:00,31.3
2023-12-04T11:00:00+00:00,27.5
2023-12-04T12:00:00+00:00,30.4
2023-12-04T13:00:00+00:00,31.4
2023-12-04T14:00:00+00:00,32.0
2023-12-04T15:00:00+00:00,33.5
2023-12-04T16:00:00+00:00,37.9
2023-12-04T17:00:00+00:00,37.6
2023-12-04T18:00:00+00:00,34.7
2023-12-04T19:00:00+00:00,29.9
2023-12-04T20:00:00+00:00,30.5
2023-12-04T21:00:00+00:00,28.4
2023-12-04T22:00:00+00:00,20.7
2023-12-04T23:00:00+00:00,14.3
2023-12-05T00:00:00+00:00,18.3
2023-12-05T01:00:00+00:00,22.2
2023-12-05T02:00:00+00:00,29.5
2023-12-05T03:00:00+00:00,31.2
2023-12-05T04:00:00+00:00,84.8
2023-12-05T06:00:00+00:00,36.4
2023-12-05T07:00:00+00:00,37.7
2023-12-05T08:00:00+00:00,36.8
2023-12-05T09:00:00+00:00,35.5
2023-12-05T10:00:00+00:00,35.0
2023-12-05T11:00:00+00:00,35.3
2023-12-05T12:00:00+00:00,33.3
2023-12-05T13:00:00+00:00,31.2
2023-12-05T14:00:00+00:00,28.7
2023-12-05T15:00:00+00:00,29.6
2023-12-05T16:00:00+00:00,37.4
2023-12-05T17:00:00+00:00,45.4
2023-12-05T18:00:00+00:00,46.2
2023-12-05T19:00:00+00:00,42.8
2023-12-05T20:00:00+00:00,39.5
2023-12-05T21:00:00+00:00,38.2
2023-12-05T22:00:00+00:00,34.1
2023-12-05T23:00:00+00:00,33.7
2023-12-06T00:00:00+00:00,31.3
2023-12-06T01:00:00+00:00,55.8
2023-12-06T02:00:00+00:00,48.0
2023-12-06T03:00:00+00:00,53.4
2023-12-06T04:00:00+00:00,50.2
2023-12-06T05:00:00+00:00,46.8
2023-12-06T06:00:00+00:00,44.7
2023-12-06T07:00:00+00:00,150.5
2023-12-06T08:00:00+00:00,41.1
2023-12-06T09:00:00+00:00,36.6
2023-12-06T10:00:00+00:00,32.7
2023-12-06T11:00:00+00:00,32.5
2023-12-06T12:00:00+00:00,34.0
2023-12-06T13:00:00+00:00,36.9
2023-12-06T14:00:00+00:00,39.7
2023-12-06T15:00:00+00:00,44.0
2023-12-06T16:00:00+00:00,50.2
2023-12-06T17:00:00+00:00,52.8
2023-12-06T18:00:00+00:00,45.0
2023-12-06T19:00:00+00:00,33.6
2023-12-06T20:00:00+00:00,27.2
2023-12-06T21:00:00+00:00,26.1
2023-12-06T22:00:00+00:00,23.5
2023-12-06T23:00:00+00:00,7.1
2023-12-07T00:00:00+00:00,13.5
2023-12-07T01:00:00+00:00,32.2
2023-12-07T02:00:00+00:00,36.5
2023-12-07T03:00:00+00:00,37.1
2023-12-07T04:00:00+00:00,17.1
2023-12-07T05:00:00+00:00,4.0
2023-12-07T06:00:00+00:00,5.1
2023-12-07T07:00:00+00:00,3.0
2023-12-07T08:00:00+00:00,3.3
2023-12-07T09:00:00+00:00,34.7
2023-12-07T17:00:00+00:00,2.1
2023-12-07T18:00:00+00:00,0.8
2023-12-07T19:00:00+00:00,0.6
2023-12-07T20:00:00+00:00,0.6
2023-12-07T21:00:00+00:00,1.4
2023-12-07T22:00:00+00:00,2.9
2023-12-07T23:00:00+00:00,0.5
2023-12-08T00:00:00+00:00,0.6
2023-12-08T01:00:00+00:00,1.2
2023-12-08T02:00:00+00:00,2.6
2023-12-08T03:00:00+00:00,3.1
2023-12-08T04:00:00+00:00,1.5
2023-12-08T05:00:00+00:00,3.0
2023-12-08T06:00:00+00:00,1.3
2023-12-08T07:00:00+00:00,1.4
2023-12-08T08:00:00+00:00,2.2
2023-12-08T09:00:00+00:00,4.9
2023-12-08T10:00:00+00:00,3.7
2023-12-08T11:00:00+00:00,6.4
2023-12-08T12:00:00+00:00,7.7
2023-12-08T13:00:00+00:00,10.5
2023-12-08T14:00:00+00:00,13.1
2023-12-08T15:00:00+00:00,13.3
2023-12-08T16:00:00+00:00,24.9
2023-12-08T17:00:00+00:00,15.4
2023-12-08T18:00:00+00:00,17.4
2023-12-08T19:00:00+00:00,15.7
2023-12-08T20:00:00+00:00,17.9
2023-12-08T21:00:00+00:00,16.7
2023-12-08T22:00:00+00:00,17.2
2023-12-08T23:00:00+00:00,44.7
2023-12-09T00:00:00+00:00,18.8
2023-12-09T01:00:00+00:00,20.4
2023-12-09T02:00:00+00:00,28.5
2023-12-09T03:00:00+00:00,42.4
2023-12-09T04:00:00+00:00,38.0
2023-12-09T05:00:00+00:00,40.0
2023-12-09T06:00:00+00:00,47.3
2023-12-09T07:00:00+00:00,53.1
2023-12-09T08:00:00+00:00,189.2
2023-12-09T09:00:00+00:00,93.6
2023-12-09T10:00:00+00:00,45.2
2023-12-09T11:00:00+00:00,41.6
2023-12-09T12:00:00+00:00,38.8
2023-12-09T13:00:00+00:00,37.2
2023-12-09T14:00:00+00:00,38.5
2023-12-09T15:00:00+00:00,38.4
2023-12-09T16:00:00+00:00,44.6
2023-12-09T17:00:00+00:00,47.4
2023-12-09T18:00:00+00:00,51.1
2023-12-09T19:00:00+00:00,47.4
2023-12-09T20:00:00+00:00,38.9
2023-12-09T21:00:00+00:00,41.3
2023-12-09T22:00:00+00:00,28.5
2023-12-09T23:00:00+00:00,23.0
2023-12-10T00:00:00+00:00,23.0
2023-12-10T01:00:00+00:00,28.1
2023-12-10T02:00:00+00:00,37.6
2023-12-10T03:00:00+00:00,40.6
2023-12-10T04:00:00+00:00,45.7
2023-12-10T05:00:00+00:00,47.5
2023-12-10T06:00:00+00:00,62.8
2023-12-10T07:00:00+00:00,200.5
2023-12-10T08:00:00+00:00,55.9
2023-12-10T09:00:00+00:00,48.2
2023-12-10T10:00:00+00:00,52.5
2023-12-10T11:00:00+00:00,51.5
2023-12-10T12:00:00+00:00,52.4
2023-12-10T13:00:00+00:00,49.6
2023-12-10T14:00:00+00:00,47.6
2023-12-10T15:00:00+00:00,45.9
2023-12-10T16:00:00+00:00,42.6
2023-12-10T17:00:00+00:00,43.9
2023-12-10T18:00:00+00:00,49.5
2023-12-10T19:00:00+00:00,46.8
2023-12-10T20:00:00+00:00,50.6
2023-12-10T21:00:00+00:00,34.0
2023-12-10T22:00:00+00:00,44.5
2023-12-10T23:00:00+00:00,24.2
2023-12-11T00:00:00+00:00,18.8
2023-12-11T01:00:00+00:00,21.8
2023-12-11T02:00:00+00:00,28.7
2023-12-11T03:00:00+00:00,35.9
2023-12-11T04:00:00+00:00,40.9
2023-12-11T05:00:00+00:00,187.7
2023-12-11T06:00:00+00:00,50.8
2023-12-11T07:00:00+00:00,56.3
2023-12-11T08:00:00+00:00,57.7
2023-12-11T09:00:00+00:00,52.2
2023-12-11T10:00:00+00:00,50.3
2023-12-11T11:00:00+00:00,50.7
2023-12-11T12:00:00+00:00,51.3
2023-12-11T13:00:00+00:00,52.2
2023-12-11T14:00:00+00:00,50.6
2023-12-11T15:00:00+00:00,49.3
2023-12-11T16:00:00+00:00,51.1
2023-12-11T17:00:00+00:00,58.0
2023-12-11T18:00:00+00:00,58.8
2023-12-11T19:00:00+00:00,49.3
2023-12-11T20:00:00+00:00,53.6
2023-12-11T21:00:00+00:00,41.7
2023-12-11T22:00:00+00:00,33.3
2023-12-11T23:00:00+00:00,30.3
2023-12-12T00:00:00+00:00,24.6
2023-12-12T01:00:00+00:00,33.4
2023-12-12T02:00:00+00:00,37.4
2023-12-12T03:00:00+00:00,43.4
2023-12-12T04:00:00+00:00,41.0
2023-12-12T05:00:00+00:00,44.2
2023-12-12T06:00:00+00:00,110.4
2023-12-12T07:00:00+00:00,119.1
2023-12-12T08:00:00+00:00,48.0
2023-12-12T09:00:00+00:00,48.9
2023-12-12T10:00:00+00:00,46.6
2023-12-12T11:00:00+00:00,46.4
2023-12-12T12:00:00+00:00,43.9
2023-12-12T13:00:00+00:00,42.5
2023-12-12T14:00:00+00:00,42.2
2023-12-12T15:00:00+00:00,42.3
2023-12-12T16:00:00+00:00,58.9
2023-12-12T17:00:00+00:00,65.9
2023-12-12T18:00:00+00:00,62.0
2023-12-12T19:00:00+00:00,54.1
2023-12-12T20:00:00+00:00,46.3
2023-12-12T21:00:00+00:00,45.7
2023-12-12T22:00:00+00:00,40.3
2023-12-12T23:00:00+00:00,61.9
2023-12-13T00:00:00+00:00,34.0
2023-12-13T01:00:00+00:00,35.0
2023-12-13T02:00:00+00:00,42.1
2023-12-13T03:00:00+00:00,40.0
2023-12-13T04:00:00+00:00,42.2
2023-12-13T05:00:00+00:00,50.7
2023-12-13T06:00:00+00:00,48.3
2023-12-13T07:00:00+00:00,53.9
2023-12-13T08:00:00+00:00,100.0
2023-12-13T09:00:00+00:00,47.8
2023-12-13T10:00:00+00:00,45.7
2023-12-13T11:00:00+00:00,45.3
2023-12-13T12:00:00+00:00,45.1
2023-12-13T13:00:00+00:00,44.2
2023-12-13T14:00:00+00:00,43.9
2023-12-13T15:00:00+00:00,44.8
2023-12-13T16:00:00+00:00,51.1
2023-12-13T17:00:00+00:00,51.9
2023-12-13T18:00:00+00:00,49.7
2023-12-13T19:00:00+00:00,62.5
2023-12-13T20:00:00+00:00,53.5
2023-12-13T21:00:00+00:00,50.6
2023-12-13T22:00:00+00:00,47.9
2023-12-13T23:00:00+00:00,46.4
2023-12-14T00:00:00+00:00,43.3
2023-12-14T01:00:00+00:00,44.3
2023-12-14T02:00:00+00:00,46.5
2023-12-14T03:00:00+00:00,50.6
2023-12-14T04:00:00+00:00,51.0
2023-12-14T05:00:00+00:00,53.7
2023-12-14T06:00:00+00:00,114.2
2023-12-14T07:00:00+00:00,148.0
2023-12-14T08:00:00+00:00,53.0
2023-12-14T09:00:00+00:00,50.8
2023-12-14T10:00:00+00:00,49.1
2023-12-14T11:00:00+00:00,47.4
2023-12-14T12:00:00+00:00,45.2
2023-12-14T13:00:00+00:00,43.4
2023-12-14T14:00:00+00:00,42.8
2023-12-14T15:00:00+00:00,43.8
2023-12-14T16:00:00+00:00,50.4
2023-12-14T17:00:00+00:00,63.4
2023-12-14T18:00:00+00:00,60.5
2023-12-14T19:00:00+00:00,54.9
2023-12-14T20:00:00+00:00,60.5
2023-12-14T21:00:00+00:00,50.2
2023-12-14T22:00:00+00:00,45.0
2023-12-14T23:00:00+00:00,46.1
2023-12-15T00:00:00+00:00,47.3
2023-12-15T01:00:00+00:00,49.8
2023-12-15T02:00:00+00:00,51.2
2023-12-15T03:00:00+00:00,51.3
2023-12-15T04:00:00+00:00,51.7
2023-12-15T05:00:00+00:00,51.9
2023-12-15T06:00:00+00:00,59.5
2023-12-15T07:00:00+00:00,241.2
2023-12-15T08:00:00+00:00,58.8
2023-12-15T09:00:00+00:00,58.9
2023-12-15T10:00:00+00:00,58.4
2023-12-15T11:00:00+00:00,58.3
2023-12-15T12:00:00+00:00,55.6
2023-12-15T13:00:00+00:00,56.2
2023-12-15T14:00:00+00:00,56.3
2023-12-15T15:00:00+00:00,52.3
2023-12-15T16:00:00+00:00,57.3
2023-12-15T17:00:00+00:00,52.5
2023-12-15T18:00:00+00:00,56.2
2023-12-15T19:00:00+00:00,56.2
2023-12-15T20:00:00+00:00,51.2
2023-12-15T21:00:00+00:00,42.0
2023-12-15T22:00:00+00:00,36.4
2023-12-15T23:00:00+00:00,30.5
2023-12-16T00:00:00+00:00,30.0
2023-12-16T01:00:00+00:00,37.7
2023-12-16T02:00:00+00:00,56.0
2023-12-16T03:00:00+00:00,68.6
2023-12-16T04:00:00+00:00,52.1
2023-12-16T05:00:00+00:00,57.0
2023-12-16T06:00:00+00:00,64.4
2023-12-16T07:00:00+00:00,211.3
2023-12-16T08:00:00+00:00,58.7
2023-12-16T09:00:00+00:00,53.8
2023-12-16T10:00:00+00:00,57.7
2023-12-16T11:00:00+00:00,50.4
2023-12-16T12:00:00+00:00,43.7
2023-12-16T13:00:00+00:00,43.3
2023-12-16T14:00:00+00:00,39.9
2023-12-16T15:00:00+00:00,36.6
2023-12-16T16:00:00+00:00,35.7
2023-12-16T17:00:00+00:00,52.9
2023-12-16T18:00:00+00:00,54.5
2023-12-16T19:00:00+00:00,54.9
2023-12-16T20:00:00+00:00,43.5
2023-12-16T21:00:00+00:00,38.6
2023-12-16T22:00:00+00:00,37.1
2023-12-16T23:00:00+00:00,33.4
2023-12-17T00:00:00+00:00,32.6
2023-12-17T01:00:00+00:00,34.5
2023-12-17T02:00:00+00:00,49.5
2023-12-17T03:00:00+00:00,46.7
2023-12-17T04:00:00+00:00,47.7
2023-12-17T05:00:00+00:00,51.2
2023-12-17T06:00:00+00:00,56.4
2023-12-17T07:00:00+00:00,155.1
2023-12-17T08:00:00+00:00,47.7
2023-12-17T09:00:00+00:00,42.6
2023-12-17T10:00:00+00:00,40.5
2023-12-17T11:00:00+00:00,44.2
2023-12-17T12:00:00+00:00,46.4
2023-12-17T13:00:00+00:00,41.7
2023-12-17T14:00:00+00:00,45.4
2023-12-17T15:00:00+00:00,47.5
2023-12-17T16:00:00+00:00,42.4
2023-12-17T17:00:00+00:00,39.8
2023-12-17T18:00:00+00:00,23.8
2023-12-17T19:00:00+00:00,38.4
2023-12-17T20:00:00+00:00,41.4
2023-12-17T21:00:00+00:00,36.4
2023-12-17T22:00:00+00:00,35.2
2023-12-17T23:00:00+00:00,45.9
2023-12-18T00:00:00+00:00,45.3
2023-12-18T01:00:00+00:00,51.2
2023-12-18T02:00:00+00:00,67.3
2023-12-18T03:00:00+00:00,53.3
2023-12-18T04:00:00+00:00,56.8
2023-12-18T05:00:00+00:00,71.0
2023-12-18T06:00:00+00:00,145.6
2023-12-18T07:00:00+00:00,62.8
2023-12-18T08:00:00+00:00,63.6
2023-12-18T09:00:00+00:00,66.3
2023-12-18T10:00:00+00:00,66.4
2023-12-18T11:00:00+00:00,71.9
2023-12-18T12:00:00+00:00,66.4
2023-12-18T13:00:00+00:00,59.6
2023-12-18T14:00:00+00:00,57.6
2023-12-18T15:00:00+00:00,55.8
2023-12-18T16:00:00+00:00,63.8
2023-12-18T17:00:00+00:00,73.6
2023-12-18T18:00:00+00:00,52.7
2023-12-18T19:00:00+00:00,57.1
2023-12-18T20:00:00+00:00,64.8
2023-12-18T21:00:00+00:00,51.9
2023-12-18T22:00:00+00:00,34.8
2023-12-18T23:00:00+00:00,9.8
2023-12-19T00:00:00+00:00,17.7
2023-12-19T01:00:00+00:00,36.4
2023-12-19T02:00:00+00:00,44.9
2023-12-19T03:00:00+00:00,40.4
2023-12-19T04:00:00+00:00,41.4
2023-12-19T05:00:00+00:00,38.0
2023-12-19T06:00:00+00:00,45.8
2023-12-19T07:00:00+00:00,24.5
2023-12-19T08:00:00+00:00,11.8
2023-12-19T09:00:00+00:00,10.7
2023-12-19T10:00:00+00:00,22.6
2023-12-19T11:00:00+00:00,27.4
2023-12-19T12:00:00+00:00,25.5
2023-12-19T13:00:00+00:00,18.4
2023-12-19T14:00:00+00:00,21.2
2023-12-19T15:00:00+00:00,12.5
2023-12-19T16:00:00+00:00,8.2
2023-12-19T17:00:00+00:00,6.4
2023-12-19T18:00:00+00:00,4.6
2023-12-19T19:00:00+00:00,3.0
2023-12-19T20:00:00+00:00,2.5
2023-12-19T21:00:00+00:00,2.3
2023-12-19T22:00:00+00:00,1.2
2023-12-19T23:00:00+00:00,1.1
2023-12-20T00:00:00+00:00,0.8
2023-12-20T01:00:00+00:00,0.9
2023-12-20T02:00:00+00:00,2.2
2023-12-20T03:00:00+00:00,2.9
2023-12-20T04:00:00+00:00,3.4
2023-12-20T05:00:00+00:00,4.2
2023-12-20T06:00:00+00:00,3.3
2023-12-20T07:00:00+00:00,48.1
2023-12-20T08:00:00+00:00,4.2
2023-12-20T09:00:00+00:00,4.0
2023-12-20T10:00:00+00:00,3.2
2023-12-20T11:00:00+00:00,3.1
2023-12-20T12:00:00+00:00,3.2
2023-12-20T13:00:00+00:00,3.8
2023-12-20T14:00:00+00:00,3.0
2023-12-20T15:00:00+00:00,3.0
2023-12-20T16:00:00+00:00,4.8
2023-12-20T17:00:00+00:00,3.3
2023-12-20T18:00:00+00:00,8.2
2023-12-20T19:00:00+00:00,7.0
2023-12-20T20:00:00+00:00,2.3
2023-12-20T21:00:00+00:00,6.5
2023-12-20T22:00:00+00:00,7.8
2023-12-20T23:00:00+00:00,9.5
2023-12-21T00:00:00+00:00,9.3
2023-12-21T01:00:00+00:00,4.1
2023-12-21T02:00:00+00:00,4.1
2023-12-21T03:00:00+00:00,5.1
2023-12-21T04:00:00+00:00,8.1
2023-12-21T05:00:00+00:00,4.2
2023-12-21T06:00:00+00:00,2.4
2023-12-21T07:00:00+00:00,3.0
2023-12-21T08:00:00+00:00,6.3
2023-12-21T09:00:00+00:00,53.9
2023-12-21T10:00:00+00:00,0.2
2023-12-21T11:00:00+00:00,0.3
2023-12-21T12:00:00+00:00,2.0
2023-12-21T13:00:00+00:00,2.8
2023-12-21T14:00:00+00:00,3.7
2023-12-21T15:00:00+00:00,6.9
2023-12-21T16:00:00+00:00,6.3
2023-12-21T17:00:00+00:00,4.9
2023-12-21T18:00:00+00:00,6.5
2023-12-21T19:00:00+00:00,6.1
2023-12-21T20:00:00+00:00,13.0
2023-12-21T21:00:00+00:00,13.5
2023-12-21T22:00:00+00:00,11.6
2023-12-21T23:00:00+00:00,13.5
2023-12-22T00:00:00+00:00,18.0
2023-12-22T01:00:00+00:00,24.6
2023-12-22T02:00:00+00:00,25.1
2023-12-22T03:00:00+00:00,34.1
2023-12-22T04:00:00+00:00,38.3
2023-12-22T05:00:00+00:00,39.5
2023-12-22T06:00:00+00:00,40.3
2023-12-22T07:00:00+00:00,37.6
2023-12-22T08:00:00+00:00,62.7
2023-12-22T09:00:00+00:00,34.6
2023-12-22T10:00:00+00:00,36.0
2023-12-22T11:00:00+00:00,38.0
2023-12-22T12:00:00+00:00,43.5
2023-12-22T13:00:00+00:00,44.4
2023-12-22T14:00:00+00:00,42.8
2023-12-22T15:00:00+00:00,38.7
2023-12-22T16:00:00+00:00,43.6
2023-12-22T17:00:00+00:00,32.5
2023-12-22T18:00:00+00:00,30.7
2023-12-22T19:00:00+00:00,32.0
2023-12-22T20:00:00+00:00,33.6
2023-12-22T21:00:00+00:00,32.4
2023-12-22T22:00:00+00:00,31.3
2023-12-22T23:00:00+00:00,32.5
2023-12-23T00:00:00+00:00,32.5
2023-12-23T01:00:00+00:00,35.3
2023-12-23T02:00:00+00:00,70.6
2023-12-23T03:00:00+00:00,48.1
2023-12-23T04:00:00+00:00,50.2
2023-12-23T05:00:00+00:00,51.2
2023-12-23T06:00:00+00:00,50.5
2023-12-23T07:00:00+00:00,50.9
2023-12-23T08:00:00+00:00,222.7
2023-12-23T09:00:00+00:00,44.4
2023-12-23T10:00:00+00:00,41.9
2023-12-23T11:00:00+00:00,41.4
2023-12-23T12:00:00+00:00,36.3
2023-12-23T13:00:00+00:00,38.5
2023-12-23T14:00:00+00:00,46.2
2023-12-23T15:00:00+00:00,48.5
2023-12-23T16:00:00+00:00,43.4
2023-12-23T17:00:00+00:00,42.0
2023-12-23T18:00:00+00:00,43.3
2023-12-23T19:00:00+00:00,43.2
2023-12-23T20:00:00+00:00,121.1
2023-12-23T21:00:00+00:00,42.7
2023-12-23T22:00:00+00:00,43.0
2023-12-23T23:00:00+00:00,40.6
2023-12-24T00:00:00+00:00,40.1
2023-12-24T01:00:00+00:00,41.1
2023-12-24T02:00:00+00:00,44.1
2023-12-24T03:00:00+00:00,51.6
2023-12-24T04:00:00+00:00,52.4
2023-12-24T05:00:00+00:00,55.6
2023-12-24T06:00:00+00:00,52.0
2023-12-24T07:00:00+00:00,101.1
2023-12-24T08:00:00+00:00,50.1
2023-12-24T09:00:00+00:00,43.1
2023-12-24T10:00:00+00:00,40.2
2023-12-24T11:00:00+00:00,39.3
2023-12-24T12:00:00+00:00,39.9
2023-12-24T13:00:00+00:00,40.9
2023-12-24T14:00:00+00:00,41.0
2023-12-24T15:00:00+00:00,42.0
2023-12-24T16:00:00+00:00,44.3
2023-12-24T17:00:00+00:00,49.4
2023-12-24T18:00:00+00:00,63.6
2023-12-24T19:00:00+00:00,62.7
2023-12-24T20:00:00+00:00,50.0
2023-12-24T21:00:00+00:00,36.1
2023-12-24T22:00:00+00:00,29.3
2023-12-24T23:00:00+00:00,44.8
2023-12-25T00:00:00+00:00,30.9
2023-12-25T01:00:00+00:00,36.2
2023-12-25T02:00:00+00:00,43.9
2023-12-25T03:00:00+00:00,55.6
2023-12-25T04:00:00+00:00,60.2
2023-12-25T05:00:00+00:00,54.9
2023-12-25T06:00:00+00:00,48.2
2023-12-25T07:00:00+00:00,49.2
2023-12-25T08:00:00+00:00,58.1
2023-12-25T09:00:00+00:00,206.6
2023-12-25T10:00:00+00:00,51.1
2023-12-25T11:00:00+00:00,56.7
2023-12-25T12:00:00+00:00,51.1
2023-12-25T13:00:00+00:00,49.8
2023-12-25T14:00:00+00:00,51.9
2023-12-25T15:00:00+00:00,53.1
2023-12-25T16:00:00+00:00,56.7
2023-12-25T17:00:00+00:00,53.1
2023-12-25T18:00:00+00:00,85.0
2023-12-25T19:00:00+00:00,40.2
2023-12-25T20:00:00+00:00,42.7
2023-12-25T21:00:00+00:00,42.2
2023-12-25T22:00:00+00:00,40.5
2023-12-25T23:00:00+00:00,41.2
2023-12-26T00:00:00+00:00,38.7
2023-12-26T01:00:00+00:00,48.7
2023-12-26T02:00:00+00:00,99.7
2023-12-26T03:00:00+00:00,49.6
2023-12-26T04:00:00+00:00,48.9
2023-12-26T05:00:00+00:00,50.9
2023-12-26T06:00:00+00:00,52.7
2023-12-26T07:00:00+00:00,58.2
2023-12-26T08:00:00+00:00,54.1
2023-12-26T09:00:00+00:00,173.5
2023-12-26T10:00:00+00:00,86.7
2023-12-26T11:00:00+00:00,56.1
2023-12-26T12:00:00+00:00,55.0
2023-12-26T13:00:00+00:00,56.9
2023-12-26T14:00:00+00:00,58.7
2023-12-26T15:00:00+00:00,61.5
2023-12-26T16:00:00+00:00,68.5
2023-12-26T17:00:00+00:00,75.0
2023-12-26T18:00:00+00:00,71.5
2023-12-26T19:00:00+00:00,77.7
2023-12-26T20:00:00+00:00,64.7
2023-12-26T21:00:00+00:00,68.3
2023-12-26T22:00:00+00:00,57.9
2023-12-26T23:00:00+00:00,55.8
2023-12-27T00:00:00+00:00,59.5
2023-12-27T01:00:00+00:00,57.7
2023-12-27T02:00:00+00:00,95.8
2023-12-27T03:00:00+00:00,108.3
2023-12-27T04:00:00+00:00,82.0
2023-12-27T05:00:00+00:00,89.4
2023-12-27T06:00:00+00:00,87.8
2023-12-27T07:00:00+00:00,84.0
2023-12-27T08:00:00+00:00,76.9
2023-12-27T09:00:00+00:00,105.3
2023-12-27T10:00:00+00:00,158.5
2023-12-27T11:00:00+00:00,82.3
2023-12-27T12:00:00+00:00,78.6
2023-12-27T13:00:00+00:00,78.5
2023-12-27T14:00:00+00:00,73.2
2023-12-27T15:00:00+00:00,74.6
2023-12-27T16:00:00+00:00,76.9
2023-12-27T17:00:00+00:00,73.0
2023-12-27T18:00:00+00:00,62.6
2023-12-27T19:00:00+00:00,45.4
2023-12-27T20:00:00+00:00,34.2
2023-12-27T21:00:00+00:00,31.0
2023-12-27T22:00:00+00:00,9.1
2023-12-27T23:00:00+00:00,8.9
2023-12-28T00:00:00+00:00,17.7
2023-12-28T01:00:00+00:00,30.9
2023-12-28T02:00:00+00:00,36.3
2023-12-28T03:00:00+00:00,42.0
2023-12-28T04:00:00+00:00,42.8
2023-12-28T05:00:00+00:00,34.6
2023-12-28T06:00:00+00:00,35.5
2023-12-28T07:00:00+00:00,37.8
2023-12-28T08:00:00+00:00,38.4
2023-12-28T09:00:00+00:00,132.0
2023-12-28T10:00:00+00:00,33.3
2023-12-28T11:00:00+00:00,29.7
2023-12-28T12:00:00+00:00,24.0
2023-12-28T13:00:00+00:00,29.1
2023-12-28T14:00:00+00:00,31.3
2023-12-28T15:00:00+00:00,38.5
2023-12-28T16:00:00+00:00,48.6
2023-12-28T17:00:00+00:00,44.8
2023-12-28T18:00:00+00:00,37.2
2023-12-28T19:00:00+00:00,29.8
2023-12-28T20:00:00+00:00,32.4
2023-12-28T21:00:00+00:00,28.7
2023-12-28T22:00:00+00:00,26.9
2023-12-28T23:00:00+00:00,24.5
2023-12-29T00:00:00+00:00,22.5
2023-12-29T01:00:00+00:00,23.4
2023-12-29T02:00:00+00:00,31.9
2023-12-29T03:00:00+00:00,31.9
2023-12-29T04:00:00+00:00,40.0
2023-12-29T05:00:00+00:00,44.6
2023-12-29T06:00:00+00:00,46.1
2023-12-29T07:00:00+00:00,169.4
2023-12-29T08:00:00+00:00,60.3
2023-12-29T09:00:00+00:00,26.4
2023-12-29T10:00:00+00:00,22.8
2023-12-29T11:00:00+00:00,19.6
2023-12-29T12:00:00+00:00,16.9
2023-12-29T13:00:00+00:00,10.0
2023-12-29T14:00:00+00:00,6.9
2023-12-29T15:00:00+00:00,7.6
2023-12-29T16:00:00+00:00,19.1
2023-12-29T17:00:00+00:00,28.4
2023-12-29T18:00:00+00:00,26.8
2023-12-29T19:00:00+00:00,19.5
2023-12-29T20:00:00+00:00,9.0
2023-12-29T21:00:00+00:00,4.9
2023-12-29T22:00:00+00:00,5.7
2023-12-29T23:00:00+00:00,5.4
2023-12-30T00:00:00+00:00,3.6
2023-12-30T01:00:00+00:00,5.3
2023-12-30T02:00:00+00:00,8.8
2023-12-30T03:00:00+00:00,13.5
2023-12-30T04:00:00+00:00,21.0
2023-12-30T05:00:00+00:00,25.5
2023-12-30T06:00:00+00:00,26.5
2023-12-30T07:00:00+00:00,17.1
2023-12-30T08:00:00+00:00,20.4
2023-12-30T09:00:00+00:00,0.3
2023-12-30T10:00:00+00:00,0.3
2023-12-30T11:00:00+00:00,1.3
2023-12-30T12:00:00+00:00,1.2
2023-12-30T13:00:00+00:00,1.1
2023-12-30T14:00:00+00:00,2.4
2023-12-30T15:00:00+00:00,5.1
2023-12-30T16:00:00+00:00,8.0
2023-12-30T17:00:00+00:00,10.4
2023-12-30T18:00:00+00:00,15.5
2023-12-30T19:00:00+00:00,12.6
2023-12-30T20:00:00+00:00,11.1
2023-12-30T21:00:00+00:00,18.0
2023-12-30T22:00:00+00:00,13.2
2023-12-30T23:00:00+00:00,14.2
2023-12-31T00:00:00+00:00,14.7
2023-12-31T01:00:00+00:00,21.4
2023-12-31T02:00:00+00:00,27.5
2023-12-31T03:00:00+00:00,38.0
2023-12-31T04:00:00+00:00,38.6
2023-12-31T05:00:00+00:00,49.5
2023-12-31T06:00:00+00:00,196.1
2023-12-31T07:00:00+00:00,42.8
2023-12-31T08:00:00+00:00,36.6
2023-12-31T09:00:00+00:00,33.0
2023-12-31T10:00:00+00:00,21.2
2023-12-31T11:00:00+00:00,22.3
2023-12-31T12:00:00+00:00,21.5
2023-12-31T13:00:00+00:00,13.6
2023-12-31T14:00:00+00:00,7.1
2023-12-31T15:00:00+00:00,13.2
2023-12-31T16:00:00+00:00,15.9
2023-12-31T17:00:00+00:00,11.5
2023-12-31T18:00:00+00:00,11.4
2023-12-31T19:00:00+00:00,5.9
2023-12-31T20:00:00+00:00,13.9
2023-12-31T21:00:00+00:00,5.8
2023-12-31T22:00:00+00:00,5.5
2023-12-31T23:00:00+00:00,7.3
2024-01-01T00:00:00+00:00,9.5
2024-01-01T01:00:00+00:00,8.4
2024-01-01T02:00:00+00:00,21.7
2024-01-01T03:00:00+00:00,17.8
2024-01-01T04:00:00+00:00,22.3
2024-01-01T05:00:00+00:00,20.7
2024-01-01T06:00:00+00:00,67.2
2024-01-01T07:00:00+00:00,31.3
2024-01-01T08:00:00+00:00,38.0
2024-01-01T09:00:00+00:00,43.2
2024-01-01T10:00:00+00:00,38.3
2024-01-01T11:00:00+00:00,60.1
2024-01-01T12:00:00+00:00,22.2
2024-01-01T13:00:00+00:00,22.4
2024-01-01T14:00:00+00:00,28.3
2024-01-01T15:00:00+00:00,31.4
2024-01-01T16:00:00+00:00,29.9
2024-01-01T17:00:00+00:00,31.5
2024-01-01T18:00:00+00:00,34.3
2024-01-01T19:00:00+00:00,36.1
2024-01-01T20:00:00+00:00,36.4
2024-01-01T21:00:00+00:00,36.2
2024-01-01T22:00:00+00:00,39.1
2024-01-01T23:00:00+00:00,37.3
2024-01-02T00:00:00+00:00,39.4
2024-01-02T01:00:00+00:00,38.7
2024-01-02T02:00:00+00:00,43.1
2024-01-02T03:00:00+00:00,43.5
2024-01-02T04:00:00+00:00,45.5
2024-01-02T05:00:00+00:00,49.2
2024-01-02T06:00:00+00:00,49.8
2024-01-02T07:00:00+00:00,136.3
2024-01-02T08:00:00+00:00,73.1
2024-01-02T09:00:00+00:00,45.0
2024-01-02T10:00:00+00:00,44.6
2024-01-02T11:00:00+00:00,46.5
2024-01-02T12:00:00+00:00,44.6
2024-01-02T13:00:00+00:00,38.6
2024-01-02T14:00:00+00:00,38.8
2024-01-02T15:00:00+00:00,38.1
2024-01-02T16:00:00+00:00,35.9
2024-01-02T17:00:00+00:00,37.1
2024-01-02T18:00:00+00:00,37.6
2024-01-02T19:00:00+00:00,42.9
2024-01-02T20:00:00+00:00,36.2
2024-01-02T21:00:00+00:00,41.0
2024-01-02T22:00:00+00:00,39.1
2024-01-02T23:00:00+00:00,40.0
2024-01-03T00:00:00+00:00,40.5
2024-01-03T01:00:00+00:00,48.0
2024-01-03T02:00:00+00:00,46.6
2024-01-03T03:00:00+00:00,48.4
2024-01-03T04:00:00+00:00,47.3
2024-01-03T05:00:00+00:00,41.1
2024-01-03T06:00:00+00:00,41.0
2024-01-03T07:00:00+00:00,130.2
2024-01-03T08:00:00+00:00,39.4
2024-01-03T09:00:00+00:00,38.1
2024-01-03T10:00:00+00:00,21.8
2024-01-03T11:00:00+00:00,21.7
2024-01-03T12:00:00+00:00,28.7
2024-01-03T13:00:00+00:00,27.6
2024-01-03T14:00:00+00:00,21.9
2024-01-03T15:00:00+00:00,24.9
2024-01-03T16:00:00+00:00,21.0
2024-01-03T17:00:00+00:00,21.1
2024-01-03T18:00:00+00:00,15.9
2024-01-03T19:00:00+00:00,12.9
2024-01-03T20:00:00+00:00,17.7
2024-01-03T21:00:00+00:00,5.3
2024-01-03T22:00:00+00:00,5.7
2024-01-03T23:00:00+00:00,2.8
2024-01-04T00:00:00+00:00,2.0
2024-01-04T01:00:00+00:00,3.4
2024-01-04T02:00:00+00:00,6.2
2024-01-04T03:00:00+00:00,8.2
2024-01-04T04:00:00+00:00,12.7
2024-01-04T05:00:00+00:00,9.7
2024-01-04T06:00:00+00:00,13.3
2024-01-04T07:00:00+00:00,20.2
2024-01-04T08:00:00+00:00,20.8
2024-01-04T09:00:00+00:00,22.7
2024-01-04T10:00:00+00:00,13.9
2024-01-04T11:00:00+00:00,17.8
2024-01-04T12:00:00+00:00,17.5
2024-01-04T13:00:00+00:00,11.4
2024-01-04T14:00:00+00:00,9.5
2024-01-04T15:00:00+00:00,10.0
2024-01-04T16:00:00+00:00,11.2
2024-01-04T17:00:00+00:00,10.2
2024-01-04T18:00:00+00:00,16.2
2024-01-04T19:00:00+00:00,19.8
2024-01-04T20:00:00+00:00,16.6
2024-01-04T21:00:00+00:00,22.3
2024-01-04T22:00:00+00:00,16.0
2024-01-04T23:00:00+00:00,15.6
2024-01-05T00:00:00+00:00,23.7
2024-01-05T01:00:00+00:00,76.2
2024-01-05T02:00:00+00:00,51.6
2024-01-05T03:00:00+00:00,46.6
2024-01-05T04:00:00+00:00,45.9
2024-01-05T05:00:00+00:00,46.4
2024-01-05T06:00:00+00:00,202.9
2024-01-05T07:00:00+00:00,51.2
2024-01-05T08:00:00+00:00,49.1
2024-01-05T09:00:00+00:00,45.1
2024-01-05T10:00:00+00:00,44.8
2024-01-05T11:00:00+00:00,41.4
2024-01-05T12:00:00+00:00,38.2
2024-01-05T13:00:00+00:00,37.5
2024-01-05T14:00:00+00:00,36.9
2024-01-05T15:00:00+00:00,35.9
2024-01-05T16:00:00+00:00,35.3
2024-01-05T17:00:00+00:00,32.9
2024-01-05T18:00:00+00:00,32.8
2024-01-05T19:00:00+00:00,31.3
2024-01-05T20:00:00+00:00,48.8
2024-01-05T21:00:00+00:00,31.0
2024-01-05T22:00:00+00:00,27.4
2024-01-05T23:00:00+00:00,26.6
2024-01-06T00:00:00+00:00,26.2
2024-01-06T01:00:00+00:00,28.0
2024-01-06T02:00:00+00:00,34.6
2024-01-06T03:00:00+00:00,39.7
2024-01-06T04:00:00+00:00,48.6
2024-01-06T05:00:00+00:00,55.9
2024-01-06T06:00:00+00:00,58.6
2024-01-06T07:00:00+00:00,54.9
2024-01-06T08:00:00+00:00,244.6
2024-01-06T09:00:00+00:00,52.5
2024-01-06T10:00:00+00:00,48.2
2024-01-06T11:00:00+00:00,47.1
2024-01-06T12:00:00+00:00,48.5
2024-01-06T13:00:00+00:00,52.1
2024-01-06T14:00:00+00:00,50.3
2024-01-06T15:00:00+00:00,51.9
2024-01-06T16:00:00+00:00,51.5
2024-01-06T17:00:00+00:00,39.9
2024-01-06T18:00:00+00:00,42.3
2024-01-06T19:00:00+00:00,44.9
2024-01-06T20:00:00+00:00,49.6
2024-01-06T21:00:00+00:00,51.4
2024-01-06T22:00:00+00:00,52.0
2024-01-06T23:00:00+00:00,42.3
2024-01-07T00:00:00+00:00,35.1
2024-01-07T01:00:00+00:00,32.4
2024-01-07T02:00:00+00:00,23.2
2024-01-07T03:00:00+00:00,26.1
2024-01-07T04:00:00+00:00,17.6
2024-01-07T05:00:00+00:00,24.3
2024-01-07T06:00:00+00:00,14.3
2024-01-07T07:00:00+00:00,7.1
2024-01-07T08:00:00+00:00,11.4
2024-01-07T09:00:00+00:00,8.2
2024-01-07T10:00:00+00:00,35.7
2024-01-07T11:00:00+00:00,9.8
2024-01-07T12:00:00+00:00,11.9
2024-01-07T13:00:00+00:00,16.2
2024-01-07T14:00:00+00:00,18.2
2024-01-07T15:00:00+00:00,18.3
2024-01-07T16:00:00+00:00,16.6
2024-01-07T17:00:00+00:00,17.9
2024-01-07T18:00:00+00:00,16.8
2024-01-07T19:00:00+00:00,12.6
2024-01-07T20:00:00+00:00,9.9
2024-01-07T21:00:00+00:00,12.7
2024-01-07T22:00:00+00:00,7.4
2024-01-07T23:00:00+00:00,6.4
2024-01-08T00:00:00+00:00,12.0
2024-01-08T01:00:00+00:00,14.4
2024-01-08T02:00:00+00:00,36.5
2024-01-08T03:00:00+00:00,42.1
2024-01-08T04:00:00+00:00,47.4
2024-01-08T05:00:00+00:00,46.8
2024-01-08T06:00:00+00:00,61.3
2024-01-08T07:00:00+00:00,60.5
2024-01-08T08:00:00+00:00,225.4
2024-01-08T09:00:00+00:00,45.5
2024-01-08T10:00:00+00:00,41.2
2024-01-08T11:00:00+00:00,38.0
2024-01-08T12:00:00+00:00,36.1
2024-01-08T13:00:00+00:00,35.5
2024-01-08T14:00:00+00:00,35.2
2024-01-08T15:00:00+00:00,36.4
2024-01-08T16:00:00+00:00,33.2
2024-01-08T17:00:00+00:00,24.9
2024-01-08T18:00:00+00:00,18.3
2024-01-08T19:00:00+00:00,19.1
2024-01-08T20:00:00+00:00,13.7
2024-01-08T21:00:00+00:00,15.0
2024-01-08T22:00:00+00:00,11.4
2024-01-08T23:00:00+00:00,11.3
2024-01-09T00:00:00+00:00,11.8
2024-01-09T01:00:00+00:00,24.2
2024-01-09T02:00:00+00:00,21.1
2024-01-09T03:00:00+00:00,45.0
2024-01-09T04:00:00+00:00,37.2
2024-01-09T05:00:00+00:00,40.8
2024-01-09T06:00:00+00:00,35.3
2024-01-09T07:00:00+00:00,35.2
2024-01-09T08:00:00+00:00,190.0
2024-01-09T09:00:00+00:00,33.3
2024-01-09T10:00:00+00:00,31.0
2024-01-09T11:00:00+00:00,28.9
2024-01-09T12:00:00+00:00,26.0
2024-01-09T13:00:00+00:00,26.3
2024-01-09T14:00:00+00:00,26.6
2024-01-09T15:00:00+00:00,26.8
2024-01-09T16:00:00+00:00,25.6
2024-01-09T17:00:00+00:00,18.5
2024-01-09T18:00:00+00:00,18.4
2024-01-09T19:00:00+00:00,18.1
2024-01-09T20:00:00+00:00,17.7
2024-01-09T21:00:00+00:00,15.9
2024-01-09T22:00:00+00:00,17.8
2024-01-09T23:00:00+00:00,20.4
2024-01-10T00:00:00+00:00,23.0
2024-01-10T01:00:00+00:00,24.3
2024-01-10T02:00:00+00:00,27.1
2024-01-10T03:00:00+00:00,31.6
2024-01-10T04:00:00+00:00,34.8
2024-01-10T05:00:00+00:00,37.7
2024-01-10T06:00:00+00:00,29.4
2024-01-10T07:00:00+00:00,47.4
2024-01-10T08:00:00+00:00,26.8
2024-01-10T09:00:00+00:00,30.6
2024-01-10T10:00:00+00:00,27.6
2024-01-10T11:00:00+00:00,23.2
2024-01-10T12:00:00+00:00,28.6
2024-01-10T13:00:00+00:00,29.9
2024-01-10T14:00:00+00:00,33.9
2024-01-10T15:00:00+00:00,33.5
2024-01-10T16:00:00+00:00,31.1
2024-01-10T17:00:00+00:00,26.6
2024-01-10T18:00:00+00:00,24.1
2024-01-10T19:00:00+00:00,14.5
2024-01-10T20:00:00+00:00,5.6
2024-01-10T21:00:00+00:00,3.6
2024-01-10T22:00:00+00:00,2.2
2024-01-10T23:00:00+00:00,1.0
2024-01-11T00:00:00+00:00,1.5
2024-01-11T01:00:00+00:00,2.7
2024-01-11T02:00:00+00:00,11.1
2024-01-11T03:00:00+00:00,8.0
2024-01-11T04:00:00+00:00,9.2
2024-01-11T05:00:00+00:00,15.2
2024-01-11T06:00:00+00:00,21.2
2024-01-11T07:00:00+00:00,22.7
2024-01-11T08:00:00+00:00,15.4
2024-01-11T09:00:00+00:00,9.3
2024-01-11T10:00:00+00:00,0.3
2024-01-11T11:00:00+00:00,0.7
2024-01-11T12:00:00+00:00,0.4
2024-01-11T13:00:00+00:00,1.0
2024-01-11T14:00:00+00:00,2.5
2024-01-11T15:00:00+00:00,1.1
2024-01-11T16:00:00+00:00,1.0
2024-01-11T17:00:00+00:00,1.3
2024-01-11T18:00:00+00:00,1.6
2024-01-11T19:00:00+00:00,5.7
2024-01-11T20:00:00+00:00,7.7
2024-01-11T21:00:00+00:00,3.2
2024-01-11T22:00:00+00:00,2.0
2024-01-11T23:00:00+00:00,1.7
2024-01-12T00:00:00+00:00,1.1
2024-01-12T01:00:00+00:00,9.0
2024-01-12T02:00:00+00:00,10.9
2024-01-12T03:00:00+00:00,37.6
2024-01-12T04:00:00+00:00,38.6
2024-01-12T05:00:00+00:00,36.7
2024-01-12T06:00:00+00:00,20.7
2024-01-12T07:00:00+00:00,30.2
2024-01-12T08:00:00+00:00,197.0
2024-01-12T09:00:00+00:00,19.0
2024-01-12T10:00:00+00:00,25.4
2024-01-12T11:00:00+00:00,25.0
2024-01-12T12:00:00+00:00,22.5
2024-01-12T13:00:00+00:00,20.2
2024-01-12T14:00:00+00:00,18.7
2024-01-12T15:00:00+00:00,15.3
2024-01-12T16:00:00+00:00,17.1
2024-01-12T17:00:00+00:00,19.6
2024-01-12T18:00:00+00:00,27.6
2024-01-12T19:00:00+00:00,26.4
2024-01-12T20:00:00+00:00,32.3
2024-01-12T21:00:00+00:00,23.0
2024-01-12T22:00:00+00:00,23.1
2024-01-12T23:00:00+00:00,19.7
2024-01-13T00:00:00+00:00,17.5
2024-01-13T01:00:00+00:00,21.0
2024-01-13T02:00:00+00:00,24.5
2024-01-13T03:00:00+00:00,37.4
2024-01-13T04:00:00+00:00,42.8
2024-01-13T05:00:00+00:00,35.2
2024-01-13T06:00:00+00:00,40.8
2024-01-13T07:00:00+00:00,45.2
2024-01-13T08:00:00+00:00,45.2
2024-01-13T09:00:00+00:00,205.4
2024-01-13T10:00:00+00:00,45.3
2024-01-13T11:00:00+00:00,47.1
2024-01-13T12:00:00+00:00,51.6
2024-01-13T13:00:00+00:00,54.5
2024-01-13T14:00:00+00:00,52.0
2024-01-13T15:00:00+00:00,50.5
2024-01-13T16:00:00+00:00,46.0
2024-01-13T17:00:00+00:00,44.2
2024-01-13T18:00:00+00:00,44.7
2024-01-13T19:00:00+00:00,59.3
2024-01-13T20:00:00+00:00,52.3
2024-01-13T21:00:00+00:00,50.3
2024-01-13T22:00:00+00:00,54.3
2024-01-13T23:00:00+00:00,52.4
2024-01-14T00:00:00+00:00,44.0
2024-01-14T01:00:00+00:00,49.3
2024-01-14T02:00:00+00:00,69.5
2024-01-14T03:00:00+00:00,57.7
2024-01-14T04:00:00+00:00,68.0
2024-01-14T05:00:00+00:00,54.3
2024-01-14T06:00:00+00:00,46.4
2024-01-14T07:00:00+00:00,166.0
2024-01-14T08:00:00+00:00,48.7
2024-01-14T09:00:00+00:00,49.6
2024-01-14T10:00:00+00:00,50.3
2024-01-14T11:00:00+00:00,53.3
2024-01-14T12:00:00+00:00,51.9
2024-01-14T13:00:00+00:00,49.8
2024-01-14T14:00:00+00:00,48.8
2024-01-14T15:00:00+00:00,47.1
2024-01-14T16:00:00+00:00,44.8
2024-01-14T17:00:00+00:00,37.4
2024-01-14T18:00:00+00:00,26.7
2024-01-14T19:00:00+00:00,35.2
2024-01-14T20:00:00+00:00,32.2
2024-01-14T21:00:00+00:00,25.2
2024-01-14T22:00:00+00:00,17.4
2024-01-14T23:00:00+00:00,17.2
2024-01-15T00:00:00+00:00,11.5
2024-01-15T01:00:00+00:00,23.5
2024-01-15T02:00:00+00:00,36.3
2024-01-15T03:00:00+00:00,49.7
2024-01-15T04:00:00+00:00,31.4
2024-01-15T05:00:00+00:00,115.2
2024-01-15T06:00:00+00:00,24.5
2024-01-15T07:00:00+00:00,26.7
2024-01-15T08:00:00+00:00,33.3
2024-01-15T09:00:00+00:00,38.0
2024-01-15T10:00:00+00:00,32.7
2024-01-15T11:00:00+00:00,23.9
2024-01-15T12:00:00+00:00,24.1
2024-01-15T13:00:00+00:00,21.3
2024-01-15T14:00:00+00:00,16.5
2024-01-15T15:00:00+00:00,14.6
2024-01-15T16:00:00+00:00,13.7
2024-01-15T17:00:00+00:00,11.7
2024-01-15T18:00:00+00:00,17.3
2024-01-15T19:00:00+00:00,17.2
2024-01-15T20:00:00+00:00,22.7
2024-01-15T21:00:00+00:00,23.2
2024-01-15T22:00:00+00:00,25.7
2024-01-15T23:00:00+00:00,29.4
2024-01-16T00:00:00+00:00,27.4
2024-01-16T01:00:00+00:00,26.6
2024-01-16T02:00:00+00:00,24.7
2024-01-16T03:00:00+00:00,27.1
2024-01-16T04:00:00+00:00,33.6
2024-01-16T05:00:00+00:00,29.8
2024-01-16T06:00:00+00:00,30.6
2024-01-16T07:00:00+00:00,27.4
2024-01-16T08:00:00+00:00,18.9
2024-01-16T09:00:00+00:00,17.8
2024-01-16T10:00:00+00:00,17.7
2024-01-16T11:00:00+00:00,16.3
2024-01-16T12:00:00+00:00,15.9
2024-01-16T13:00:00+00:00,22.6
2024-01-16T14:00:00+00:00,27.5
2024-01-16T15:00:00+00:00,29.5
2024-01-16T16:00:00+00:00,24.4
2024-01-16T17:00:00+00:00,24.6
2024-01-16T18:00:00+00:00,30.9
2024-01-16T19:00:00+00:00,31.9
2024-01-16T20:00:00+00:00,34.0
2024-01-16T21:00:00+00:00,44.6
2024-01-16T22:00:00+00:00,43.8
2024-01-16T23:00:00+00:00,39.4
2024-01-17T00:00:00+00:00,37.2
2024-01-17T01:00:00+00:00,36.7
2024-01-17T02:00:00+00:00,36.1
2024-01-17T03:00:00+00:00,39.2
2024-01-17T04:00:00+00:00,50.1
2024-01-17T05:00:00+00:00,49.5
2024-01-17T06:00:00+00:00,48.5
2024-01-17T07:00:00+00:00,65.3
2024-01-17T08:00:00+00:00,44.1
2024-01-17T09:00:00+00:00,43.8
2024-01-17T10:00:00+00:00,44.1
2024-01-17T11:00:00+00:00,43.1
2024-01-17T12:00:00+00:00,42.4
2024-01-17T13:00:00+00:00,44.5
2024-01-17T14:00:00+00:00,45.7
2024-01-17T15:00:00+00:00,45.1
2024-01-17T16:00:00+00:00,45.0
2024-01-17T17:00:00+00:00,44.7
2024-01-17T18:00:00+00:00,57.6
2024-01-17T19:00:00+00:00,37.3
2024-01-17T20:00:00+00:00,29.5
2024-01-17T21:00:00+00:00,21.8
2024-01-17T22:00:00+00:00,11.6
2024-01-17T23:00:00+00:00,7.9
2024-01-18T00:00:00+00:00,9.9
2024-01-18T01:00:00+00:00,30.9
2024-01-18T02:00:00+00:00,38.1
2024-01-18T03:00:00+00:00,36.3
2024-01-18T04:00:00+00:00,33.9
2024-01-18T05:00:00+00:00,36.2
2024-01-18T06:00:00+00:00,98.6
2024-01-18T07:00:00+00:00,128.7
2024-01-18T08:00:00+00:00,49.3
2024-01-18T09:00:00+00:00,45.3
2024-01-18T10:00:00+00:00,44.4
2024-01-18T11:00:00+00:00,42.8
2024-01-18T12:00:00+00:00,37.3
2024-01-18T13:00:00+00:00,34.8
2024-01-18T14:00:00+00:00,39.6
2024-01-18T15:00:00+00:00,33.5
2024-01-18T16:00:00+00:00,52.9
2024-01-18T17:00:00+00:00,38.6
2024-01-18T18:00:00+00:00,39.1
2024-01-18T19:00:00+00:00,37.4
2024-01-18T20:00:00+00:00,39.1
2024-01-18T21:00:00+00:00,35.8
2024-01-18T22:00:00+00:00,34.4
2024-01-18T23:00:00+00:00,32.8
2024-01-19T00:00:00+00:00,33.8
2024-01-19T01:00:00+00:00,34.8
2024-01-19T02:00:00+00:00,37.8
2024-01-19T17:00:00+00:00,47.8
2024-01-19T18:00:00+00:00,45.6
2024-01-19T19:00:00+00:00,41.7
2024-01-19T20:00:00+00:00,31.4
2024-01-19T21:00:00+00:00,23.5
2024-01-19T22:00:00+00:00,25.7
2024-01-19T23:00:00+00:00,37.1
2024-01-20T00:00:00+00:00,44.4
2024-01-20T01:00:00+00:00,29.7
2024-01-20T02:00:00+00:00,35.8
2024-01-20T03:00:00+00:00,35.7
2024-01-20T04:00:00+00:00,91.5
2024-01-20T05:00:00+00:00,104.0
2024-01-20T06:00:00+00:00,39.6
2024-01-20T07:00:00+00:00,32.4
2024-01-20T08:00:00+00:00,32.3
2024-01-20T09:00:00+00:00,42.8
2024-01-20T10:00:00+00:00,41.6
2024-01-20T11:00:00+00:00,27.9
2024-01-20T12:00:00+00:00,14.0
2024-01-20T13:00:00+00:00,11.9
2024-01-20T14:00:00+00:00,10.0
2024-01-20T15:00:00+00:00,2.8
2024-01-20T16:00:00+00:00,6.5
2024-01-20T17:00:00+00:00,3.1
2024-01-20T18:00:00+00:00,3.7
2024-01-20T19:00:00+00:00,5.2
2024-01-20T20:00:00+00:00,4.9
2024-01-20T21:00:00+00:00,2.6
2024-01-20T22:00:00+00:00,1.9
2024-01-20T23:00:00+00:00,1.9
2024-01-21T00:00:00+00:00,2.8
2024-01-21T01:00:00+00:00,5.7
2024-01-21T02:00:00+00:00,8.7
2024-01-21T03:00:00+00:00,8.2
2024-01-21T04:00:00+00:00,7.8
2024-01-21T05:00:00+00:00,8.8
2024-01-21T06:00:00+00:00,7.5
2024-01-21T07:00:00+00:00,4.3
2024-01-21T08:00:00+00:00,3.2
2024-01-21T09:00:00+00:00,63.6
2024-01-21T10:00:00+00:00,6.1
2024-01-21T11:00:00+00:00,7.7
2024-01-21T12:00:00+00:00,7.9
2024-01-21T13:00:00+00:00,6.9
2024-01-21T14:00:00+00:00,6.2
2024-01-21T15:00:00+00:00,5.0
2024-01-21T16:00:00+00:00,5.3
2024-01-21T17:00:00+00:00,3.4
2024-01-21T18:00:00+00:00,2.2
2024-01-21T19:00:00+00:00,5.2
2024-01-21T20:00:00+00:00,6.1
2024-01-21T21:00:00+00:00,1.1
2024-01-21T22:00:00+00:00,1.6
2024-01-21T23:00:00+00:00,1.8
2024-01-22T00:00:00+00:00,3.5
2024-01-22T01:00:00+00:00,4.9
2024-01-22T02:00:00+00:00,18.5
2024-01-22T03:00:00+00:00,6.0
2024-01-22T04:00:00+00:00,8.8
2024-01-22T05:00:00+00:00,3.1
2024-01-22T06:00:00+00:00,2.5
2024-01-22T07:00:00+00:00,44.6
2024-01-22T08:00:00+00:00,3.0
2024-01-22T09:00:00+00:00,2.9
2024-01-22T10:00:00+00:00,2.7
2024-01-22T11:00:00+00:00,3.8
2024-01-22T12:00:00+00:00,3.4
2024-01-22T13:00:00+00:00,1.6
2024-01-22T14:00:00+00:00,2.2
2024-01-22T15:00:00+00:00,1.4
2024-01-22T16:00:00+00:00,1.0
2024-01-22T17:00:00+00:00,1.7
2024-01-22T18:00:00+00:00,10.5
2024-01-22T19:00:00+00:00,11.0
2024-01-22T20:00:00+00:00,1.8
2024-01-22T21:00:00+00:00,1.4
2024-01-22T22:00:00+00:00,2.5
2024-01-22T23:00:00+00:00,0.9
2024-01-23T00:00:00+00:00,4.5
2024-01-23T01:00:00+00:00,17.2
2024-01-23T02:00:00+00:00,6.3
2024-01-23T03:00:00+00:00,7.4
2024-01-23T04:00:00+00:00,12.9
2024-01-23T05:00:00+00:00,120.7
2024-01-23T06:00:00+00:00,13.8
2024-01-23T07:00:00+00:00,8.8
2024-01-23T08:00:00+00:00,9.1
2024-01-23T09:00:00+00:00,10.1
2024-01-23T10:00:00+00:00,13.6
2024-01-23T11:00:00+00:00,17.2
2024-01-23T12:00:00+00:00,20.9
2024-01-23T13:00:00+00:00,22.9
2024-01-23T14:00:00+00:00,18.2
2024-01-23T15:00:00+00:00,16.4
2024-01-23T16:00:00+00:00,12.3
2024-01-23T17:00:00+00:00,14.2
2024-01-23T18:00:00+00:00,7.1
2024-01-23T19:00:00+00:00,5.3
2024-01-23T20:00:00+00:00,5.9
2024-01-23T21:00:00+00:00,5.9
2024-01-23T22:00:00+00:00,4.7
2024-01-23T23:00:00+00:00,3.5
2024-01-24T00:00:00+00:00,2.8
2024-01-24T01:00:00+00:00,5.4
2024-01-24T02:00:00+00:00,11.4
2024-01-24T03:00:00+00:00,40.1
2024-01-24T04:00:00+00:00,16.6
2024-01-24T05:00:00+00:00,16.5
2024-01-24T06:00:00+00:00,20.4
2024-01-24T07:00:00+00:00,164.7
2024-01-24T08:00:00+00:00,30.0
2024-01-24T09:00:00+00:00,30.0
2024-01-24T10:00:00+00:00,29.5
2024-01-24T11:00:00+00:00,26.7
2024-01-24T12:00:00+00:00,27.3
2024-01-24T13:00:00+00:00,30.9
2024-01-24T14:00:00+00:00,32.6
2024-01-24T15:00:00+00:00,34.0
2024-01-24T16:00:00+00:00,34.3
2024-01-24T17:00:00+00:00,35.0
2024-01-24T18:00:00+00:00,34.2
2024-01-24T19:00:00+00:00,35.1
2024-01-24T20:00:00+00:00,24.0
2024-01-24T21:00:00+00:00,18.3
2024-01-24T22:00:00+00:00,15.1
2024-01-24T23:00:00+00:00,13.8
2024-01-25T00:00:00+00:00,19.2
2024-01-25T01:00:00+00:00,28.8
2024-01-25T02:00:00+00:00,31.2
2024-01-25T03:00:00+00:00,32.7
2024-01-25T04:00:00+00:00,29.2
2024-01-25T05:00:00+00:00,29.4
2024-01-25T06:00:00+00:00,30.9
2024-01-25T07:00:00+00:00,127.6
2024-01-25T08:00:00+00:00,70.0
2024-01-25T09:00:00+00:00,14.7
2024-01-25T10:00:00+00:00,17.0
2024-01-25T11:00:00+00:00,17.6
2024-01-25T12:00:00+00:00,18.4
2024-01-25T13:00:00+00:00,17.2
2024-01-25T14:00:00+00:00,15.9
2024-01-25T15:00:00+00:00,26.2
2024-01-25T16:00:00+00:00,29.2
2024-01-25T17:00:00+00:00,26.4
2024-01-25T18:00:00+00:00,21.4
2024-01-25T19:00:00+00:00,21.1
2024-01-25T20:00:00+00:00,12.0
2024-01-25T21:00:00+00:00,5.5
2024-01-25T22:00:00+00:00,5.5
2024-01-25T23:00:00+00:00,3.0
2024-01-26T00:00:00+00:00,2.5
2024-01-26T01:00:00+00:00,2.6
2024-01-26T02:00:00+00:00,4.0
2024-01-26T03:00:00+00:00,4.9
2024-01-26T04:00:00+00:00,9.3
2024-01-26T05:00:00+00:00,8.1
2024-01-26T06:00:00+00:00,10.2
2024-01-26T07:00:00+00:00,83.2
2024-01-26T08:00:00+00:00,77.4
2024-01-26T09:00:00+00:00,10.4
2024-01-26T10:00:00+00:00,11.2
2024-01-26T11:00:00+00:00,12.4
2024-01-26T12:00:00+00:00,15.5
2024-01-26T13:00:00+00:00,17.1
2024-01-26T14:00:00+00:00,18.2
2024-01-26T15:00:00+00:00,21.0
2024-01-26T16:00:00+00:00,23.3
2024-01-26T17:00:00+00:00,24.7
2024-01-26T18:00:00+00:00,23.9
2024-01-26T19:00:00+00:00,15.1
2024-01-26T20:00:00+00:00,9.1
2024-01-26T21:00:00+00:00,5.2
2024-01-26T22:00:00+00:00,5.1
2024-01-26T23:00:00+00:00,5.2
2024-01-27T00:00:00+00:00,4.2
2024-01-27T01:00:00+00:00,4.5
2024-01-27T02:00:00+00:00,12.2
2024-01-27T03:00:00+00:00,13.1
2024-01-27T04:00:00+00:00,15.1
2024-01-27T05:00:00+00:00,18.1
2024-01-27T06:00:00+00:00,23.4
2024-01-27T07:00:00+00:00,23.3
2024-01-27T08:00:00+00:00,30.1
2024-01-27T09:00:00+00:00,99.1
2024-01-27T10:00:00+00:00,73.2
2024-01-27T11:00:00+00:00,23.2
2024-01-27T12:00:00+00:00,23.7
2024-01-27T13:00:00+00:00,25.3
2024-01-27T14:00:00+00:00,28.0
2024-01-27T15:00:00+00:00,27.7
2024-01-27T16:00:00+00:00,29.5
2024-01-27T17:00:00+00:00,21.6
2024-01-27T18:00:00+00:00,27.6
2024-01-27T19:00:00+00:00,22.5
2024-01-27T20:00:00+00:00,18.2
2024-01-27T21:00:00+00:00,20.0
2024-01-27T22:00:00+00:00,18.2
2024-01-27T23:00:00+00:00,16.9
2024-01-28T00:00:00+00:00,19.4
2024-01-28T01:00:00+00:00,17.0
2024-01-28T02:00:00+00:00,19.9
2024-01-28T03:00:00+00:00,26.3
2024-01-28T04:00:00+00:00,31.0
2024-01-28T05:00:00+00:00,37.1
2024-01-28T06:00:00+00:00,47.9
2024-01-28T07:00:00+00:00,157.1
2024-01-28T08:00:00+00:00,47.3
2024-01-28T09:00:00+00:00,44.4
2024-01-28T10:00:00+00:00,41.4
2024-01-28T11:00:00+00:00,38.3
2024-01-28T12:00:00+00:00,36.2
2024-01-28T13:00:00+00:00,38.4
2024-01-28T14:00:00+00:00,45.0
2024-01-28T15:00:00+00:00,47.1
2024-01-28T16:00:00+00:00,43.7
2024-01-28T17:00:00+00:00,41.9
2024-01-28T18:00:00+00:00,45.2
2024-01-28T19:00:00+00:00,38.0
2024-01-28T20:00:00+00:00,33.0
2024-01-28T21:00:00+00:00,23.9
2024-01-28T22:00:00+00:00,14.5
2024-01-28T23:00:00+00:00,14.8
2024-01-29T00:00:00+00:00,11.5
2024-01-29T01:00:00+00:00,13.0
2024-01-29T02:00:00+00:00,20.2
2024-01-29T03:00:00+00:00,30.0
2024-01-29T04:00:00+00:00,36.3
2024-01-29T05:00:00+00:00,43.1
2024-01-29T06:00:00+00:00,42.7
2024-01-29T07:00:00+00:00,35.8
2024-01-29T08:00:00+00:00,34.7
2024-01-29T09:00:00+00:00,33.4
2024-01-29T10:00:00+00:00,183.4
2024-01-29T11:00:00+00:00,32.5
2024-01-29T12:00:00+00:00,34.7
2024-01-29T13:00:00+00:00,39.8
2024-01-29T14:00:00+00:00,44.9
2024-01-29T15:00:00+00:00,54.8
2024-01-29T16:00:00+00:00,74.4
2024-01-29T17:00:00+00:00,70.1
2024-01-29T18:00:00+00:00,69.6
2024-01-29T19:00:00+00:00,57.8
2024-01-29T20:00:00+00:00,55.0
2024-01-29T21:00:00+00:00,46.1
2024-01-29T22:00:00+00:00,31.3
2024-01-29T23:00:00+00:00,27.7
2024-01-30T00:00:00+00:00,27.2
2024-01-30T01:00:00+00:00,27.4
2024-01-30T02:00:00+00:00,33.6
2024-01-30T03:00:00+00:00,35.8
2024-01-30T04:00:00+00:00,38.0
2024-01-30T05:00:00+00:00,40.7
2024-01-30T06:00:00+00:00,42.4
2024-01-30T07:00:00+00:00,39.4
2024-01-30T08:00:00+00:00,44.5
2024-01-30T09:00:00+00:00,118.8
2024-01-30T10:00:00+00:00,40.7
2024-01-30T11:00:00+00:00,32.0
2024-01-30T12:00:00+00:00,31.6
2024-01-30T13:00:00+00:00,33.6
2024-01-30T14:00:00+00:00,32.4
2024-01-30T15:00:00+00:00,27.3
2024-01-30T16:00:00+00:00,27.5
2024-01-30T17:00:00+00:00,37.1
2024-01-30T18:00:00+00:00,44.0
2024-01-30T19:00:00+00:00,46.0
2024-01-30T20:00:00+00:00,36.2
2024-01-30T21:00:00+00:00,27.9
2024-01-30T22:00:00+00:00,24.3
2024-01-30T23:00:00+00:00,20.4
2024-01-31T00:00:00+00:00,15.7
2024-01-31T01:00:00+00:00,16.0
2024-01-31T02:00:00+00:00,22.0
2024-01-31T03:00:00+00:00,31.9
2024-01-31T04:00:00+00:00,36.1
2024-01-31T05:00:00+00:00,39.4
2024-01-31T06:00:00+00:00,42.0
2024-01-31T07:00:00+00:00,43.7
2024-01-31T08:00:00+00:00,169.1
2024-01-31T09:00:00+00:00,30.1
2024-01-31T10:00:00+00:00,24.0
2024-01-31T11:00:00+00:00,27.6
2024-01-31T12:00:00+00:00,34.9
2024-01-31T13:00:00+00:00,34.3
2024-01-31T14:00:00+00:00,27.7
2024-01-31T15:00:00+00:00,20.8
2024-01-31T16:00:00+00:00,20.2
2024-01-31T17:00:00+00:00,9.3
2024-01-31T18:00:00+00:00,3.1
2024-01-31T19:00:00+00:00,3.6
2024-01-31T20:00:00+00:00,4.9
2024-01-31T21:00:00+00:00,3.5
2024-01-31T22:00:00+00:00,4.2
