time_stamp,pm2.5_atm,pm2.5_cf_1,humidity,pm2.5_atm_a,pm2.5_atm_b
2023-12-04T00:00:00+00:00,40.1,46.8,33,39.5,40.6
2023-12-04T01:00:00+00:00,41.8,48.5,39,41.4,42.1
2023-12-04T02:00:00+00:00,47.4,58.3,45,47.2,47.5
2023-12-04T03:00:00+00:00,54.6,74.7,47,54.7,54.4
2023-12-04T04:00:00+00:00,65.0,97.1,48,64.1,65.8
2023-12-04T05:00:00+00:00,77.5,117.7,50,75.7,79.3
2023-12-04T06:00:00+00:00,76.5,116.2,51,74.4,78.6
2023-12-04T07:00:00+00:00,73.4,111.4,52,71.3,75.5
2023-12-04T08:00:00+00:00,65.9,98.2,53,65.0,66.7
2023-12-04T09:00:00+00:00,61.4,88.8,53,61.6,61.2
2023-12-04T10:00:00+00:00,56.7,77.2,53,56.9,56.6
2023-12-04T11:00:00+00:00,49.4,60.2,52,49.3,49.6
2023-12-04T12:00:00+00:00,49.1,59.9,52,48.9,49.3
2023-12-04T13:00:00+00:00,47.3,55.9,53,46.9,47.6
2023-12-04T14:00:00+00:00,42.6,47.0,53,42.2,43.0
2023-12-04T15:00:00+00:00,43.0,47.5,54,42.6,43.3
2023-12-04T16:00:00+00:00,45.0,51.8,51,44.6,45.4
2023-12-04T17:00:00+00:00,42.7,49.3,42,42.2,43.1
2023-12-04T18:00:00+00:00,37.3,42.3,31,36.4,38.2
2023-12-04T19:00:00+00:00,30.8,32.1,25,29.3,32.3
2023-12-04T20:00:00+00:00,28.8,29.4,21,27.1,30.6
2023-12-04T21:00:00+00:00,26.8,27.0,19,25.0,28.6
2023-12-04T22:00:00+00:00,20.8,20.8,20,19.2,22.3
2023-12-04T23:00:00+00:00,14.9,14.9,24,13.6,16.1
2023-12-05T00:00:00+00:00,13.7,13.7,29,12.7,14.8
2023-12-05T01:00:00+00:00,18.0,18.0,35,17.1,18.9
2023-12-05T02:00:00+00:00,25.1,25.1,41,23.9,26.3
2023-12-05T03:00:00+00:00,33.7,34.9,45,33.0,34.4
2023-12-05T04:00:00+00:00,36.1,37.9,48,35.6,36.6
2023-12-05T05:00:00+00:00,38.2,40.9,50,37.5,38.9
2023-12-05T06:00:00+00:00,42.9,48.3,51,42.5,43.4
2023-12-05T07:00:00+00:00,45.8,53.1,52,45.2,46.4
2023-12-05T08:00:00+00:00,47.5,55.5,53,47.1,47.8
2023-12-05T09:00:00+00:00,48.9,57.9,53,48.6,49.3
2023-12-05T10:00:00+00:00,51.0,61.6,54,50.8,51.2
2023-12-05T11:00:00+00:00,52.6,64.4,54,52.3,52.9
2023-12-05T12:00:00+00:00,52.4,63.7,54,51.9,52.9
2023-12-05T13:00:00+00:00,45.9,51.6,54,45.2,46.5
2023-12-05T14:00:00+00:00,38.4,39.7,54,37.3,39.5
2023-12-05T15:00:00+00:00,36.8,37.5,55,35.8,37.8
2023-12-05T16:00:00+00:00,41.1,44.8,53,40.6,41.6
2023-12-05T17:00:00+00:00,42.3,49.9,39,42.0,42.7
2023-12-05T18:00:00+00:00,39.3,46.1,28,38.0,40.6
2023-12-05T19:00:00+00:00,35.2,39.1,24,33.8,36.5
2023-12-05T20:00:00+00:00,31.5,33.2,20,30.1,33.0
2023-12-05T21:00:00+00:00,30.0,30.9,19,28.7,31.3
2023-12-05T22:00:00+00:00,28.4,28.8,18,26.8,29.9
2023-12-05T23:00:00+00:00,31.8,33.6,22,30.6,33.0
2023-12-06T00:00:00+00:00,28.3,28.8,27,26.7,29.9
2023-12-06T01:00:00+00:00,27.0,27.1,34,25.5,28.4
2023-12-06T02:00:00+00:00,32.8,34.1,40,32.1,33.4
2023-12-06T03:00:00+00:00,39.8,45.2,43,39.7,40.0
2023-12-06T04:00:00+00:00,51.5,67.3,46,51.4,51.7
2023-12-06T05:00:00+00:00,52.8,69.7,48,52.9,52.8
2023-12-06T06:00:00+00:00,52.7,68.8,48,52.9,52.6
2023-12-06T07:00:00+00:00,55.2,73.8,49,55.4,55.0
2023-12-06T08:00:00+00:00,56.3,75.5,51,56.3,56.4
2023-12-06T09:00:00+00:00,58.7,80.3,52,58.2,59.1
2023-12-06T10:00:00+00:00,49.7,59.6,53,49.3,50.1
2023-12-06T11:00:00+00:00,44.1,49.2,53,43.7,44.5
2023-12-06T12:00:00+00:00,42.5,46.2,54,41.9,43.0
2023-12-06T13:00:00+00:00,46.0,51.8,54,45.3,46.7
2023-12-06T14:00:00+00:00,47.0,53.3,55,46.3,47.6
2023-12-06T15:00:00+00:00,50.5,60.2,56,50.1,50.9
2023-12-06T16:00:00+00:00,55.1,73.3,52,55.1,55.0
2023-12-06T17:00:00+00:00,51.6,71.3,38,52.0,51.2
2023-12-06T18:00:00+00:00,42.5,52.8,29,41.7,43.4
2023-12-06T19:00:00+00:00,32.8,35.6,22,31.8,33.9
2023-12-06T20:00:00+00:00,26.8,27.0,16,25.8,27.9
2023-12-06T21:00:00+00:00,24.6,24.7,14,23.5,25.6
2023-12-06T22:00:00+00:00,25.0,26.0,18,23.7,26.3
2023-12-06T23:00:00+00:00,7.5,7.5,30,7.0,8.0
2023-12-07T00:00:00+00:00,9.0,9.0,33,8.2,9.8
2023-12-07T01:00:00+00:00,27.0,27.4,34,25.9,28.1
2023-12-07T02:00:00+00:00,34.1,36.9,36,33.4,34.9
2023-12-07T03:00:00+00:00,39.4,45.3,39,39.0,39.8
2023-12-07T04:00:00+00:00,19.9,20.3,46,19.2,20.7
2023-12-07T05:00:00+00:00,8.3,8.3,50,7.9,8.7
2023-12-07T06:00:00+00:00,7.1,7.1,52,6.6,7.5
2023-12-07T07:00:00+00:00,5.6,5.6,54,5.4,5.8
2023-12-07T08:00:00+00:00,2.3,2.3,59,2.0,2.7
2023-12-07T09:00:00+00:00,5.6,5.6,61,5.2,6.0
2023-12-07T10:00:00+00:00,5.8,5.8,60,5.5,6.1
2023-12-07T11:00:00+00:00,5.0,5.0,61,4.7,5.2
2023-12-07T12:00:00+00:00,3.3,3.3,61,3.0,3.6
2023-12-07T13:00:00+00:00,3.0,3.0,60,2.7,3.3
2023-12-07T14:00:00+00:00,3.6,3.6,61,3.2,4.1
2023-12-07T15:00:00+00:00,3.7,3.7,62,3.2,4.1
2023-12-07T16:00:00+00:00,2.4,2.4,57,2.0,2.7
2023-12-07T17:00:00+00:00,1.4,1.4,41,1.2,1.5
2023-12-07T18:00:00+00:00,0.7,0.7,29,0.6,0.7
2023-12-07T19:00:00+00:00,0.3,0.3,21,0.2,0.3
2023-12-07T20:00:00+00:00,0.1,0.1,16,0.1,0.1
2023-12-07T21:00:00+00:00,0.1,0.1,14,0.1,0.1
2023-12-07T22:00:00+00:00,0.2,0.2,16,0.2,0.2
2023-12-07T23:00:00+00:00,0.3,0.3,20,0.2,0.4
2023-12-08T00:00:00+00:00,0.4,0.4,22,0.3,0.5
2023-12-08T01:00:00+00:00,0.9,0.9,26,0.6,1.1
2023-12-08T02:00:00+00:00,2.4,2.4,30,2.1,2.8
2023-12-08T03:00:00+00:00,2.5,2.5,32,2.2,2.8
2023-12-08T04:00:00+00:00,1.1,1.1,36,0.9,1.4
2023-12-08T05:00:00+00:00,0.7,0.7,40,0.6,0.9
2023-12-08T06:00:00+00:00,0.7,0.7,47,0.5,0.9
2023-12-08T07:00:00+00:00,0.8,0.8,53,0.6,1.1
2023-12-08T08:00:00+00:00,1.4,1.4,55,1.1,1.6
2023-12-08T09:00:00+00:00,1.6,1.6,57,1.3,2.0
2023-12-08T10:00:00+00:00,2.2,2.2,58,1.8,2.6
2023-12-08T11:00:00+00:00,4.4,4.4,59,3.9,4.8
2023-12-08T12:00:00+00:00,6.6,6.6,60,6.0,7.1
2023-12-08T13:00:00+00:00,9.4,9.4,62,8.7,10.1
2023-12-08T14:00:00+00:00,11.1,11.1,65,10.3,11.8
2023-12-08T15:00:00+00:00,13.0,13.1,64,11.8,14.3
2023-12-08T16:00:00+00:00,14.1,14.1,62,12.9,15.4
2023-12-08T17:00:00+00:00,16.6,16.6,61,15.2,18.1
2023-12-08T18:00:00+00:00,14.5,14.5,59,13.3,15.8
2023-12-08T19:00:00+00:00,15.2,15.2,54,13.9,16.4
2023-12-08T20:00:00+00:00,15.9,15.9,51,14.9,16.9
2023-12-08T21:00:00+00:00,15.3,15.3,42,14.4,16.2
2023-12-08T22:00:00+00:00,14.4,14.4,29,13.4,15.4
2023-12-08T23:00:00+00:00,13.5,13.5,32,12.6,14.4
2023-12-09T00:00:00+00:00,13.5,13.5,37,12.6,14.4
2023-12-09T01:00:00+00:00,22.6,22.7,42,21.6,23.5
2023-12-09T02:00:00+00:00,27.8,27.9,46,26.4,29.2
2023-12-09T03:00:00+00:00,34.3,35.0,49,33.2,35.5
2023-12-09T04:00:00+00:00,43.8,48.4,51,43.1,44.5
2023-12-09T05:00:00+00:00,59.3,78.8,52,59.3,59.4
2023-12-09T06:00:00+00:00,69.8,102.4,53,68.8,70.9
2023-12-09T07:00:00+00:00,78.5,118.7,53,75.6,81.3
2023-12-09T08:00:00+00:00,78.4,118.7,52,76.0,80.7
2023-12-09T09:00:00+00:00,83.8,127.2,53,80.9,86.6
2023-12-09T10:00:00+00:00,77.4,116.5,54,75.4,79.4
2023-12-09T11:00:00+00:00,69.9,101.2,54,69.7,70.2
2023-12-09T12:00:00+00:00,68.9,98.3,54,68.9,68.9
2023-12-09T13:00:00+00:00,66.8,92.4,54,66.6,67.0
2023-12-09T14:00:00+00:00,65.3,88.0,54,65.4,65.3
2023-12-09T15:00:00+00:00,68.3,96.0,57,68.1,68.5
2023-12-09T16:00:00+00:00,59.3,76.6,59,58.8,59.7
2023-12-09T17:00:00+00:00,52.2,66.0,49,52.2,52.2
2023-12-09T18:00:00+00:00,50.9,67.3,39,51.0,50.9
2023-12-09T19:00:00+00:00,45.8,58.1,32,45.8,45.8
2023-12-09T20:00:00+00:00,36.7,41.6,26,35.5,38.0
2023-12-09T21:00:00+00:00,28.2,28.8,22,26.5,29.8
2023-12-09T22:00:00+00:00,22.2,22.2,20,20.5,23.8
2023-12-09T23:00:00+00:00,17.9,17.9,23,16.7,19.1
2023-12-10T00:00:00+00:00,17.9,17.9,30,16.8,19.1
2023-12-10T01:00:00+00:00,25.1,25.5,36,24.0,26.2
2023-12-10T02:00:00+00:00,42.6,48.6,41,42.0,43.2
2023-12-10T03:00:00+00:00,55.9,75.1,43,56.0,55.8
2023-12-10T04:00:00+00:00,58.8,81.3,45,58.7,58.8
2023-12-10T05:00:00+00:00,61.6,87.6,46,61.7,61.5
2023-12-10T06:00:00+00:00,69.4,103.1,48,68.0,70.8
2023-12-10T07:00:00+00:00,76.1,115.1,49,73.9,78.3
2023-12-10T08:00:00+00:00,80.8,122.5,50,77.9,83.7
2023-12-10T09:00:00+00:00,91.0,138.0,51,87.4,94.6
2023-12-10T10:00:00+00:00,97.7,148.1,51,94.7,100.7
2023-12-10T11:00:00+00:00,101.7,154.1,52,98.2,105.1
2023-12-10T12:00:00+00:00,91.3,138.5,52,87.6,94.9
2023-12-10T13:00:00+00:00,75.6,112.9,53,73.8,77.4
2023-12-10T14:00:00+00:00,71.8,105.1,53,71.3,72.3
2023-12-10T15:00:00+00:00,68.9,98.6,53,68.9,69.0
2023-12-10T16:00:00+00:00,63.9,89.4,53,63.7,64.2
2023-12-10T17:00:00+00:00,50.7,65.9,39,50.5,50.9
2023-12-10T18:00:00+00:00,51.3,72.1,28,50.9,51.7
2023-12-10T19:00:00+00:00,48.7,67.5,22,47.5,49.9
2023-12-10T20:00:00+00:00,38.4,44.9,18,36.9,39.9
2023-12-10T21:00:00+00:00,38.2,44.4,17,36.6,39.7
2023-12-10T22:00:00+00:00,30.9,32.4,17,29.4,32.5
2023-12-10T23:00:00+00:00,22.0,22.0,20,20.7,23.4
2023-12-11T00:00:00+00:00,23.1,23.3,24,22.1,24.2
2023-12-11T01:00:00+00:00,30.2,30.7,30,29.2,31.2
2023-12-11T02:00:00+00:00,35.4,37.0,35,34.9,36.0
2023-12-11T03:00:00+00:00,43.9,50.8,39,43.4,44.5
2023-12-11T04:00:00+00:00,56.3,75.8,42,56.3,56.3
2023-12-11T05:00:00+00:00,65.1,96.2,44,64.9,65.4
2023-12-11T06:00:00+00:00,68.9,99.2,46,68.7,69.1
2023-12-11T07:00:00+00:00,58.7,78.4,48,58.8,58.6
2023-12-11T08:00:00+00:00,57.1,74.1,49,57.0,57.3
2023-12-11T09:00:00+00:00,60.5,81.9,50,60.6,60.4
2023-12-11T10:00:00+00:00,74.9,112.8,50,73.0,76.8
2023-12-11T11:00:00+00:00,75.2,113.5,50,73.4,77.1
2023-12-11T12:00:00+00:00,74.2,111.0,50,72.9,75.5
2023-12-11T13:00:00+00:00,68.4,98.7,51,68.5,68.3
2023-12-11T14:00:00+00:00,64.1,87.1,51,64.1,64.0
2023-12-11T15:00:00+00:00,63.2,84.5,51,63.1,63.2
2023-12-11T16:00:00+00:00,69.4,101.9,50,68.2,70.7
2023-12-11T17:00:00+00:00,64.2,96.8,36,62.3,66.2
2023-12-11T18:00:00+00:00,55.7,82.7,26,54.4,57.1
2023-12-11T19:00:00+00:00,46.1,61.3,22,44.8,47.4
2023-12-11T20:00:00+00:00,44.6,57.9,19,43.0,46.2
2023-12-11T21:00:00+00:00,40.7,49.3,16,39.1,42.2
2023-12-11T22:00:00+00:00,36.1,40.9,16,34.6,37.7
2023-12-11T23:00:00+00:00,28.1,28.5,20,26.6,29.7
2023-12-12T00:00:00+00:00,25.9,26.0,25,24.8,27.1
2023-12-12T01:00:00+00:00,33.6,35.1,30,32.9,34.3
2023-12-12T02:00:00+00:00,38.6,42.2,35,38.3,39.0
2023-12-12T03:00:00+00:00,40.2,44.0,39,40.0,40.4
2023-12-12T04:00:00+00:00,49.3,60.0,42,49.2,49.4
2023-12-12T05:00:00+00:00,57.8,77.6,44,57.6,58.1
2023-12-12T06:00:00+00:00,65.7,95.3,46,65.0,66.3
2023-12-12T07:00:00+00:00,66.7,96.3,47,66.1,67.3
2023-12-12T08:00:00+00:00,67.2,97.9,48,67.1,67.2
2023-12-12T09:00:00+00:00,72.8,109.0,49,71.4,74.2
2023-12-12T10:00:00+00:00,71.4,106.0,50,70.5,72.3
2023-12-12T11:00:00+00:00,67.8,97.5,50,67.9,67.7
2023-12-12T12:00:00+00:00,66.0,92.4,50,66.0,65.9
2023-12-12T13:00:00+00:00,64.6,88.1,51,64.5,64.7
2023-12-12T14:00:00+00:00,61.4,79.6,51,61.3,61.5
2023-12-12T15:00:00+00:00,57.8,71.4,52,57.4,58.2
2023-12-12T16:00:00+00:00,63.1,87.6,52,63.0,63.3
2023-12-12T17:00:00+00:00,66.3,100.2,39,64.8,67.8
2023-12-12T18:00:00+00:00,57.9,86.6,29,57.1,58.6
2023-12-12T19:00:00+00:00,48.9,68.1,21,48.0,49.7
2023-12-12T20:00:00+00:00,40.9,49.8,17,39.3,42.5
2023-12-12T21:00:00+00:00,41.2,50.2,15,39.5,42.8
2023-12-12T22:00:00+00:00,42.0,52.1,16,40.5,43.6
2023-12-12T23:00:00+00:00,38.1,44.1,20,36.9,39.4
2023-12-13T00:00:00+00:00,35.6,39.0,24,35.1,36.2
2023-12-13T01:00:00+00:00,38.5,42.6,31,38.1,38.8
2023-12-13T02:00:00+00:00,45.9,54.9,37,45.6,46.1
2023-12-13T03:00:00+00:00,52.1,66.3,41,53.1,51.1
2023-12-13T04:00:00+00:00,51.4,63.7,43,51.4,51.4
2023-12-13T05:00:00+00:00,60.5,84.5,46,60.7,60.3
2023-12-13T06:00:00+00:00,66.5,97.6,47,66.0,67.1
2023-12-13T07:00:00+00:00,72.8,109.4,48,71.3,74.4
2023-12-13T08:00:00+00:00,74.2,111.7,49,72.1,76.4
2023-12-13T09:00:00+00:00,74.6,112.1,49,72.6,76.5
2023-12-13T10:00:00+00:00,68.7,99.7,50,68.4,69.0
2023-12-13T11:00:00+00:00,74.3,109.0,51,73.6,75.0
2023-12-13T12:00:00+00:00,71.2,103.8,51,70.7,71.8
2023-12-13T13:00:00+00:00,68.3,97.4,52,68.3,68.4
2023-12-13T14:00:00+00:00,68.9,98.0,52,68.5,69.3
2023-12-13T15:00:00+00:00,68.8,98.1,52,68.8,68.8
2023-12-13T16:00:00+00:00,67.7,98.8,51,67.4,68.0
2023-12-13T17:00:00+00:00,56.6,80.7,36,56.6,56.6
2023-12-13T18:00:00+00:00,51.3,72.8,25,51.1,51.6
2023-12-13T19:00:00+00:00,47.3,64.1,20,46.3,48.3
2023-12-13T20:00:00+00:00,47.7,65.7,17,46.3,49.1
2023-12-13T21:00:00+00:00,45.3,59.7,15,44.0,46.7
2023-12-13T22:00:00+00:00,43.5,55.4,14,41.9,45.2
2023-12-13T23:00:00+00:00,44.0,56.1,18,42.9,45.1
2023-12-14T00:00:00+00:00,43.9,54.9,23,43.4,44.4
2023-12-14T01:00:00+00:00,49.9,66.2,30,50.1,49.7
2023-12-14T02:00:00+00:00,53.8,72.8,36,53.9,53.6
2023-12-14T03:00:00+00:00,58.3,82.5,40,58.6,58.1
2023-12-14T04:00:00+00:00,58.7,81.8,42,59.0,58.4
2023-12-14T05:00:00+00:00,64.0,93.4,44,63.8,64.2
2023-12-14T06:00:00+00:00,68.6,102.1,46,67.8,69.4
2023-12-14T07:00:00+00:00,74.8,113.2,48,72.6,76.9
2023-12-14T08:00:00+00:00,73.6,111.2,48,71.6,75.7
2023-12-14T09:00:00+00:00,69.6,103.4,48,68.8,70.3
2023-12-14T10:00:00+00:00,65.3,93.4,48,65.7,65.0
2023-12-14T11:00:00+00:00,63.8,88.5,49,63.9,63.7
2023-12-14T12:00:00+00:00,67.4,94.8,50,67.0,67.8
2023-12-14T13:00:00+00:00,62.7,84.0,50,62.8,62.6
2023-12-14T14:00:00+00:00,62.3,82.5,50,62.4,62.2
2023-12-14T15:00:00+00:00,67.6,96.2,51,67.6,67.7
2023-12-14T16:00:00+00:00,62.9,88.3,49,62.7,63.1
2023-12-14T17:00:00+00:00,62.0,92.6,36,61.4,62.5
2023-12-14T18:00:00+00:00,57.3,86.0,25,56.4,58.1
2023-12-14T19:00:00+00:00,55.3,83.2,20,53.8,56.7
2023-12-14T20:00:00+00:00,54.1,80.4,19,52.2,56.0
2023-12-14T21:00:00+00:00,44.4,57.5,17,43.2,45.6
2023-12-14T22:00:00+00:00,39.6,47.1,16,38.5,40.8
2023-12-14T23:00:00+00:00,39.0,45.6,18,37.9,40.1
2023-12-15T00:00:00+00:00,39.1,45.3,24,38.4,39.7
2023-12-15T01:00:00+00:00,43.0,51.3,31,43.0,43.0
2023-12-15T02:00:00+00:00,50.8,66.3,36,50.7,50.8
2023-12-15T03:00:00+00:00,56.5,78.6,40,56.7,56.3
2023-12-15T04:00:00+00:00,60.7,87.8,42,60.8,60.7
2023-12-15T05:00:00+00:00,62.6,90.7,44,62.4,62.7
2023-12-15T06:00:00+00:00,67.4,97.6,45,67.3,67.6
2023-12-15T07:00:00+00:00,79.9,118.7,47,78.8,81.0
2023-12-15T08:00:00+00:00,68.8,101.8,48,67.9,69.7
2023-12-15T09:00:00+00:00,72.7,109.0,49,71.0,74.4
2023-12-15T10:00:00+00:00,80.6,122.2,50,77.8,83.4
2023-12-15T11:00:00+00:00,82.0,124.5,51,78.7,85.2
2023-12-15T12:00:00+00:00,79.7,120.8,51,76.9,82.4
2023-12-15T13:00:00+00:00,80.9,122.5,51,78.2,83.5
2023-12-15T14:00:00+00:00,80.1,121.2,51,77.2,83.0
2023-12-15T15:00:00+00:00,82.5,125.2,51,79.5,85.5
2023-12-15T16:00:00+00:00,67.5,96.5,50,66.7,68.2
2023-12-15T17:00:00+00:00,58.5,83.9,38,58.7,58.3
2023-12-15T18:00:00+00:00,60.2,91.2,27,58.7,61.7
2023-12-15T19:00:00+00:00,53.3,78.4,21,52.2,54.4
2023-12-15T20:00:00+00:00,48.7,68.3,17,47.8,49.7
2023-12-15T21:00:00+00:00,41.9,52.1,14,40.8,43.0
2023-12-15T22:00:00+00:00,36.2,40.8,13,35.0,37.3
2023-12-15T23:00:00+00:00,32.5,34.6,15,31.4,33.5
2023-12-16T00:00:00+00:00,32.2,33.9,21,31.4,33.1
2023-12-16T01:00:00+00:00,37.1,40.9,28,36.8,37.4
2023-12-16T02:00:00+00:00,46.7,57.3,33,46.7,46.7
2023-12-16T03:00:00+00:00,50.4,63.7,37,50.6,50.2
2023-12-16T04:00:00+00:00,54.6,72.4,40,54.8,54.3
2023-12-16T05:00:00+00:00,60.2,85.4,43,60.4,60.1
2023-12-16T06:00:00+00:00,83.9,126.9,45,81.5,86.2
2023-12-16T07:00:00+00:00,72.6,109.9,47,70.9,74.4
2023-12-16T08:00:00+00:00,71.1,106.9,48,69.6,72.6
2023-12-16T09:00:00+00:00,72.9,109.4,49,71.3,74.5
2023-12-16T10:00:00+00:00,77.1,116.7,49,74.7,79.5
2023-12-16T11:00:00+00:00,72.7,108.1,50,71.2,74.2
2023-12-16T12:00:00+00:00,63.9,88.3,51,64.1,63.7
2023-12-16T13:00:00+00:00,62.8,84.3,51,62.7,62.8
2023-12-16T14:00:00+00:00,62.5,82.7,51,62.5,62.5
2023-12-16T15:00:00+00:00,64.7,87.7,52,64.5,64.9
2023-12-16T16:00:00+00:00,55.6,70.5,47,55.4,55.8
2023-12-16T17:00:00+00:00,57.9,81.8,32,57.5,58.3
2023-12-16T18:00:00+00:00,53.8,78.0,23,53.2,54.3
2023-12-16T19:00:00+00:00,47.5,64.9,17,46.4,48.5
2023-12-16T20:00:00+00:00,41.0,50.0,12,39.6,42.4
2023-12-16T21:00:00+00:00,35.4,39.6,10,34.0,36.8
2023-12-16T22:00:00+00:00,34.3,37.7,9,33.1,35.6
2023-12-16T23:00:00+00:00,34.6,38.1,13,33.5,35.7
2023-12-17T00:00:00+00:00,35.4,39.3,19,34.4,36.4
2023-12-17T01:00:00+00:00,42.6,51.1,25,42.3,42.9
2023-12-17T02:00:00+00:00,50.8,66.9,30,50.9,50.6
2023-12-17T03:00:00+00:00,55.8,77.2,35,56.0,55.7
2023-12-17T04:00:00+00:00,69.5,104.2,38,67.7,71.3
2023-12-17T05:00:00+00:00,85.8,130.2,40,83.3,88.4
2023-12-17T06:00:00+00:00,94.0,142.5,42,91.1,97.0
2023-12-17T07:00:00+00:00,79.5,120.7,42,77.0,81.9
2023-12-17T08:00:00+00:00,78.9,119.8,44,76.2,81.6
2023-12-17T09:00:00+00:00,60.4,82.9,41,60.3,60.5
2023-12-17T10:00:00+00:00,54.5,68.4,41,54.5,54.4
2023-12-17T11:00:00+00:00,56.2,71.9,44,56.3,56.1
2023-12-17T12:00:00+00:00,64.5,92.2,45,64.7,64.3
2023-12-17T13:00:00+00:00,63.9,90.2,46,64.0,63.8
2023-12-17T14:00:00+00:00,64.1,91.0,47,64.4,63.9
2023-12-17T15:00:00+00:00,63.6,89.7,47,63.8,63.4
2023-12-17T16:00:00+00:00,60.5,83.3,45,60.7,60.4
2023-12-17T17:00:00+00:00,53.7,69.1,40,53.8,53.6
2023-12-17T18:00:00+00:00,41.6,46.9,33,41.1,42.2
2023-12-17T19:00:00+00:00,42.9,51.0,26,42.8,43.0
2023-12-17T20:00:00+00:00,40.0,46.9,22,40.0,40.0
2023-12-17T21:00:00+00:00,30.6,32.0,18,29.8,31.5
2023-12-17T22:00:00+00:00,44.5,57.6,17,43.8,45.3
2023-12-17T23:00:00+00:00,49.3,69.0,20,48.7,50.0
2023-12-18T00:00:00+00:00,49.0,66.5,23,49.2,48.9
2023-12-18T01:00:00+00:00,51.2,69.6,29,51.5,51.0
2023-12-18T02:00:00+00:00,58.5,84.6,33,58.2,58.8
2023-12-18T03:00:00+00:00,72.1,108.9,37,70.4,73.7
2023-12-18T04:00:00+00:00,76.2,115.8,39,74.1,78.4
2023-12-18T05:00:00+00:00,74.8,113.7,41,72.8,76.9
2023-12-18T06:00:00+00:00,72.9,110.7,43,70.8,74.9
2023-12-18T07:00:00+00:00,74.6,113.3,45,72.4,76.8
2023-12-18T08:00:00+00:00,77.6,117.9,44,75.6,79.6
2023-12-18T09:00:00+00:00,80.4,122.1,44,78.2,82.7
2023-12-18T10:00:00+00:00,81.4,123.6,46,79.3,83.6
2023-12-18T11:00:00+00:00,86.5,131.2,45,84.1,89.0
2023-12-18T12:00:00+00:00,76.0,115.4,44,73.5,78.5
2023-12-18T13:00:00+00:00,69.6,105.4,42,67.8,71.4
2023-12-18T14:00:00+00:00,73.9,112.2,44,71.9,75.8
2023-12-18T15:00:00+00:00,76.2,115.8,45,74.2,78.3
2023-12-18T16:00:00+00:00,81.7,124.0,49,79.7,83.8
2023-12-18T17:00:00+00:00,70.7,106.8,48,69.4,72.0
2023-12-18T18:00:00+00:00,51.9,71.8,39,52.4,51.5
2023-12-18T19:00:00+00:00,60.1,90.5,40,59.5,60.7
2023-12-18T20:00:00+00:00,60.5,90.2,40,59.9,61.1
2023-12-18T21:00:00+00:00,46.5,60.7,39,46.6,46.4
2023-12-18T22:00:00+00:00,30.9,33.0,32,30.0,31.8
2023-12-18T23:00:00+00:00,11.5,11.5,28,10.8,12.1
2023-12-19T00:00:00+00:00,22.4,22.6,31,21.5,23.3
2023-12-19T01:00:00+00:00,42.4,51.3,33,42.7,42.2
2023-12-19T02:00:00+00:00,40.7,47.3,36,40.7,40.7
2023-12-19T03:00:00+00:00,39.4,44.7,40,39.3,39.6
2023-12-19T04:00:00+00:00,42.4,49.7,44,42.5,42.3
2023-12-19T05:00:00+00:00,34.3,37.4,53,34.0,34.7
2023-12-19T06:00:00+00:00,28.8,29.0,62,27.9,29.8
2023-12-19T07:00:00+00:00,24.9,24.9,63,24.0,25.7
2023-12-19T08:00:00+00:00,19.9,19.9,62,19.0,20.7
2023-12-19T09:00:00+00:00,16.6,16.6,60,15.8,17.5
2023-12-19T10:00:00+00:00,23.1,23.1,62,22.1,24.1
2023-12-19T11:00:00+00:00,28.6,28.7,64,27.7,29.6
2023-12-19T12:00:00+00:00,26.0,26.0,63,24.4,27.5
2023-12-19T13:00:00+00:00,22.9,22.9,64,21.9,24.0
2023-12-19T14:00:00+00:00,19.7,19.7,65,19.0,20.5
2023-12-19T15:00:00+00:00,12.0,12.0,66,11.6,12.4
2023-12-19T16:00:00+00:00,7.6,7.6,66,7.4,7.8
2023-12-19T17:00:00+00:00,6.6,6.6,64,6.2,7.1
2023-12-19T18:00:00+00:00,3.8,3.8,53,3.6,4.1
2023-12-19T19:00:00+00:00,2.4,2.4,46,2.3,2.5
2023-12-19T20:00:00+00:00,1.6,1.6,40,1.6,1.7
2023-12-19T21:00:00+00:00,2.1,2.1,40,2.0,2.2
2023-12-19T22:00:00+00:00,0.3,0.3,40,0.3,0.3
2023-12-19T23:00:00+00:00,0.0,0.0,48,0.0,0.0
2023-12-20T00:00:00+00:00,0.1,0.1,54,0.0,0.1
2023-12-20T01:00:00+00:00,0.4,0.4,58,0.3,0.5
2023-12-20T02:00:00+00:00,2.1,2.1,62,1.8,2.3
2023-12-20T03:00:00+00:00,1.6,1.6,63,1.4,1.9
2023-12-20T04:00:00+00:00,2.2,2.2,63,1.8,2.5
2023-12-20T05:00:00+00:00,3.6,3.6,62,3.1,4.0
2023-12-20T06:00:00+00:00,2.8,2.8,60,2.4,3.1
2023-12-20T07:00:00+00:00,3.9,3.9,58,3.4,4.3
2023-12-20T08:00:00+00:00,4.8,4.8,60,4.4,5.2
2023-12-20T09:00:00+00:00,3.4,3.4,63,2.9,3.9
2023-12-20T10:00:00+00:00,5.4,5.4,65,5.1,5.7
2023-12-20T11:00:00+00:00,5.6,5.6,63,5.1,6.0
2023-12-20T12:00:00+00:00,6.0,6.0,63,5.6,6.4
2023-12-20T13:00:00+00:00,7.7,7.7,62,7.4,8.0
2023-12-20T14:00:00+00:00,4.7,4.7,64,4.4,5.1
2023-12-20T15:00:00+00:00,5.5,5.5,63,4.9,6.0
2023-12-20T16:00:00+00:00,6.4,6.4,61,5.8,7.0
2023-12-20T17:00:00+00:00,3.4,3.4,51,2.8,3.9
2023-12-20T18:00:00+00:00,2.0,2.0,45,1.8,2.2
2023-12-20T19:00:00+00:00,1.9,1.9,40,1.7,2.0
2023-12-20T20:00:00+00:00,4.5,4.5,43,4.1,4.9
2023-12-20T21:00:00+00:00,9.3,9.3,53,8.4,10.2
2023-12-20T22:00:00+00:00,7.9,7.9,57,7.2,8.6
2023-12-20T23:00:00+00:00,10.1,10.1,63,9.7,10.5
2023-12-21T00:00:00+00:00,10.4,10.4,65,9.8,11.0
2023-12-21T01:00:00+00:00,10.3,10.4,65,9.7,11.0
2023-12-21T02:00:00+00:00,8.3,8.3,65,7.8,8.7
2023-12-21T03:00:00+00:00,14.6,14.6,64,13.8,15.3
2023-12-21T04:00:00+00:00,8.2,8.2,65,7.8,8.5
2023-12-21T05:00:00+00:00,2.8,2.8,64,2.4,3.2
2023-12-21T06:00:00+00:00,3.8,3.8,65,3.3,4.2
2023-12-21T07:00:00+00:00,3.5,3.5,66,3.2,3.8
2023-12-21T08:00:00+00:00,5.7,5.7,67,5.3,6.1
2023-12-21T09:00:00+00:00,63.7,95.2,67,61.5,65.8
2023-12-21T10:00:00+00:00,11.2,13.3,66,10.8,11.6
2023-12-21T11:00:00+00:00,2.6,2.6,65,2.3,2.9
2023-12-21T12:00:00+00:00,2.1,2.1,67,1.8,2.4
2023-12-21T13:00:00+00:00,2.5,2.5,67,2.2,2.9
2023-12-21T14:00:00+00:00,2.6,2.6,67,2.2,3.0
2023-12-21T15:00:00+00:00,5.5,5.5,67,5.1,6.0
2023-12-21T16:00:00+00:00,6.7,6.7,66,6.4,7.0
2023-12-21T17:00:00+00:00,5.0,5.0,65,4.6,5.4
2023-12-21T18:00:00+00:00,5.1,5.1,65,4.8,5.4
2023-12-21T19:00:00+00:00,5.1,5.1,63,4.6,5.6
2023-12-21T20:00:00+00:00,6.8,6.8,60,6.3,7.4
2023-12-21T21:00:00+00:00,11.1,11.1,58,10.3,11.8
2023-12-21T22:00:00+00:00,12.1,12.1,57,11.5,12.8
2023-12-21T23:00:00+00:00,15.1,15.1,58,14.2,16.0
2023-12-22T00:00:00+00:00,16.3,16.3,63,15.3,17.3
2023-12-22T01:00:00+00:00,28.6,31.2,66,27.3,29.8
2023-12-22T02:00:00+00:00,23.9,23.9,64,22.8,25.1
2023-12-22T03:00:00+00:00,32.6,33.3,64,31.4,33.8
2023-12-22T04:00:00+00:00,36.2,38.3,64,35.3,37.1
2023-12-22T05:00:00+00:00,39.4,43.4,64,38.8,40.0
2023-12-22T06:00:00+00:00,39.9,43.9,63,39.3,40.6
2023-12-22T07:00:00+00:00,39.9,43.6,65,39.3,40.4
2023-12-22T08:00:00+00:00,41.6,46.7,66,41.2,42.0
2023-12-22T09:00:00+00:00,37.8,40.5,66,37.2,38.3
2023-12-22T10:00:00+00:00,37.6,40.2,65,37.1,38.1
2023-12-22T11:00:00+00:00,39.6,43.6,65,39.3,40.0
2023-12-22T12:00:00+00:00,41.4,46.7,64,41.1,41.7
2023-12-22T13:00:00+00:00,46.6,56.3,67,46.4,46.9
2023-12-22T14:00:00+00:00,44.7,52.7,66,44.1,45.3
2023-12-22T15:00:00+00:00,43.9,50.8,67,43.0,44.8
2023-12-22T16:00:00+00:00,38.9,42.1,66,38.4,39.4
2023-12-22T17:00:00+00:00,36.0,37.8,66,35.1,36.9
2023-12-22T18:00:00+00:00,33.7,34.7,65,32.8,34.7
2023-12-22T19:00:00+00:00,34.0,35.0,63,33.2,34.8
2023-12-22T20:00:00+00:00,34.9,36.4,62,34.3,35.5
2023-12-22T21:00:00+00:00,35.5,37.3,60,35.1,35.9
2023-12-22T22:00:00+00:00,33.9,35.2,58,33.4,34.4
2023-12-22T23:00:00+00:00,31.3,31.8,56,30.6,31.9
2023-12-23T00:00:00+00:00,30.5,30.9,56,29.5,31.5
2023-12-23T01:00:00+00:00,33.7,35.2,57,33.0,34.4
2023-12-23T02:00:00+00:00,46.2,55.2,60,46.2,46.3
2023-12-23T03:00:00+00:00,55.6,74.7,62,55.3,55.8
2023-12-23T04:00:00+00:00,59.2,82.8,61,59.5,58.9
2023-12-23T05:00:00+00:00,78.7,118.6,63,77.7,79.7
2023-12-23T06:00:00+00:00,76.7,115.8,63,74.9,78.6
2023-12-23T07:00:00+00:00,63.6,91.8,61,63.3,63.9
2023-12-23T08:00:00+00:00,65.7,96.2,61,65.4,65.9
2023-12-23T09:00:00+00:00,63.5,91.6,61,63.3,63.6
2023-12-23T10:00:00+00:00,59.9,83.0,63,60.0,59.8
2023-12-23T11:00:00+00:00,54.6,70.9,64,54.8,54.4
2023-12-23T12:00:00+00:00,52.0,65.4,65,51.8,52.1
2023-12-23T13:00:00+00:00,54.5,71.5,66,54.7,54.3
2023-12-23T14:00:00+00:00,51.6,64.9,66,51.4,51.7
2023-12-23T15:00:00+00:00,43.5,48.6,66,42.8,44.1
2023-12-23T16:00:00+00:00,46.3,54.1,65,45.8,46.7
2023-12-23T17:00:00+00:00,47.9,58.3,64,47.6,48.3
2023-12-23T18:00:00+00:00,44.4,51.5,62,44.0,44.7
2023-12-23T19:00:00+00:00,45.2,53.8,60,44.8,45.6
2023-12-23T20:00:00+00:00,43.5,51.4,55,43.4,43.7
2023-12-23T21:00:00+00:00,44.8,54.5,52,44.6,45.1
2023-12-23T22:00:00+00:00,43.1,52.7,44,42.8,43.4
2023-12-23T23:00:00+00:00,42.7,51.5,44,42.4,42.9
2023-12-24T00:00:00+00:00,43.5,52.2,49,43.5,43.6
2023-12-24T01:00:00+00:00,48.8,62.6,54,48.5,49.0
2023-12-24T02:00:00+00:00,64.0,95.7,55,63.0,65.0
2023-12-24T03:00:00+00:00,61.5,90.7,58,61.2,61.8
2023-12-24T04:00:00+00:00,73.7,112.0,59,71.5,76.0
2023-12-24T05:00:00+00:00,84.8,128.6,60,82.3,87.2
2023-12-24T06:00:00+00:00,89.0,135.0,60,86.3,91.8
2023-12-24T07:00:00+00:00,79.8,120.6,60,77.6,82.1
2023-12-24T08:00:00+00:00,61.9,89.0,60,62.2,61.7
2023-12-24T09:00:00+00:00,59.7,82.1,59,59.8,59.6
2023-12-24T10:00:00+00:00,57.1,74.6,59,57.3,57.0
2023-12-24T11:00:00+00:00,57.4,74.5,60,57.2,57.5
2023-12-24T12:00:00+00:00,59.4,79.3,62,59.4,59.5
2023-12-24T13:00:00+00:00,54.7,68.7,62,54.6,54.8
2023-12-24T14:00:00+00:00,49.3,57.6,61,48.9,49.7
2023-12-24T15:00:00+00:00,48.6,56.1,61,47.8,49.3
2023-12-24T16:00:00+00:00,51.4,62.0,61,51.2,51.7
2023-12-24T17:00:00+00:00,54.6,72.2,58,54.5,54.6
2023-12-24T18:00:00+00:00,54.9,79.8,43,54.9,54.9
2023-12-24T19:00:00+00:00,53.2,78.5,35,52.2,54.3
2023-12-24T20:00:00+00:00,49.7,70.7,29,48.3,51.1
2023-12-24T21:00:00+00:00,36.7,41.8,29,35.4,37.9
2023-12-24T22:00:00+00:00,26.7,27.1,33,25.7,27.8
2023-12-24T23:00:00+00:00,24.0,24.0,34,22.9,25.2
2023-12-25T00:00:00+00:00,27.7,27.9,37,26.8,28.6
2023-12-25T01:00:00+00:00,34.3,36.0,44,33.7,35.0
2023-12-25T02:00:00+00:00,49.0,61.5,50,49.0,49.0
2023-12-25T03:00:00+00:00,61.9,89.4,53,61.3,62.4
2023-12-25T04:00:00+00:00,93.0,140.9,56,90.4,95.6
2023-12-25T05:00:00+00:00,87.8,133.3,57,85.4,90.3
2023-12-25T06:00:00+00:00,79.1,120.1,57,77.1,81.1
2023-12-25T07:00:00+00:00,79.0,120.0,57,77.0,81.0
2023-12-25T08:00:00+00:00,73.1,111.0,57,71.0,75.2
2023-12-25T09:00:00+00:00,70.4,106.5,57,68.6,72.1
2023-12-25T10:00:00+00:00,73.9,112.0,58,71.9,75.8
2023-12-25T11:00:00+00:00,65.8,97.0,58,64.9,66.7
2023-12-25T12:00:00+00:00,57.7,78.0,60,58.0,57.4
2023-12-25T13:00:00+00:00,55.5,72.7,60,55.7,55.3
2023-12-25T14:00:00+00:00,55.2,71.9,59,55.3,55.0
2023-12-25T15:00:00+00:00,56.2,74.2,59,56.2,56.2
2023-12-25T16:00:00+00:00,61.3,87.7,59,61.1,61.5
2023-12-25T17:00:00+00:00,52.0,70.8,46,51.9,52.1
2023-12-25T18:00:00+00:00,45.5,59.0,33,44.9,46.1
2023-12-25T19:00:00+00:00,41.6,51.3,26,40.3,43.0
2023-12-25T20:00:00+00:00,41.8,51.6,25,40.6,43.0
2023-12-25T21:00:00+00:00,39.7,47.2,25,38.5,40.9
2023-12-25T22:00:00+00:00,39.1,46.0,26,37.9,40.4
2023-12-25T23:00:00+00:00,39.7,46.7,31,39.1,40.3
2023-12-26T00:00:00+00:00,43.1,52.7,37,42.9,43.3
2023-12-26T01:00:00+00:00,48.3,62.5,42,48.4,48.1
2023-12-26T02:00:00+00:00,51.3,67.8,46,51.5,51.0
2023-12-26T03:00:00+00:00,64.9,97.0,49,64.2,65.7
2023-12-26T04:00:00+00:00,55.3,76.0,51,55.6,55.0
2023-12-26T05:00:00+00:00,54.6,73.8,52,54.8,54.4
2023-12-26T06:00:00+00:00,63.6,91.6,54,62.9,64.2
2023-12-26T07:00:00+00:00,67.6,101.7,55,66.1,69.1
2023-12-26T08:00:00+00:00,71.9,108.9,56,69.8,74.0
2023-12-26T09:00:00+00:00,69.5,104.8,57,67.7,71.3
2023-12-26T10:00:00+00:00,65.9,98.0,58,65.3,66.4
2023-12-26T11:00:00+00:00,65.3,97.0,57,64.9,65.8
2023-12-26T12:00:00+00:00,67.9,101.5,57,66.8,69.1
2023-12-26T13:00:00+00:00,69.9,104.8,58,68.5,71.2
2023-12-26T14:00:00+00:00,69.6,104.3,59,68.4,70.8
2023-12-26T15:00:00+00:00,68.1,101.3,59,67.3,68.9
2023-12-26T16:00:00+00:00,74.0,111.7,61,72.4,75.5
2023-12-26T17:00:00+00:00,78.9,119.8,60,76.8,80.9
2023-12-26T18:00:00+00:00,70.7,107.4,52,68.6,72.8
2023-12-26T19:00:00+00:00,62.5,94.4,45,61.0,64.1
2023-12-26T20:00:00+00:00,56.2,83.7,39,55.7,56.8
2023-12-26T21:00:00+00:00,54.5,81.2,33,53.4,55.6
2023-12-26T22:00:00+00:00,49.9,71.3,26,48.7,51.1
2023-12-26T23:00:00+00:00,51.6,75.1,29,51.0,52.2
2023-12-27T00:00:00+00:00,53.3,78.0,36,53.2,53.4
2023-12-27T01:00:00+00:00,58.7,87.9,43,58.1,59.4
2023-12-27T02:00:00+00:00,65.2,98.8,47,63.6,66.8
2023-12-27T03:00:00+00:00,70.0,106.3,51,68.3,71.8
2023-12-27T04:00:00+00:00,71.6,108.7,53,69.7,73.5
2023-12-27T05:00:00+00:00,84.8,128.6,54,82.5,87.0
2023-12-27T06:00:00+00:00,88.7,134.4,56,86.1,91.3
2023-12-27T07:00:00+00:00,80.2,121.9,57,77.7,82.8
2023-12-27T08:00:00+00:00,73.2,111.2,59,71.6,74.8
2023-12-27T09:00:00+00:00,74.5,113.2,58,72.5,76.6
2023-12-27T10:00:00+00:00,81.7,124.1,58,79.6,83.9
2023-12-27T11:00:00+00:00,78.6,119.3,58,75.8,81.3
2023-12-27T12:00:00+00:00,76.6,116.4,58,74.1,79.2
2023-12-27T13:00:00+00:00,76.2,115.8,59,74.3,78.2
2023-12-27T14:00:00+00:00,74.3,112.8,63,72.7,75.8
2023-12-27T15:00:00+00:00,69.6,104.8,60,67.9,71.2
2023-12-27T16:00:00+00:00,76.7,116.4,60,74.4,78.9
2023-12-27T17:00:00+00:00,69.8,106.0,53,68.3,71.3
2023-12-27T18:00:00+00:00,57.9,84.3,46,57.5,58.3
2023-12-27T19:00:00+00:00,41.9,50.2,40,42.0,41.8
2023-12-27T20:00:00+00:00,34.4,36.9,37,34.1,34.7
2023-12-27T21:00:00+00:00,31.3,33.4,37,30.9,31.6
2023-12-27T22:00:00+00:00,8.6,8.6,30,8.1,9.1
2023-12-27T23:00:00+00:00,9.1,9.1,31,8.5,9.7
2023-12-28T00:00:00+00:00,16.6,16.6,36,16.0,17.3
2023-12-28T01:00:00+00:00,33.4,35.1,42,32.8,34.0
2023-12-28T02:00:00+00:00,44.4,55.1,47,44.2,44.6
2023-12-28T03:00:00+00:00,44.3,52.4,51,44.1,44.5
2023-12-28T04:00:00+00:00,46.1,55.5,52,45.8,46.4
2023-12-28T05:00:00+00:00,38.0,41.0,50,37.7,38.3
2023-12-28T06:00:00+00:00,38.1,41.2,50,37.8,38.3
2023-12-28T07:00:00+00:00,41.0,46.4,51,40.6,41.3
2023-12-28T08:00:00+00:00,44.0,51.5,52,43.6,44.4
2023-12-28T09:00:00+00:00,38.9,42.1,52,38.8,39.0
2023-12-28T10:00:00+00:00,32.9,33.7,54,32.1,33.6
2023-12-28T11:00:00+00:00,24.0,24.0,58,23.0,24.9
2023-12-28T12:00:00+00:00,25.7,25.7,59,24.3,27.1
2023-12-28T13:00:00+00:00,28.6,28.7,57,27.3,29.9
2023-12-28T14:00:00+00:00,32.8,33.2,59,32.0,33.6
2023-12-28T15:00:00+00:00,49.4,60.8,60,49.5,49.3
2023-12-28T16:00:00+00:00,55.4,75.1,57,55.9,54.9
2023-12-28T17:00:00+00:00,45.6,56.9,44,45.7,45.5
2023-12-28T18:00:00+00:00,33.7,36.4,32,33.0,34.4
2023-12-28T19:00:00+00:00,26.9,27.2,25,25.9,28.0
2023-12-28T20:00:00+00:00,23.7,23.7,25,22.7,24.7
2023-12-28T21:00:00+00:00,25.9,26.0,28,24.6,27.2
2023-12-28T22:00:00+00:00,23.6,23.6,24,22.3,24.9
2023-12-28T23:00:00+00:00,21.9,21.9,25,20.8,23.0
2023-12-29T00:00:00+00:00,21.4,21.4,31,20.0,22.7
2023-12-29T01:00:00+00:00,23.4,23.4,38,22.5,24.2
2023-12-29T02:00:00+00:00,38.4,43.9,43,38.1,38.7
2023-12-29T03:00:00+00:00,33.5,34.6,47,32.9,34.0
2023-12-29T04:00:00+00:00,45.1,55.0,49,45.0,45.1
2023-12-29T05:00:00+00:00,56.8,76.8,51,56.8,56.8
2023-12-29T06:00:00+00:00,57.7,81.4,53,58.0,57.4
2023-12-29T07:00:00+00:00,55.7,75.8,54,56.0,55.4
2023-12-29T08:00:00+00:00,44.1,51.7,55,43.9,44.3
2023-12-29T09:00:00+00:00,34.0,34.7,55,33.0,34.9
2023-12-29T10:00:00+00:00,26.9,26.9,55,25.7,28.2
2023-12-29T11:00:00+00:00,23.0,23.0,56,22.2,23.8
2023-12-29T12:00:00+00:00,24.6,24.6,56,23.6,25.6
2023-12-29T13:00:00+00:00,15.0,15.0,53,14.4,15.7
2023-12-29T14:00:00+00:00,9.9,9.9,51,9.3,10.4
2023-12-29T15:00:00+00:00,9.2,9.2,50,8.6,9.7
2023-12-29T16:00:00+00:00,15.0,15.0,48,14.5,15.5
2023-12-29T17:00:00+00:00,30.7,31.7,38,30.1,31.3
2023-12-29T18:00:00+00:00,26.7,27.0,32,26.0,27.3
2023-12-29T19:00:00+00:00,12.9,12.9,32,12.1,13.6
2023-12-29T20:00:00+00:00,4.4,4.4,30,4.1,4.7
2023-12-29T21:00:00+00:00,3.6,3.6,29,3.4,3.8
2023-12-29T22:00:00+00:00,6.1,6.1,32,5.6,6.6
2023-12-29T23:00:00+00:00,5.9,5.9,33,5.5,6.2
2023-12-30T00:00:00+00:00,2.3,2.3,35,2.0,2.5
2023-12-30T01:00:00+00:00,6.0,6.0,38,5.5,6.5
2023-12-30T02:00:00+00:00,9.6,9.6,42,9.0,10.2
2023-12-30T03:00:00+00:00,11.9,11.9,46,11.4,12.5
2023-12-30T04:00:00+00:00,21.4,21.4,48,20.7,22.1
2023-12-30T05:00:00+00:00,33.1,35.7,51,32.4,33.8
2023-12-30T06:00:00+00:00,37.7,41.1,52,37.2,38.2
2023-12-30T07:00:00+00:00,39.1,44.3,54,38.8,39.4
2023-12-30T08:00:00+00:00,1.5,1.5,57,1.2,1.7
2023-12-30T09:00:00+00:00,0.4,0.4,57,0.3,0.4
2023-12-30T10:00:00+00:00,2.5,2.5,60,2.3,2.8
2023-12-30T11:00:00+00:00,1.8,1.8,64,1.6,2.1
2023-12-30T12:00:00+00:00,3.1,3.1,64,2.9,3.4
2023-12-30T13:00:00+00:00,2.0,2.0,64,1.7,2.2
2023-12-30T14:00:00+00:00,5.3,5.3,63,5.8,4.7
2023-12-30T15:00:00+00:00,3.9,3.9,64,3.5,4.2
2023-12-30T16:00:00+00:00,5.7,5.7,65,5.3,6.1
2023-12-30T17:00:00+00:00,7.0,7.0,66,6.6,7.5
2023-12-30T18:00:00+00:00,6.4,6.4,65,6.0,6.9
2023-12-30T19:00:00+00:00,10.8,10.8,64,10.1,11.5
2023-12-30T20:00:00+00:00,12.2,12.2,63,11.4,13.0
2023-12-30T21:00:00+00:00,11.4,11.4,61,10.7,12.2
2023-12-30T22:00:00+00:00,10.2,10.2,56,9.8,10.6
2023-12-30T23:00:00+00:00,13.0,13.0,54,12.6,13.5
2023-12-31T00:00:00+00:00,13.4,13.4,53,12.7,14.2
2023-12-31T01:00:00+00:00,17.5,17.5,56,16.6,18.3
2023-12-31T02:00:00+00:00,22.5,22.5,59,21.2,23.7
2023-12-31T03:00:00+00:00,35.7,37.4,60,35.0,36.4
2023-12-31T04:00:00+00:00,39.0,41.6,61,38.2,39.7
2023-12-31T05:00:00+00:00,50.8,63.3,61,50.5,51.0
2023-12-31T06:00:00+00:00,52.3,65.0,62,52.1,52.5
2023-12-31T07:00:00+00:00,61.1,81.9,63,60.4,61.7
2023-12-31T08:00:00+00:00,39.7,43.2,64,39.1,40.4
2023-12-31T09:00:00+00:00,24.3,24.3,65,23.2,25.4
2023-12-31T10:00:00+00:00,24.2,24.2,63,23.0,25.4
2023-12-31T11:00:00+00:00,24.1,24.1,62,22.7,25.5
2023-12-31T12:00:00+00:00,29.0,29.0,63,27.3,30.6
2023-12-31T13:00:00+00:00,18.4,18.4,66,17.4,19.3
2023-12-31T14:00:00+00:00,12.2,12.2,65,11.4,13.1
2023-12-31T15:00:00+00:00,13.8,13.8,64,13.0,14.5
2023-12-31T16:00:00+00:00,14.4,14.4,63,13.6,15.2
2023-12-31T17:00:00+00:00,8.7,8.7,57,8.1,9.2
2023-12-31T18:00:00+00:00,6.1,6.1,43,5.5,6.7
2023-12-31T19:00:00+00:00,6.8,6.8,44,6.4,7.1
2023-12-31T20:00:00+00:00,4.5,4.5,45,4.1,4.9
2023-12-31T21:00:00+00:00,5.6,5.6,44,5.1,6.0
2023-12-31T22:00:00+00:00,6.9,7.3,42,6.3,7.4
2023-12-31T23:00:00+00:00,7.1,7.7,43,6.6,7.6
2024-01-01T00:00:00+00:00,18.1,19.8,45,17.5,18.8
2024-01-01T01:00:00+00:00,23.5,26.0,48,22.4,24.5
2024-01-01T02:00:00+00:00,50.8,66.8,51,50.1,51.6
2024-01-01T03:00:00+00:00,33.0,34.5,56,32.3,33.7
2024-01-01T04:00:00+00:00,35.6,37.4,59,34.8,36.4
2024-01-01T05:00:00+00:00,31.6,32.4,60,30.8,32.4
2024-01-01T06:00:00+00:00,34.1,35.2,60,33.1,35.2
2024-01-01T07:00:00+00:00,34.1,35.5,60,33.2,35.1
2024-01-01T08:00:00+00:00,59.6,83.0,61,58.1,61.2
2024-01-01T09:00:00+00:00,69.6,104.6,59,67.8,71.4
2024-01-01T10:00:00+00:00,47.6,56.5,64,47.2,48.0
2024-01-01T11:00:00+00:00,39.3,41.6,65,38.6,39.9
2024-01-01T12:00:00+00:00,27.9,28.1,64,26.6,29.3
2024-01-01T13:00:00+00:00,28.1,28.2,65,26.5,29.6
2024-01-01T14:00:00+00:00,30.6,30.7,66,29.3,31.9
2024-01-01T15:00:00+00:00,30.8,30.9,65,29.2,32.3
2024-01-01T16:00:00+00:00,28.7,28.7,65,26.9,30.5
2024-01-01T17:00:00+00:00,32.6,33.0,65,31.1,34.0
2024-01-01T18:00:00+00:00,33.1,33.4,63,31.9,34.3
2024-01-01T19:00:00+00:00,35.5,36.6,61,34.4,36.7
2024-01-01T20:00:00+00:00,37.7,39.6,59,37.0,38.5
2024-01-01T21:00:00+00:00,37.3,39.1,58,36.8,37.7
2024-01-01T22:00:00+00:00,36.3,37.9,55,35.8,36.9
2024-01-01T23:00:00+00:00,38.8,41.8,54,38.4,39.1
2024-01-02T00:00:00+00:00,39.4,42.8,53,39.0,39.8
2024-01-02T01:00:00+00:00,41.0,44.5,56,40.6,41.3
2024-01-02T02:00:00+00:00,42.2,46.1,59,41.6,42.7
2024-01-02T03:00:00+00:00,46.4,53.9,59,46.2,46.7
2024-01-02T04:00:00+00:00,50.8,60.9,59,50.6,51.0
2024-01-02T05:00:00+00:00,53.8,66.5,65,53.8,53.9
2024-01-02T06:00:00+00:00,52.4,63.4,69,52.1,52.7
2024-01-02T07:00:00+00:00,50.7,60.3,68,50.5,50.8
2024-01-02T08:00:00+00:00,48.0,55.5,67,47.6,48.3
2024-01-02T09:00:00+00:00,47.2,54.4,66,46.7,47.7
2024-01-02T10:00:00+00:00,48.8,57.5,65,48.4,49.2
2024-01-02T11:00:00+00:00,48.8,57.6,65,48.5,49.1
2024-01-02T12:00:00+00:00,44.4,49.7,64,43.9,44.8
2024-01-02T13:00:00+00:00,39.7,42.0,63,39.1,40.4
2024-01-02T14:00:00+00:00,41.8,45.2,64,41.4,42.1
2024-01-02T15:00:00+00:00,39.0,41.1,63,38.4,39.6
2024-01-02T16:00:00+00:00,41.2,44.5,63,40.8,41.6
2024-01-02T17:00:00+00:00,38.9,40.8,63,38.4,39.3
2024-01-02T18:00:00+00:00,41.0,44.2,62,40.8,41.2
2024-01-02T19:00:00+00:00,39.6,42.2,61,39.3,39.9
2024-01-02T20:00:00+00:00,38.7,41.0,58,38.6,38.8
2024-01-02T21:00:00+00:00,41.6,47.0,51,41.7,41.5
2024-01-02T22:00:00+00:00,37.2,41.2,40,37.0,37.3
2024-01-02T23:00:00+00:00,40.0,45.2,44,40.0,40.0
2024-01-03T00:00:00+00:00,43.1,49.4,52,43.1,43.2
2024-01-03T01:00:00+00:00,50.2,63.0,58,50.3,50.2
2024-01-03T02:00:00+00:00,55.8,73.4,63,56.2,55.4
2024-01-03T03:00:00+00:00,56.4,73.3,67,56.8,56.0
2024-01-03T04:00:00+00:00,53.3,65.8,68,53.8,52.8
2024-01-03T05:00:00+00:00,46.4,53.2,63,46.4,46.4
2024-01-03T06:00:00+00:00,42.1,46.3,64,41.9,42.4
2024-01-03T07:00:00+00:00,40.6,44.2,65,40.2,41.1
2024-01-03T08:00:00+00:00,42.0,46.4,65,41.7,42.4
2024-01-03T09:00:00+00:00,40.5,44.0,66,39.7,41.3
2024-01-03T10:00:00+00:00,27.4,27.4,65,25.9,28.8
2024-01-03T11:00:00+00:00,26.2,26.2,64,25.1,27.4
2024-01-03T12:00:00+00:00,27.6,27.6,63,26.3,28.9
2024-01-03T13:00:00+00:00,21.3,21.3,66,20.0,22.6
2024-01-03T14:00:00+00:00,12.4,12.4,66,11.5,13.2
2024-01-03T15:00:00+00:00,30.3,31.2,66,29.3,31.3
2024-01-03T16:00:00+00:00,31.0,32.3,66,30.0,32.0
2024-01-03T17:00:00+00:00,18.5,18.5,60,17.4,19.6
2024-01-03T18:00:00+00:00,11.0,11.0,53,10.3,11.6
2024-01-03T19:00:00+00:00,7.9,7.9,44,7.4,8.4
2024-01-03T20:00:00+00:00,7.9,7.9,40,7.4,8.4
2024-01-03T21:00:00+00:00,4.9,4.9,34,4.4,5.4
2024-01-03T22:00:00+00:00,5.1,5.1,40,4.6,5.6
2024-01-03T23:00:00+00:00,2.5,2.5,44,2.2,2.8
2024-01-04T00:00:00+00:00,1.5,1.5,50,1.3,1.8
2024-01-04T01:00:00+00:00,3.5,3.5,53,3.3,3.8
2024-01-04T02:00:00+00:00,11.7,11.7,56,11.1,12.2
2024-01-04T03:00:00+00:00,20.5,20.5,59,19.6,21.4
2024-01-04T04:00:00+00:00,25.6,26.0,61,24.3,26.9
2024-01-04T05:00:00+00:00,23.3,23.3,60,22.2,24.5
2024-01-04T06:00:00+00:00,27.8,27.9,60,26.3,29.2
2024-01-04T07:00:00+00:00,25.1,25.3,63,24.1,26.1
2024-01-04T08:00:00+00:00,20.8,20.8,64,19.9,21.7
2024-01-04T09:00:00+00:00,15.7,15.7,65,14.5,16.9
2024-01-04T10:00:00+00:00,15.6,15.6,66,14.7,16.6
2024-01-04T11:00:00+00:00,17.7,17.7,66,16.7,18.7
2024-01-04T12:00:00+00:00,18.1,18.1,66,17.0,19.2
2024-01-04T13:00:00+00:00,13.0,13.0,66,12.0,14.0
2024-01-04T14:00:00+00:00,8.1,8.1,64,7.3,8.9
2024-01-04T15:00:00+00:00,7.4,7.4,62,6.8,8.0
2024-01-04T16:00:00+00:00,8.0,8.0,62,7.4,8.6
2024-01-04T17:00:00+00:00,9.8,9.8,62,9.1,10.4
2024-01-04T18:00:00+00:00,12.9,12.9,61,12.1,13.7
2024-01-04T19:00:00+00:00,13.1,13.1,57,12.3,13.9
2024-01-04T20:00:00+00:00,16.1,16.1,50,15.3,16.9
2024-01-04T21:00:00+00:00,16.4,16.4,42,15.7,17.1
2024-01-04T22:00:00+00:00,16.4,16.4,39,15.8,17.1
2024-01-04T23:00:00+00:00,14.1,14.1,37,13.4,14.8
2024-01-05T00:00:00+00:00,17.3,17.3,41,16.6,18.0
2024-01-05T01:00:00+00:00,19.6,19.6,46,18.7,20.6
2024-01-05T02:00:00+00:00,29.3,29.5,51,28.3,30.4
2024-01-05T03:00:00+00:00,41.6,45.5,54,41.1,42.1
2024-01-05T04:00:00+00:00,49.9,58.8,55,49.4,50.3
2024-01-05T05:00:00+00:00,55.6,70.1,56,55.7,55.5
2024-01-05T06:00:00+00:00,55.8,69.6,57,55.6,56.0
2024-01-05T07:00:00+00:00,52.8,62.8,58,52.1,53.4
2024-01-05T08:00:00+00:00,56.6,70.5,58,56.2,56.9
2024-01-05T09:00:00+00:00,60.6,79.9,59,60.6,60.5
2024-01-05T10:00:00+00:00,59.4,77.3,60,59.4,59.3
2024-01-05T11:00:00+00:00,54.5,66.8,60,54.3,54.6
2024-01-05T12:00:00+00:00,57.2,73.6,60,57.2,57.3
2024-01-05T13:00:00+00:00,58.7,76.9,60,58.9,58.5
2024-01-05T14:00:00+00:00,53.0,64.0,60,52.5,53.5
2024-01-05T15:00:00+00:00,55.3,68.6,60,55.0,55.7
2024-01-05T16:00:00+00:00,47.9,55.2,59,47.5,48.3
2024-01-05T17:00:00+00:00,37.1,39.4,45,36.5,37.7
2024-01-05T18:00:00+00:00,32.7,33.9,37,32.1,33.3
2024-01-05T19:00:00+00:00,29.4,30.1,29,28.4,30.5
2024-01-05T20:00:00+00:00,28.6,28.9,32,27.8,29.5
2024-01-05T21:00:00+00:00,30.0,30.3,36,29.1,30.9
2024-01-05T22:00:00+00:00,27.0,27.1,38,25.9,28.2
2024-01-05T23:00:00+00:00,28.1,28.1,39,26.9,29.2
2024-01-06T00:00:00+00:00,24.7,24.7,40,23.6,25.7
2024-01-06T01:00:00+00:00,33.9,35.2,45,33.0,34.9
2024-01-06T02:00:00+00:00,44.8,51.2,49,44.6,45.1
2024-01-06T03:00:00+00:00,53.8,75.6,51,53.9,53.7
2024-01-06T04:00:00+00:00,68.7,99.5,54,68.2,69.1
2024-01-06T05:00:00+00:00,84.3,127.7,55,82.2,86.4
2024-01-06T06:00:00+00:00,82.7,125.6,55,80.3,85.2
2024-01-06T07:00:00+00:00,89.2,135.4,55,86.8,91.6
2024-01-06T08:00:00+00:00,88.9,134.9,56,86.2,91.5
2024-01-06T09:00:00+00:00,79.9,121.0,57,77.8,82.0
2024-01-06T10:00:00+00:00,73.6,109.9,57,72.7,74.6
2024-01-06T11:00:00+00:00,70.9,103.5,57,70.7,71.0
2024-01-06T12:00:00+00:00,66.1,91.2,57,65.9,66.2
2024-01-06T13:00:00+00:00,65.3,89.0,57,65.3,65.3
2024-01-06T14:00:00+00:00,63.9,84.7,57,63.8,63.9
2024-01-06T15:00:00+00:00,61.5,79.2,58,61.3,61.7
2024-01-06T16:00:00+00:00,62.5,84.0,61,62.5,62.4
2024-01-06T17:00:00+00:00,50.3,60.5,60,50.3,50.3
2024-01-06T18:00:00+00:00,42.6,46.6,55,42.3,42.9
2024-01-06T19:00:00+00:00,53.0,67.4,52,53.3,52.6
2024-01-06T20:00:00+00:00,58.1,80.0,52,58.7,57.5
2024-01-06T21:00:00+00:00,58.5,81.4,52,59.2,57.8
2024-01-06T22:00:00+00:00,59.7,83.5,55,60.3,59.0
2024-01-06T23:00:00+00:00,48.3,57.1,56,48.6,48.0
2024-01-07T00:00:00+00:00,42.7,46.8,56,42.1,43.2
2024-01-07T01:00:00+00:00,40.2,44.1,56,39.6,40.9
2024-01-07T02:00:00+00:00,27.3,27.4,59,26.4,28.2
2024-01-07T03:00:00+00:00,22.2,22.2,61,21.2,23.1
2024-01-07T04:00:00+00:00,17.9,18.2,61,17.1,18.8
2024-01-07T05:00:00+00:00,34.0,35.8,62,33.0,35.0
2024-01-07T06:00:00+00:00,10.8,10.8,64,10.2,11.5
2024-01-07T07:00:00+00:00,11.6,11.6,62,10.7,12.4
2024-01-07T08:00:00+00:00,15.9,15.9,62,15.1,16.6
2024-01-07T09:00:00+00:00,8.7,8.7,65,7.3,10.1
2024-01-07T10:00:00+00:00,6.4,6.4,67,5.6,7.2
2024-01-07T11:00:00+00:00,10.6,10.6,66,9.4,11.7
2024-01-07T12:00:00+00:00,11.5,11.5,67,10.5,12.5
2024-01-07T13:00:00+00:00,16.1,16.1,67,15.1,17.2
2024-01-07T14:00:00+00:00,17.0,17.0,66,16.3,17.7
2024-01-07T15:00:00+00:00,18.6,18.6,65,16.7,20.5
2024-01-07T16:00:00+00:00,17.9,17.9,63,15.1,20.7
2024-01-07T17:00:00+00:00,18.8,18.8,53,17.7,20.0
2024-01-07T18:00:00+00:00,15.9,15.9,49,15.2,16.6
2024-01-07T19:00:00+00:00,12.6,12.6,40,11.9,13.2
2024-01-07T20:00:00+00:00,9.2,9.2,31,8.7,9.7
2024-01-07T21:00:00+00:00,7.8,7.8,27,7.1,8.5
2024-01-07T22:00:00+00:00,6.7,6.7,24,6.1,7.3
2024-01-07T23:00:00+00:00,6.2,6.2,27,5.7,6.7
2024-01-08T00:00:00+00:00,8.4,8.4,34,8.3,8.5
2024-01-08T01:00:00+00:00,10.7,10.7,39,10.2,11.2
2024-01-08T02:00:00+00:00,17.3,17.3,46,16.3,18.2
2024-01-08T03:00:00+00:00,32.5,32.9,50,31.1,33.8
2024-01-08T04:00:00+00:00,52.7,63.7,52,52.6,52.9
2024-01-08T05:00:00+00:00,47.1,52.1,54,46.5,47.7
2024-01-08T06:00:00+00:00,53.6,64.1,55,53.0,54.2
2024-01-08T07:00:00+00:00,65.0,87.7,55,64.2,65.7
2024-01-08T08:00:00+00:00,59.5,74.3,55,59.2,59.8
2024-01-08T09:00:00+00:00,55.9,66.4,56,55.5,56.3
2024-01-08T10:00:00+00:00,48.9,53.5,56,48.0,49.8
2024-01-08T11:00:00+00:00,54.6,63.7,57,53.6,55.7
2024-01-08T12:00:00+00:00,61.1,76.6,57,60.0,62.2
2024-01-08T13:00:00+00:00,47.8,51.4,57,46.2,49.4
2024-01-08T14:00:00+00:00,46.9,50.1,58,45.2,48.6
2024-01-08T15:00:00+00:00,41.7,42.7,58,39.8,43.6
2024-01-08T16:00:00+00:00,33.1,33.2,59,31.9,34.3
2024-01-08T17:00:00+00:00,24.0,24.0,46,23.1,24.9
2024-01-08T18:00:00+00:00,17.1,17.1,35,16.4,17.7
2024-01-08T19:00:00+00:00,13.4,13.4,29,13.0,13.9
2024-01-08T20:00:00+00:00,11.3,11.3,27,11.0,11.5
2024-01-08T21:00:00+00:00,9.7,9.7,23,9.0,10.3
2024-01-08T22:00:00+00:00,8.5,8.5,20,7.8,9.2
2024-01-08T23:00:00+00:00,10.0,10.0,23,9.4,10.6
2024-01-09T00:00:00+00:00,10.3,10.3,28,9.9,10.7
2024-01-09T01:00:00+00:00,10.9,10.9,34,10.3,11.5
2024-01-09T02:00:00+00:00,32.2,38.4,41,31.4,32.9
2024-01-09T03:00:00+00:00,48.6,57.5,45,48.4,48.8
2024-01-09T04:00:00+00:00,49.7,58.5,47,49.3,50.2
2024-01-09T05:00:00+00:00,58.2,75.6,49,58.2,58.3
2024-01-09T06:00:00+00:00,61.4,81.8,50,61.6,61.3
2024-01-09T07:00:00+00:00,68.2,97.2,52,68.1,68.3
2024-01-09T08:00:00+00:00,63.1,83.9,52,63.1,63.1
2024-01-09T09:00:00+00:00,59.4,74.6,53,59.0,59.8
2024-01-09T10:00:00+00:00,54.8,64.9,53,54.1,55.5
2024-01-09T11:00:00+00:00,46.6,50.3,55,45.8,47.4
2024-01-09T12:00:00+00:00,40.4,41.2,54,39.3,41.5
2024-01-09T13:00:00+00:00,35.4,35.5,55,33.8,37.1
2024-01-09T14:00:00+00:00,39.0,39.5,55,36.9,41.1
2024-01-09T15:00:00+00:00,38.7,39.2,56,37.2,40.2
2024-01-09T16:00:00+00:00,27.5,27.6,56,26.6,28.4
2024-01-09T17:00:00+00:00,17.9,17.9,41,17.1,18.6
2024-01-09T18:00:00+00:00,15.7,15.7,30,15.1,16.2
2024-01-09T19:00:00+00:00,14.0,14.0,28,13.3,14.7
2024-01-09T20:00:00+00:00,14.1,14.1,25,13.5,14.8
2024-01-09T21:00:00+00:00,16.6,16.6,22,15.9,17.4
2024-01-09T22:00:00+00:00,18.8,18.8,21,17.9,19.6
2024-01-09T23:00:00+00:00,18.3,18.3,24,17.6,19.0
2024-01-10T00:00:00+00:00,20.2,20.2,30,19.5,21.0
2024-01-10T01:00:00+00:00,23.9,23.9,33,22.8,25.0
2024-01-10T02:00:00+00:00,27.5,27.7,36,26.5,28.5
2024-01-10T03:00:00+00:00,34.6,35.7,37,34.0,35.2
2024-01-10T04:00:00+00:00,38.7,41.6,38,38.3,39.0
2024-01-10T05:00:00+00:00,40.4,44.0,42,40.1,40.6
2024-01-10T06:00:00+00:00,46.0,53.7,44,45.7,46.4
2024-01-10T07:00:00+00:00,38.6,41.0,44,38.4,38.9
2024-01-10T08:00:00+00:00,36.3,37.5,47,35.6,36.9
2024-01-10T09:00:00+00:00,36.9,38.7,48,36.2,37.6
2024-01-10T10:00:00+00:00,19.2,19.3,49,18.5,20.0
2024-01-10T11:00:00+00:00,15.4,15.4,51,14.7,16.1
2024-01-10T12:00:00+00:00,23.4,23.4,55,22.1,24.7
2024-01-10T13:00:00+00:00,28.3,28.3,58,27.0,29.6
2024-01-10T14:00:00+00:00,31.5,31.5,62,29.6,33.4
2024-01-10T15:00:00+00:00,32.8,32.9,61,31.3,34.4
2024-01-10T16:00:00+00:00,29.9,29.9,61,27.9,31.9
2024-01-10T17:00:00+00:00,19.7,19.7,46,18.7,20.8
2024-01-10T18:00:00+00:00,14.8,14.8,33,13.9,15.6
2024-01-10T19:00:00+00:00,13.6,13.6,26,12.6,14.5
2024-01-10T20:00:00+00:00,5.1,5.1,21,4.8,5.5
2024-01-10T21:00:00+00:00,2.0,2.0,23,1.9,2.1
2024-01-10T22:00:00+00:00,1.6,1.6,27,1.4,1.8
2024-01-10T23:00:00+00:00,0.7,0.7,29,0.6,0.8
2024-01-11T00:00:00+00:00,1.2,1.2,31,1.0,1.4
2024-01-11T01:00:00+00:00,3.1,3.1,34,2.7,3.5
2024-01-11T02:00:00+00:00,2.8,2.8,39,2.6,3.1
2024-01-11T03:00:00+00:00,3.2,3.2,51,2.9,3.6
2024-01-11T04:00:00+00:00,11.1,11.1,54,10.6,11.6
2024-01-11T05:00:00+00:00,15.6,15.6,57,15.1,16.2
2024-01-11T06:00:00+00:00,20.4,20.4,63,19.4,21.4
2024-01-11T07:00:00+00:00,22.2,22.2,64,21.0,23.5
2024-01-11T08:00:00+00:00,21.9,22.0,63,20.7,23.2
2024-01-11T09:00:00+00:00,0.0,0.0,59,0.0,0.0
2024-01-11T10:00:00+00:00,0.0,0.0,60,0.0,0.0
2024-01-11T11:00:00+00:00,0.1,0.1,60,0.0,0.1
2024-01-11T12:00:00+00:00,0.0,0.0,56,0.0,0.0
2024-01-11T13:00:00+00:00,0.2,0.2,53,0.1,0.2
2024-01-11T14:00:00+00:00,0.9,0.9,55,0.7,1.1
2024-01-11T15:00:00+00:00,0.8,0.8,55,0.6,1.0
2024-01-11T16:00:00+00:00,0.6,0.6,52,0.5,0.8
2024-01-11T17:00:00+00:00,0.4,0.4,39,0.3,0.6
2024-01-11T18:00:00+00:00,1.1,1.1,30,0.9,1.3
2024-01-11T19:00:00+00:00,1.6,1.6,26,1.4,1.9
2024-01-11T20:00:00+00:00,2.3,2.3,23,2.1,2.6
2024-01-11T21:00:00+00:00,2.7,2.7,21,2.5,3.0
2024-01-11T22:00:00+00:00,1.9,1.9,19,1.7,2.1
2024-01-11T23:00:00+00:00,1.3,1.3,22,1.1,1.5
2024-01-12T00:00:00+00:00,1.0,1.0,28,0.9,1.2
2024-01-12T01:00:00+00:00,3.2,3.2,34,2.9,3.5
2024-01-12T02:00:00+00:00,30.5,32.1,41,29.9,31.0
2024-01-12T03:00:00+00:00,39.8,42.9,45,39.4,40.2
2024-01-12T04:00:00+00:00,45.6,50.8,48,45.2,45.9
2024-01-12T05:00:00+00:00,55.3,68.6,50,55.2,55.5
2024-01-12T06:00:00+00:00,51.7,60.9,52,51.2,52.2
2024-01-12T07:00:00+00:00,41.6,43.8,53,40.8,42.4
2024-01-12T08:00:00+00:00,36.1,36.3,53,34.2,37.9
2024-01-12T09:00:00+00:00,42.5,44.3,54,41.9,43.2
2024-01-12T10:00:00+00:00,44.5,46.9,54,44.0,45.1
2024-01-12T11:00:00+00:00,47.2,51.3,54,46.4,48.1
2024-01-12T12:00:00+00:00,54.2,64.2,55,53.4,55.1
2024-01-12T13:00:00+00:00,29.2,29.2,55,28.1,30.4
2024-01-12T14:00:00+00:00,22.8,22.8,57,21.3,24.2
2024-01-12T15:00:00+00:00,22.6,22.6,58,21.3,24.0
2024-01-12T16:00:00+00:00,22.7,22.7,58,21.7,23.7
2024-01-12T17:00:00+00:00,22.2,22.2,47,21.3,23.1
2024-01-12T18:00:00+00:00,20.5,20.9,40,19.7,21.3
2024-01-12T19:00:00+00:00,28.6,29.5,37,27.4,29.7
2024-01-12T20:00:00+00:00,24.7,24.7,36,23.6,25.8
2024-01-12T21:00:00+00:00,22.3,22.3,34,21.5,23.2
2024-01-12T22:00:00+00:00,21.5,21.6,32,20.4,22.7
2024-01-12T23:00:00+00:00,20.6,20.6,33,19.5,21.7
2024-01-13T00:00:00+00:00,21.2,21.2,36,20.3,22.1
2024-01-13T01:00:00+00:00,27.9,28.5,39,26.8,28.9
2024-01-13T02:00:00+00:00,38.9,41.4,42,38.4,39.4
2024-01-13T03:00:00+00:00,42.3,46.0,46,41.8,42.8
2024-01-13T04:00:00+00:00,48.4,56.3,50,48.1,48.7
2024-01-13T05:00:00+00:00,53.5,66.3,51,53.5,53.6
2024-01-13T06:00:00+00:00,58.6,77.7,51,58.5,58.8
2024-01-13T07:00:00+00:00,59.0,77.0,52,59.1,58.9
2024-01-13T08:00:00+00:00,63.3,86.4,54,63.5,63.2
2024-01-13T09:00:00+00:00,62.6,84.9,55,62.6,62.6
2024-01-13T10:00:00+00:00,62.2,83.9,55,62.4,62.0
2024-01-13T11:00:00+00:00,65.6,91.5,55,65.4,65.8
2024-01-13T12:00:00+00:00,72.8,107.6,56,71.9,73.7
2024-01-13T13:00:00+00:00,65.8,90.7,57,65.6,66.1
2024-01-13T14:00:00+00:00,60.4,76.9,59,59.9,60.8
2024-01-13T15:00:00+00:00,58.9,73.3,61,58.5,59.3
2024-01-13T16:00:00+00:00,52.7,61.9,59,52.5,53.0
2024-01-13T17:00:00+00:00,49.3,57.3,53,49.0,49.7
2024-01-13T18:00:00+00:00,52.2,63.9,52,51.8,52.6
2024-01-13T19:00:00+00:00,53.5,66.7,56,53.0,54.0
2024-01-13T20:00:00+00:00,59.9,79.3,59,60.0,59.8
2024-01-13T21:00:00+00:00,60.2,80.8,60,60.3,60.0
2024-01-13T22:00:00+00:00,55.1,69.7,60,55.1,55.2
2024-01-13T23:00:00+00:00,52.7,65.2,58,52.5,52.8
2024-01-14T00:00:00+00:00,50.5,61.1,56,50.3,50.8
2024-01-14T01:00:00+00:00,53.2,66.8,56,53.0,53.3
2024-01-14T02:00:00+00:00,62.1,87.8,59,62.1,62.2
2024-01-14T03:00:00+00:00,62.9,89.9,59,62.8,63.0
2024-01-14T04:00:00+00:00,62.4,88.4,60,62.4,62.4
2024-01-14T05:00:00+00:00,62.0,86.6,61,62.2,61.8
2024-01-14T06:00:00+00:00,58.9,78.4,61,59.2,58.7
2024-01-14T07:00:00+00:00,60.6,83.5,60,60.8,60.5
2024-01-14T08:00:00+00:00,64.7,93.2,60,64.6,64.7
2024-01-14T09:00:00+00:00,60.9,83.7,60,61.2,60.7
2024-01-14T10:00:00+00:00,61.7,85.4,61,61.7,61.6
2024-01-14T11:00:00+00:00,66.1,95.9,61,65.8,66.3
2024-01-14T12:00:00+00:00,64.0,91.5,62,64.2,63.8
2024-01-14T13:00:00+00:00,61.8,85.9,62,62.0,61.6
2024-01-14T14:00:00+00:00,60.1,81.3,62,60.2,60.0
2024-01-14T15:00:00+00:00,56.0,71.7,62,56.2,55.9
2024-01-14T16:00:00+00:00,52.1,64.0,59,52.3,51.9
2024-01-14T17:00:00+00:00,35.9,38.3,46,35.1,36.7
2024-01-14T18:00:00+00:00,26.2,26.3,34,25.0,27.4
2024-01-14T19:00:00+00:00,21.4,21.4,27,20.4,22.4
2024-01-14T20:00:00+00:00,19.4,19.4,23,18.3,20.6
2024-01-14T21:00:00+00:00,16.5,16.5,20,15.5,17.5
2024-01-14T22:00:00+00:00,14.2,14.2,21,13.2,15.2
2024-01-14T23:00:00+00:00,13.9,14.0,26,13.0,14.9
2024-01-15T00:00:00+00:00,16.6,16.6,34,15.7,17.4
2024-01-15T01:00:00+00:00,22.3,22.3,41,21.4,23.2
2024-01-15T02:00:00+00:00,32.6,34.1,46,31.9,33.4
2024-01-15T03:00:00+00:00,47.6,57.8,50,47.5,47.8
2024-01-15T04:00:00+00:00,57.4,79.5,52,56.9,57.9
2024-01-15T05:00:00+00:00,36.5,44.3,55,35.9,37.1
2024-01-15T06:00:00+00:00,17.3,17.3,55,16.4,18.3
2024-01-15T07:00:00+00:00,25.7,25.7,58,24.5,27.0
2024-01-15T08:00:00+00:00,32.1,32.2,58,31.1,33.1
2024-01-15T09:00:00+00:00,30.5,30.6,59,29.2,31.9
2024-01-15T10:00:00+00:00,35.1,35.8,65,34.2,36.1
2024-01-15T11:00:00+00:00,33.4,34.1,67,32.1,34.8
2024-01-15T12:00:00+00:00,22.7,22.7,65,21.4,24.1
2024-01-15T13:00:00+00:00,19.9,19.9,65,18.5,21.4
2024-01-15T14:00:00+00:00,16.8,16.8,66,15.6,17.9
2024-01-15T15:00:00+00:00,14.7,14.7,65,13.7,15.8
2024-01-15T16:00:00+00:00,13.4,13.4,67,12.5,14.4
2024-01-15T17:00:00+00:00,12.1,12.3,66,11.3,12.9
2024-01-15T18:00:00+00:00,13.4,13.7,65,12.5,14.3
2024-01-15T19:00:00+00:00,18.5,18.5,65,17.4,19.5
2024-01-15T20:00:00+00:00,20.5,21.3,63,19.6,21.3
2024-01-15T21:00:00+00:00,17.9,17.9,61,17.2,18.5
2024-01-15T22:00:00+00:00,18.2,18.2,59,17.2,19.1
2024-01-15T23:00:00+00:00,23.9,23.9,58,22.4,25.4
2024-01-16T00:00:00+00:00,22.0,22.0,60,20.4,23.6
2024-01-16T01:00:00+00:00,24.7,24.7,61,23.3,26.1
2024-01-16T02:00:00+00:00,26.5,26.5,61,25.1,27.9
2024-01-16T03:00:00+00:00,29.2,29.5,63,27.8,30.6
2024-01-16T04:00:00+00:00,32.5,32.9,64,31.1,34.0
2024-01-16T05:00:00+00:00,36.6,38.3,64,35.9,37.4
2024-01-16T06:00:00+00:00,33.1,34.8,64,32.1,34.2
2024-01-16T07:00:00+00:00,25.8,25.8,64,24.5,27.1
2024-01-16T08:00:00+00:00,27.4,27.4,64,25.8,28.9
2024-01-16T09:00:00+00:00,26.2,26.2,65,24.7,27.6
2024-01-16T10:00:00+00:00,21.9,21.9,65,20.8,22.9
2024-01-16T11:00:00+00:00,18.6,18.6,65,17.6,19.6
2024-01-16T12:00:00+00:00,21.1,21.1,65,19.7,22.4
2024-01-16T13:00:00+00:00,22.6,22.6,66,21.5,23.7
2024-01-16T14:00:00+00:00,24.8,24.8,65,23.4,26.2
2024-01-16T15:00:00+00:00,24.4,24.4,66,22.9,25.8
2024-01-16T16:00:00+00:00,18.2,18.2,68,17.0,19.4
2024-01-16T17:00:00+00:00,25.5,25.5,68,24.4,26.6
2024-01-16T18:00:00+00:00,28.6,28.7,65,27.2,30.1
2024-01-16T19:00:00+00:00,30.5,30.6,61,28.9,32.1
2024-01-16T20:00:00+00:00,33.8,34.3,58,32.5,35.0
2024-01-16T21:00:00+00:00,36.9,38.7,57,36.5,37.4
2024-01-16T22:00:00+00:00,40.8,45.3,54,40.7,40.9
2024-01-16T23:00:00+00:00,43.5,50.6,50,43.3,43.7
2024-01-17T00:00:00+00:00,38.8,41.9,54,38.3,39.3
2024-01-17T01:00:00+00:00,48.2,60.6,58,47.2,49.1
2024-01-17T02:00:00+00:00,44.8,53.1,61,44.2,45.3
2024-01-17T03:00:00+00:00,45.2,52.5,62,45.1,45.4
2024-01-17T04:00:00+00:00,54.1,69.8,63,54.4,53.8
2024-01-17T05:00:00+00:00,49.0,58.6,64,48.9,49.0
2024-01-17T06:00:00+00:00,47.4,56.2,62,47.2,47.6
2024-01-17T07:00:00+00:00,45.9,53.4,61,45.6,46.3
2024-01-17T08:00:00+00:00,46.8,55.1,62,46.6,47.0
2024-01-17T09:00:00+00:00,47.9,57.0,64,47.6,48.2
2024-01-17T10:00:00+00:00,46.7,54.8,64,46.5,46.9
2024-01-17T11:00:00+00:00,45.8,53.4,65,45.5,46.1
2024-01-17T12:00:00+00:00,47.6,56.2,66,47.6,47.6
2024-01-17T13:00:00+00:00,50.4,62.1,66,50.2,50.7
2024-01-17T14:00:00+00:00,49.6,60.1,67,49.2,50.0
2024-01-17T15:00:00+00:00,49.1,59.2,66,48.8,49.4
2024-01-17T16:00:00+00:00,48.2,57.8,65,47.8,48.6
2024-01-17T17:00:00+00:00,47.7,57.0,64,47.7,47.8
2024-01-17T18:00:00+00:00,46.1,56.2,56,46.0,46.2
2024-01-17T19:00:00+00:00,37.8,43.1,39,37.3,38.2
2024-01-17T20:00:00+00:00,28.2,28.8,36,26.9,29.4
2024-01-17T21:00:00+00:00,25.1,25.4,34,23.8,26.4
2024-01-17T22:00:00+00:00,11.9,11.9,34,11.1,12.7
2024-01-17T23:00:00+00:00,5.6,5.6,37,5.2,6.1
2024-01-18T00:00:00+00:00,7.3,7.3,42,6.7,7.8
2024-01-18T01:00:00+00:00,33.2,35.1,53,32.8,33.7
2024-01-18T02:00:00+00:00,44.4,53.4,57,44.1,44.8
2024-01-18T03:00:00+00:00,55.8,74.8,60,55.2,56.4
2024-01-18T04:00:00+00:00,44.0,52.5,60,43.7,44.3
2024-01-18T05:00:00+00:00,48.8,60.4,58,48.7,48.9
2024-01-18T06:00:00+00:00,47.9,57.6,60,47.8,48.1
2024-01-18T07:00:00+00:00,44.6,51.1,59,44.2,45.1
2024-01-18T08:00:00+00:00,43.5,48.4,60,43.1,43.8
2024-01-18T09:00:00+00:00,50.9,62.7,63,50.6,51.2
2024-01-18T10:00:00+00:00,53.2,68.0,64,53.2,53.3
2024-01-18T11:00:00+00:00,42.8,47.9,67,42.5,43.1
2024-01-18T12:00:00+00:00,40.4,43.8,68,39.8,41.0
2024-01-18T13:00:00+00:00,37.5,39.4,68,36.6,38.5
2024-01-18T14:00:00+00:00,39.6,42.5,67,38.9,40.3
2024-01-18T15:00:00+00:00,36.4,37.8,67,35.3,37.4
2024-01-18T16:00:00+00:00,38.1,40.2,67,37.5,38.6
2024-01-18T17:00:00+00:00,41.6,46.0,67,41.5,41.8
2024-01-18T18:00:00+00:00,38.2,41.5,61,37.8,38.7
2024-01-18T19:00:00+00:00,36.1,37.9,58,35.8,36.4
2024-01-18T20:00:00+00:00,38.9,42.3,59,38.8,39.0
2024-01-18T21:00:00+00:00,36.4,38.7,57,36.0,36.8
2024-01-18T22:00:00+00:00,33.8,35.4,51,33.5,34.2
2024-01-18T23:00:00+00:00,33.6,35.3,46,33.2,33.9
2024-01-19T00:00:00+00:00,32.6,33.7,47,32.1,33.0
2024-01-19T01:00:00+00:00,33.9,35.3,51,33.3,34.5
2024-01-19T02:00:00+00:00,47.0,58.4,54,46.6,47.3
2024-01-19T03:00:00+00:00,56.2,78.6,57,56.1,56.4
2024-01-19T04:00:00+00:00,46.6,55.9,58,46.4,46.7
2024-01-19T05:00:00+00:00,50.7,63.9,59,50.7,50.8
2024-01-19T06:00:00+00:00,51.9,65.4,60,51.8,52.0
2024-01-19T07:00:00+00:00,53.9,69.9,61,53.9,53.9
2024-01-19T08:00:00+00:00,56.0,75.2,61,55.9,56.1
2024-01-19T09:00:00+00:00,58.2,80.6,62,58.2,58.2
2024-01-19T10:00:00+00:00,55.7,73.9,62,55.8,55.5
2024-01-19T11:00:00+00:00,53.3,67.9,62,53.3,53.4
2024-01-19T12:00:00+00:00,49.9,60.4,62,49.8,50.1
2024-01-19T13:00:00+00:00,49.5,59.3,63,49.4,49.5
2024-01-19T14:00:00+00:00,46.1,52.9,64,45.7,46.5
2024-01-19T15:00:00+00:00,49.1,58.9,63,48.8,49.4
2024-01-19T16:00:00+00:00,50.6,62.2,64,50.6,50.7
2024-01-19T17:00:00+00:00,51.4,66.0,60,51.4,51.4
2024-01-19T18:00:00+00:00,48.4,61.4,54,48.5,48.3
2024-01-19T19:00:00+00:00,38.7,43.1,47,38.6,38.7
2024-01-19T20:00:00+00:00,30.7,31.3,43,30.3,31.1
2024-01-19T21:00:00+00:00,27.3,27.7,41,26.3,28.2
2024-01-19T22:00:00+00:00,26.4,26.5,37,25.4,27.4
2024-01-19T23:00:00+00:00,29.2,29.5,38,28.5,29.8
2024-01-20T00:00:00+00:00,29.2,29.6,42,28.7,29.7
2024-01-20T01:00:00+00:00,30.7,31.3,44,30.2,31.2
2024-01-20T02:00:00+00:00,34.1,35.9,46,33.9,34.4
2024-01-20T03:00:00+00:00,41.0,47.0,49,40.8,41.2
2024-01-20T04:00:00+00:00,41.3,47.1,52,40.9,41.7
2024-01-20T05:00:00+00:00,45.6,55.1,52,45.7,45.6
2024-01-20T06:00:00+00:00,44.1,52.0,56,43.9,44.4
2024-01-20T07:00:00+00:00,38.5,41.9,58,38.3,38.6
2024-01-20T08:00:00+00:00,43.4,50.5,61,43.3,43.5
2024-01-20T09:00:00+00:00,50.1,64.2,64,50.0,50.2
2024-01-20T10:00:00+00:00,48.6,60.2,65,48.6,48.6
2024-01-20T11:00:00+00:00,28.5,30.3,65,27.7,29.3
2024-01-20T12:00:00+00:00,17.2,17.2,64,16.4,18.0
2024-01-20T13:00:00+00:00,15.6,15.6,64,14.8,16.5
2024-01-20T14:00:00+00:00,10.6,10.6,64,9.9,11.2
2024-01-20T15:00:00+00:00,4.0,4.0,65,3.8,4.3
2024-01-20T16:00:00+00:00,4.8,4.8,67,4.3,5.3
2024-01-20T17:00:00+00:00,5.5,5.5,67,5.1,6.0
2024-01-20T18:00:00+00:00,4.3,4.3,64,3.7,4.8
2024-01-20T19:00:00+00:00,1.9,1.9,47,1.7,2.0
2024-01-20T20:00:00+00:00,1.4,1.4,44,1.3,1.6
2024-01-20T21:00:00+00:00,1.7,1.7,40,1.6,1.9
2024-01-20T22:00:00+00:00,1.7,1.7,42,1.6,1.9
2024-01-20T23:00:00+00:00,1.1,1.1,44,0.9,1.3
2024-01-21T00:00:00+00:00,1.3,1.3,47,1.1,1.4
2024-01-21T01:00:00+00:00,4.3,4.3,51,4.0,4.6
2024-01-21T02:00:00+00:00,6.1,6.1,53,5.6,6.6
2024-01-21T03:00:00+00:00,6.4,6.4,54,6.1,6.8
2024-01-21T04:00:00+00:00,5.5,5.5,54,5.1,5.8
2024-01-21T05:00:00+00:00,9.5,9.5,57,9.2,9.8
2024-01-21T06:00:00+00:00,8.6,8.6,60,8.2,9.0
2024-01-21T07:00:00+00:00,5.7,5.7,62,5.5,5.9
2024-01-21T08:00:00+00:00,5.0,5.0,63,4.8,5.3
2024-01-21T09:00:00+00:00,3.6,3.6,65,3.3,4.0
2024-01-21T10:00:00+00:00,5.0,5.0,67,4.7,5.3
2024-01-21T11:00:00+00:00,9.0,9.0,68,8.4,9.6
2024-01-21T12:00:00+00:00,7.2,7.2,66,6.7,7.7
2024-01-21T13:00:00+00:00,5.7,5.7,65,5.5,6.0
2024-01-21T14:00:00+00:00,3.8,3.8,64,3.4,4.2
2024-01-21T15:00:00+00:00,3.2,3.2,65,2.7,3.6
2024-01-21T16:00:00+00:00,3.8,3.8,64,3.5,4.2
2024-01-21T17:00:00+00:00,3.0,3.0,58,2.6,3.3
2024-01-21T18:00:00+00:00,1.8,1.8,47,1.6,2.1
2024-01-21T19:00:00+00:00,1.4,1.4,42,1.2,1.6
2024-01-21T20:00:00+00:00,0.8,0.8,41,0.6,1.0
2024-01-21T21:00:00+00:00,0.2,0.2,35,0.2,0.3
2024-01-21T22:00:00+00:00,0.4,0.4,32,0.4,0.5
2024-01-21T23:00:00+00:00,0.7,0.7,36,0.6,0.8
2024-01-22T00:00:00+00:00,0.7,0.7,42,0.5,0.9
2024-01-22T01:00:00+00:00,3.8,3.8,46,3.4,4.2
2024-01-22T02:00:00+00:00,7.3,7.3,48,6.9,7.6
2024-01-22T03:00:00+00:00,8.5,8.5,50,8.4,8.6
2024-01-22T04:00:00+00:00,5.6,5.6,51,5.4,5.9
2024-01-22T05:00:00+00:00,4.2,4.2,51,3.9,4.4
2024-01-22T06:00:00+00:00,6.1,6.1,52,5.6,6.5
2024-01-22T07:00:00+00:00,3.0,3.0,53,2.7,3.4
2024-01-22T08:00:00+00:00,1.5,1.5,53,1.2,1.7
2024-01-22T09:00:00+00:00,2.5,2.5,53,2.2,2.8
2024-01-22T10:00:00+00:00,3.6,3.6,60,3.3,3.9
2024-01-22T11:00:00+00:00,13.6,13.6,63,12.9,14.2
2024-01-22T12:00:00+00:00,5.0,5.0,65,4.7,5.3
2024-01-22T13:00:00+00:00,2.9,2.9,66,2.5,3.3
2024-01-22T14:00:00+00:00,3.3,3.3,67,2.9,3.6
2024-01-22T15:00:00+00:00,1.0,1.0,71,0.8,1.3
2024-01-22T16:00:00+00:00,0.9,0.9,71,0.7,1.0
2024-01-22T17:00:00+00:00,0.5,0.5,70,0.4,0.6
2024-01-22T18:00:00+00:00,0.5,0.5,69,0.3,0.6
2024-01-22T19:00:00+00:00,0.9,0.9,65,0.7,1.1
2024-01-22T20:00:00+00:00,1.3,1.3,61,1.1,1.4
2024-01-22T21:00:00+00:00,1.5,1.5,62,1.4,1.7
2024-01-22T22:00:00+00:00,0.8,0.8,64,0.7,1.0
2024-01-22T23:00:00+00:00,1.1,1.1,62,0.9,1.2
2024-01-23T00:00:00+00:00,1.2,1.2,59,1.0,1.5
2024-01-23T01:00:00+00:00,5.5,5.5,60,5.1,5.9
2024-01-23T02:00:00+00:00,6.8,6.8,62,6.5,7.0
2024-01-23T03:00:00+00:00,13.6,13.6,63,12.9,14.3
2024-01-23T04:00:00+00:00,14.0,14.0,63,13.4,14.6
2024-01-23T05:00:00+00:00,11.9,11.9,63,11.1,12.7
2024-01-23T06:00:00+00:00,14.1,14.1,64,13.4,14.8
2024-01-23T07:00:00+00:00,7.6,7.6,66,7.0,8.1
2024-01-23T08:00:00+00:00,6.8,6.8,66,6.5,7.1
2024-01-23T09:00:00+00:00,8.1,8.1,66,7.5,8.7
2024-01-23T10:00:00+00:00,11.1,11.1,66,10.4,11.8
2024-01-23T11:00:00+00:00,15.6,15.6,67,14.8,16.4
2024-01-23T12:00:00+00:00,20.3,20.3,68,19.3,21.3
2024-01-23T13:00:00+00:00,20.5,20.5,69,19.5,21.6
2024-01-23T14:00:00+00:00,19.5,19.5,69,18.6,20.4
2024-01-23T15:00:00+00:00,10.7,10.7,67,10.0,11.4
2024-01-23T16:00:00+00:00,11.5,11.5,66,10.7,12.3
2024-01-23T17:00:00+00:00,13.4,13.4,66,12.7,14.1
2024-01-23T18:00:00+00:00,7.7,7.7,63,7.3,8.1
2024-01-23T19:00:00+00:00,4.2,4.2,57,3.8,4.6
2024-01-23T20:00:00+00:00,4.3,4.3,53,3.8,4.8
2024-01-23T21:00:00+00:00,5.0,5.0,41,4.7,5.3
2024-01-23T22:00:00+00:00,3.7,3.7,41,3.4,4.0
2024-01-23T23:00:00+00:00,3.8,3.8,43,3.3,4.2
2024-01-24T00:00:00+00:00,3.0,3.0,46,2.6,3.4
2024-01-24T01:00:00+00:00,6.4,6.4,49,6.0,6.9
2024-01-24T02:00:00+00:00,13.5,13.5,53,12.9,14.2
2024-01-24T03:00:00+00:00,17.6,17.6,56,16.8,18.3
2024-01-24T04:00:00+00:00,27.7,28.0,58,26.7,28.8
2024-01-24T05:00:00+00:00,38.4,41.7,59,37.9,38.9
2024-01-24T06:00:00+00:00,36.2,37.6,59,35.6,36.7
2024-01-24T07:00:00+00:00,32.0,32.2,61,31.0,33.1
2024-01-24T08:00:00+00:00,35.2,36.6,63,34.3,36.1
2024-01-24T09:00:00+00:00,33.7,34.3,63,32.4,35.0
2024-01-24T10:00:00+00:00,34.3,35.0,64,33.2,35.3
2024-01-24T11:00:00+00:00,29.4,29.5,63,28.1,30.8
2024-01-24T12:00:00+00:00,33.1,33.5,65,32.3,33.9
2024-01-24T13:00:00+00:00,36.2,37.5,66,35.2,37.2
2024-01-24T14:00:00+00:00,36.5,37.9,66,35.9,37.1
2024-01-24T15:00:00+00:00,37.4,39.4,66,36.7,38.1
2024-01-24T16:00:00+00:00,36.9,38.7,67,36.3,37.6
2024-01-24T17:00:00+00:00,36.3,37.8,67,35.7,36.9
2024-01-24T18:00:00+00:00,38.1,40.8,67,37.7,38.5
2024-01-24T19:00:00+00:00,33.4,34.4,68,32.7,34.1
2024-01-24T20:00:00+00:00,23.9,23.9,66,22.9,24.9
2024-01-24T21:00:00+00:00,17.0,17.0,63,16.1,17.8
2024-01-24T22:00:00+00:00,14.0,14.0,61,13.3,14.7
2024-01-24T23:00:00+00:00,11.9,11.9,59,11.2,12.6
2024-01-25T00:00:00+00:00,19.3,19.3,61,18.4,20.2
2024-01-25T01:00:00+00:00,28.2,28.2,63,27.2,29.2
2024-01-25T02:00:00+00:00,30.7,31.0,63,29.8,31.5
2024-01-25T03:00:00+00:00,35.5,37.2,64,34.9,36.1
2024-01-25T04:00:00+00:00,35.0,36.5,64,34.4,35.6
2024-01-25T05:00:00+00:00,32.0,32.4,63,31.3,32.7
2024-01-25T06:00:00+00:00,30.4,30.6,63,29.2,31.5
2024-01-25T07:00:00+00:00,29.7,29.9,64,28.7,30.7
2024-01-25T08:00:00+00:00,26.5,26.5,63,25.5,27.4
2024-01-25T09:00:00+00:00,20.5,20.5,63,19.5,21.4
2024-01-25T10:00:00+00:00,19.1,19.1,63,18.2,20.0
2024-01-25T11:00:00+00:00,20.0,20.0,65,19.0,20.9
2024-01-25T12:00:00+00:00,19.6,19.6,65,18.6,20.5
2024-01-25T13:00:00+00:00,19.1,19.1,66,18.0,20.2
2024-01-25T14:00:00+00:00,17.9,17.9,65,17.1,18.7
2024-01-25T15:00:00+00:00,17.4,17.4,65,16.3,18.5
2024-01-25T16:00:00+00:00,19.6,19.6,65,18.6,20.5
2024-01-25T17:00:00+00:00,24.7,24.7,64,23.6,25.8
2024-01-25T18:00:00+00:00,19.6,19.6,56,18.8,20.4
2024-01-25T19:00:00+00:00,16.5,16.5,40,15.6,17.5
2024-01-25T20:00:00+00:00,10.2,10.2,28,9.5,10.9
2024-01-25T21:00:00+00:00,5.2,5.2,25,4.8,5.6
2024-01-25T22:00:00+00:00,3.0,3.0,26,2.9,3.2
2024-01-25T23:00:00+00:00,2.6,2.6,29,2.3,2.8
2024-01-26T00:00:00+00:00,1.9,1.9,34,1.7,2.2
2024-01-26T01:00:00+00:00,2.2,2.2,38,1.9,2.5
2024-01-26T02:00:00+00:00,4.7,4.7,43,4.3,5.0
2024-01-26T03:00:00+00:00,10.0,10.0,48,9.7,10.4
2024-01-26T04:00:00+00:00,16.9,17.2,51,16.3,17.4
2024-01-26T05:00:00+00:00,8.2,8.2,54,7.7,8.7
2024-01-26T06:00:00+00:00,9.9,9.9,56,9.3,10.5
2024-01-26T07:00:00+00:00,16.7,16.7,57,16.0,17.3
2024-01-26T08:00:00+00:00,15.5,15.5,58,14.9,16.0
2024-01-26T09:00:00+00:00,12.9,12.9,59,12.1,13.7
2024-01-26T10:00:00+00:00,20.6,21.0,60,19.8,21.3
2024-01-26T11:00:00+00:00,30.7,30.8,60,29.4,31.9
2024-01-26T12:00:00+00:00,23.8,23.8,59,22.7,24.8
2024-01-26T13:00:00+00:00,31.3,31.4,60,30.0,32.6
2024-01-26T14:00:00+00:00,30.6,30.7,61,29.2,32.0
2024-01-26T15:00:00+00:00,29.7,29.8,61,28.2,31.2
2024-01-26T16:00:00+00:00,34.5,35.3,61,33.5,35.5
2024-01-26T17:00:00+00:00,26.0,26.1,51,25.2,26.8
2024-01-26T18:00:00+00:00,19.2,19.9,42,18.6,19.8
2024-01-26T19:00:00+00:00,12.9,12.9,35,12.1,13.8
2024-01-26T20:00:00+00:00,6.4,6.4,28,6.0,6.7
2024-01-26T21:00:00+00:00,4.3,4.3,25,4.1,4.5
2024-01-26T22:00:00+00:00,9.3,9.9,27,8.8,9.8
2024-01-26T23:00:00+00:00,8.3,8.3,29,7.9,8.8
2024-01-27T00:00:00+00:00,11.2,11.9,32,10.4,12.0
2024-01-27T01:00:00+00:00,8.3,8.3,36,7.8,8.9
2024-01-27T02:00:00+00:00,13.2,13.2,42,12.7,13.8
2024-01-27T03:00:00+00:00,19.7,19.8,46,19.0,20.4
2024-01-27T04:00:00+00:00,23.0,23.0,49,22.1,23.8
2024-01-27T05:00:00+00:00,15.2,15.2,49,14.5,15.8
2024-01-27T06:00:00+00:00,22.4,22.4,52,21.6,23.2
2024-01-27T07:00:00+00:00,26.2,26.2,54,25.2,27.2
2024-01-27T08:00:00+00:00,33.8,34.3,55,32.9,34.7
2024-01-27T09:00:00+00:00,33.7,34.1,57,32.9,34.6
2024-01-27T10:00:00+00:00,37.5,39.0,58,37.1,37.9
2024-01-27T11:00:00+00:00,36.5,37.5,58,35.8,37.1
2024-01-27T12:00:00+00:00,34.7,35.1,58,33.9,35.5
2024-01-27T13:00:00+00:00,35.5,36.0,59,34.6,36.4
2024-01-27T14:00:00+00:00,35.6,36.2,59,34.9,36.3
2024-01-27T15:00:00+00:00,39.3,41.2,60,38.8,39.8
2024-01-27T16:00:00+00:00,35.4,36.8,60,34.6,36.1
2024-01-27T17:00:00+00:00,35.8,38.2,55,34.9,36.6
2024-01-27T18:00:00+00:00,35.4,38.5,43,34.8,36.1
2024-01-27T19:00:00+00:00,28.9,29.8,33,27.7,30.1
2024-01-27T20:00:00+00:00,23.7,24.4,34,22.5,24.9
2024-01-27T21:00:00+00:00,19.6,19.6,36,18.7,20.5
2024-01-27T22:00:00+00:00,18.2,18.2,34,17.2,19.2
2024-01-27T23:00:00+00:00,15.6,15.6,34,14.6,16.6
2024-01-28T00:00:00+00:00,18.0,18.0,38,17.2,18.8
2024-01-28T01:00:00+00:00,32.1,35.3,44,31.7,32.5
2024-01-28T02:00:00+00:00,32.0,34.3,48,31.2,32.7
2024-01-28T03:00:00+00:00,39.8,45.4,51,39.4,40.1
2024-01-28T04:00:00+00:00,40.9,46.2,54,40.4,41.3
2024-01-28T05:00:00+00:00,53.1,70.5,56,52.9,53.2
2024-01-28T06:00:00+00:00,55.7,75.6,57,55.5,55.9
2024-01-28T07:00:00+00:00,54.4,71.8,58,54.4,54.5
2024-01-28T08:00:00+00:00,59.2,83.4,58,59.4,59.1
2024-01-28T09:00:00+00:00,61.7,89.0,58,61.7,61.6
2024-01-28T10:00:00+00:00,66.7,98.4,58,66.3,67.1
2024-01-28T11:00:00+00:00,64.7,94.0,59,64.4,64.9
2024-01-28T12:00:00+00:00,63.1,90.3,59,63.3,62.9
2024-01-28T13:00:00+00:00,62.2,87.5,60,62.4,62.0
2024-01-28T14:00:00+00:00,64.0,91.8,61,64.1,63.8
2024-01-28T15:00:00+00:00,64.9,93.9,61,64.9,65.0
2024-01-28T16:00:00+00:00,65.7,96.5,62,64.7,66.6
2024-01-28T17:00:00+00:00,52.3,69.7,54,52.6,52.0
2024-01-28T18:00:00+00:00,46.8,61.2,42,46.7,47.0
2024-01-28T19:00:00+00:00,34.5,38.6,32,33.2,35.8
2024-01-28T20:00:00+00:00,26.5,26.7,24,25.1,27.9
2024-01-28T21:00:00+00:00,26.5,26.8,20,25.1,27.9
2024-01-28T22:00:00+00:00,27.6,28.2,19,26.2,29.1
2024-01-28T23:00:00+00:00,28.0,28.9,23,26.6,29.4
2024-01-29T00:00:00+00:00,29.7,30.5,28,28.7,30.7
2024-01-29T01:00:00+00:00,33.8,36.7,34,32.9,34.7
2024-01-29T02:00:00+00:00,41.7,50.1,41,41.3,42.1
2024-01-29T03:00:00+00:00,45.3,56.1,46,45.4,45.3
2024-01-29T04:00:00+00:00,46.6,58.7,50,46.4,46.8
2024-01-29T05:00:00+00:00,60.7,85.7,53,60.2,61.2
2024-01-29T06:00:00+00:00,50.9,66.1,54,51.0,50.9
2024-01-29T07:00:00+00:00,48.7,60.2,56,48.6,48.9
2024-01-29T08:00:00+00:00,51.9,66.8,56,51.9,51.9
2024-01-29T09:00:00+00:00,53.6,70.0,57,53.6,53.6
2024-01-29T10:00:00+00:00,57.0,77.7,57,57.0,57.0
2024-01-29T11:00:00+00:00,55.8,74.1,58,55.8,55.7
2024-01-29T12:00:00+00:00,54.8,71.3,59,55.0,54.7
2024-01-29T13:00:00+00:00,54.5,70.1,59,54.6,54.4
2024-01-29T14:00:00+00:00,56.7,74.8,60,56.8,56.6
2024-01-29T15:00:00+00:00,69.1,101.8,62,68.1,70.1
2024-01-29T16:00:00+00:00,82.6,125.3,68,80.4,84.8
2024-01-29T17:00:00+00:00,75.2,114.1,58,73.3,77.1
2024-01-29T18:00:00+00:00,56.8,85.3,40,55.4,58.2
2024-01-29T19:00:00+00:00,49.4,70.1,29,48.4,50.4
2024-01-29T20:00:00+00:00,48.2,67.2,23,47.0,49.5
2024-01-29T21:00:00+00:00,41.7,52.2,19,40.2,43.2
2024-01-29T22:00:00+00:00,26.8,28.4,16,25.6,28.1
2024-01-29T23:00:00+00:00,24.7,24.8,18,23.6,25.8
2024-01-30T00:00:00+00:00,21.3,21.3,22,20.4,22.2
2024-01-30T01:00:00+00:00,23.8,23.8,30,22.6,25.1
2024-01-30T02:00:00+00:00,31.1,32.4,38,30.3,32.0
2024-01-30T03:00:00+00:00,37.4,42.0,44,37.2,37.6
2024-01-30T04:00:00+00:00,47.0,60.7,46,46.8,47.2
2024-01-30T05:00:00+00:00,45.7,57.2,47,45.8,45.6
2024-01-30T06:00:00+00:00,46.9,58.3,50,46.8,46.9
2024-01-30T07:00:00+00:00,48.3,60.8,52,48.4,48.2
2024-01-30T08:00:00+00:00,51.7,68.0,55,51.7,51.6
2024-01-30T09:00:00+00:00,51.9,67.9,55,51.9,51.9
2024-01-30T10:00:00+00:00,52.0,67.1,57,51.9,52.1
2024-01-30T11:00:00+00:00,51.5,65.4,58,51.6,51.5
2024-01-30T12:00:00+00:00,51.7,65.2,57,51.9,51.5
2024-01-30T13:00:00+00:00,43.5,49.4,58,43.2,43.7
2024-01-30T14:00:00+00:00,36.1,37.3,58,35.6,36.7
2024-01-30T15:00:00+00:00,38.1,40.5,58,37.8,38.4
2024-01-30T16:00:00+00:00,29.9,30.2,53,29.1,30.7
2024-01-30T17:00:00+00:00,38.7,42.9,51,38.5,38.9
2024-01-30T18:00:00+00:00,44.1,54.7,42,43.9,44.3
2024-01-30T19:00:00+00:00,40.3,48.5,29,39.4,41.3
2024-01-30T20:00:00+00:00,35.6,40.2,23,34.7,36.4
2024-01-30T21:00:00+00:00,27.9,28.2,22,26.9,28.8
2024-01-30T22:00:00+00:00,26.0,26.2,21,24.9,27.1
2024-01-30T23:00:00+00:00,20.3,20.3,25,19.5,21.1
2024-01-31T00:00:00+00:00,15.1,15.1,25,14.5,15.7
2024-01-31T01:00:00+00:00,18.6,18.6,32,17.5,19.6
2024-01-31T02:00:00+00:00,22.4,22.4,40,21.5,23.3
2024-01-31T03:00:00+00:00,28.3,28.5,45,27.7,28.9
2024-01-31T04:00:00+00:00,33.9,35.6,49,33.5,34.4
2024-01-31T05:00:00+00:00,43.6,52.0,51,43.6,43.6
2024-01-31T06:00:00+00:00,46.1,57.2,51,46.1,46.0
2024-01-31T07:00:00+00:00,45.2,55.4,51,45.3,45.2
2024-01-31T08:00:00+00:00,43.0,50.8,51,42.8,43.1
2024-01-31T09:00:00+00:00,31.6,32.6,50,30.9,32.3
2024-01-31T10:00:00+00:00,28.7,28.8,51,27.8,29.6
2024-01-31T11:00:00+00:00,34.8,36.5,53,34.5,35.1
2024-01-31T12:00:00+00:00,36.8,39.2,54,36.7,36.9
2024-01-31T13:00:00+00:00,35.9,37.9,53,35.4,36.5
2024-01-31T14:00:00+00:00,31.2,31.6,53,30.6,31.7
2024-01-31T15:00:00+00:00,23.7,23.7,51,23.1,24.2
2024-01-31T16:00:00+00:00,20.6,20.6,47,20.0,21.2
2024-01-31T17:00:00+00:00,6.8,6.8,32,6.3,7.2
2024-01-31T18:00:00+00:00,2.6,2.6,25,2.4,2.9
2024-01-31T19:00:00+00:00,4.1,4.1,26,3.8,4.4
2024-01-31T20:00:00+00:00,3.0,3.0,21,2.8,3.1
2024-01-31T21:00:00+00:00,3.9,3.9,22,3.6,4.1
2024-01-31T22:00:00+00:00,3.8,3.8,24,3.6,4.0
