time_stamp,pm2.5_atm
2023-01-01T00:00:00-07:00,2.7
2023-01-01T01:00:00-07:00,1.7
2023-01-01T02:00:00-07:00,0.9
2023-01-01T03:00:00-07:00,0.3
2023-01-01T04:00:00-07:00,0.1
2023-01-01T05:00:00-07:00,0
2023-01-01T06:00:00-07:00,0
2023-01-01T07:00:00-07:00,0
2023-01-01T08:00:00-07:00,0
2023-01-01T09:00:00-07:00,87.2
2023-01-01T10:00:00-07:00,66.6
2023-01-01T11:00:00-07:00,40.7
2023-01-01T12:00:00-07:00,26.8
2023-01-01T13:00:00-07:00,28.6
2023-01-01T14:00:00-07:00,8.4
2023-01-01T15:00:00-07:00,40
2023-01-01T16:00:00-07:00,13.7
2023-01-01T17:00:00-07:00,4.7
2023-01-01T18:00:00-07:00,2.2
2023-01-01T19:00:00-07:00,1.6
2023-01-01T20:00:00-07:00,1.3
2023-01-01T21:00:00-07:00,1.2
2023-01-01T22:00:00-07:00,1.5
2023-01-01T23:00:00-07:00,1.4
2023-01-02T00:00:00-07:00,1.5
2023-01-02T01:00:00-07:00,1
2023-01-02T02:00:00-07:00,0.7
2023-01-02T03:00:00-07:00,0.3
2023-01-02T04:00:00-07:00,0.1
2023-01-02T05:00:00-07:00,0.1
2023-01-02T06:00:00-07:00,0.1
2023-01-02T07:00:00-07:00,0.3
2023-01-02T08:00:00-07:00,0.3
2023-01-02T09:00:00-07:00,6.5
2023-01-02T10:00:00-07:00,1.2
2023-01-02T11:00:00-07:00,0.5
2023-01-02T12:00:00-07:00,0.2
2023-01-02T13:00:00-07:00,0.1
2023-01-02T14:00:00-07:00,0
2023-01-02T15:00:00-07:00,0
2023-01-02T16:00:00-07:00,0.3
2023-01-02T17:00:00-07:00,2.6
2023-01-02T18:00:00-07:00,1.5
2023-01-02T19:00:00-07:00,0.6
2023-01-02T20:00:00-07:00,0.1
2023-01-02T21:00:00-07:00,0
2023-01-02T22:00:00-07:00,0
2023-01-02T23:00:00-07:00,0
2023-01-03T00:00:00-07:00,0
2023-01-03T01:00:00-07:00,0
2023-01-03T02:00:00-07:00,0
2023-01-03T03:00:00-07:00,0
2023-01-03T04:00:00-07:00,0
2023-01-03T05:00:00-07:00,0
2023-01-03T06:00:00-07:00,0
2023-01-03T07:00:00-07:00,0
2023-01-03T08:00:00-07:00,0.2
2023-01-03T09:00:00-07:00,0.2
2023-01-03T10:00:00-07:00,0
2023-01-03T11:00:00-07:00,0
2023-01-03T12:00:00-07:00,0
2023-01-03T13:00:00-07:00,0
2023-01-03T14:00:00-07:00,0
2023-01-03T15:00:00-07:00,0
2023-01-03T16:00:00-07:00,0
2023-01-03T17:00:00-07:00,0
2023-01-03T18:00:00-07:00,0
2023-01-03T19:00:00-07:00,0
2023-01-03T20:00:00-07:00,0
2023-01-03T21:00:00-07:00,0.1
2023-01-03T22:00:00-07:00,0.1
2023-01-03T23:00:00-07:00,0.4
2023-01-04T00:00:00-07:00,0.7
2023-01-04T01:00:00-07:00,0.7
2023-01-04T02:00:00-07:00,0.4
2023-01-04T03:00:00-07:00,0.2
2023-01-04T04:00:00-07:00,0.1
2023-01-04T05:00:00-07:00,0.1
2023-01-04T06:00:00-07:00,0
2023-01-04T07:00:00-07:00,0.1
2023-01-04T08:00:00-07:00,0.3
2023-01-04T09:00:00-07:00,0.2
2023-01-04T10:00:00-07:00,0.2
2023-01-04T11:00:00-07:00,0.1
2023-01-04T12:00:00-07:00,0.1
2023-01-04T13:00:00-07:00,0.1
2023-01-04T14:00:00-07:00,0.1
2023-01-04T15:00:00-07:00,0.1
2023-01-04T16:00:00-07:00,0
2023-01-04T17:00:00-07:00,0
2023-01-04T18:00:00-07:00,0
2023-01-04T19:00:00-07:00,0
2023-01-04T20:00:00-07:00,0
2023-01-04T21:00:00-07:00,0
2023-01-04T22:00:00-07:00,0.1
2023-01-04T23:00:00-07:00,0.2
2023-01-05T00:00:00-07:00,0.2
2023-01-05T01:00:00-07:00,0.1
2023-01-05T02:00:00-07:00,0
2023-01-05T03:00:00-07:00,0
2023-01-05T04:00:00-07:00,0
2023-01-05T05:00:00-07:00,0.3
2023-01-05T06:00:00-07:00,1.2
2023-01-05T07:00:00-07:00,1.3
2023-01-05T08:00:00-07:00,0.9
2023-01-05T09:00:00-07:00,0.5
2023-01-05T10:00:00-07:00,0.3
2023-01-05T11:00:00-07:00,0
2023-01-05T12:00:00-07:00,0
2023-01-05T13:00:00-07:00,0.1
2023-01-05T14:00:00-07:00,0.1
2023-01-05T15:00:00-07:00,0
2023-01-05T16:00:00-07:00,0
2023-01-05T17:00:00-07:00,0
2023-01-05T18:00:00-07:00,51.7
2023-01-05T19:00:00-07:00,38.8
2023-01-05T20:00:00-07:00,17
2023-01-05T21:00:00-07:00,7.2
2023-01-05T22:00:00-07:00,3.9
2023-01-05T23:00:00-07:00,2
2023-01-06T00:00:00-07:00,0.9
2023-01-06T01:00:00-07:00,0.4
2023-01-06T02:00:00-07:00,0.2
2023-01-06T03:00:00-07:00,0
2023-01-06T04:00:00-07:00,0
2023-01-06T05:00:00-07:00,0
2023-01-06T06:00:00-07:00,0.1
2023-01-06T07:00:00-07:00,0.1
2023-01-06T08:00:00-07:00,0
2023-01-06T09:00:00-07:00,0
2023-01-06T10:00:00-07:00,0
2023-01-06T11:00:00-07:00,0
2023-01-06T12:00:00-07:00,0
2023-01-06T13:00:00-07:00,0
2023-01-06T14:00:00-07:00,0
2023-01-06T15:00:00-07:00,0
2023-01-06T16:00:00-07:00,0
2023-01-06T17:00:00-07:00,0
2023-01-06T18:00:00-07:00,15.2
2023-01-06T19:00:00-07:00,12
2023-01-06T20:00:00-07:00,4.1
2023-01-06T21:00:00-07:00,1.5
2023-01-06T22:00:00-07:00,0.5
2023-01-06T23:00:00-07:00,0.2
2023-01-07T00:00:00-07:00,0.1
2023-01-07T01:00:00-07:00,0
2023-01-07T02:00:00-07:00,0
2023-01-07T03:00:00-07:00,0
2023-01-07T04:00:00-07:00,0
2023-01-07T05:00:00-07:00,0
2023-01-07T06:00:00-07:00,0.1
2023-01-07T07:00:00-07:00,0.1
2023-01-07T08:00:00-07:00,0.9
2023-01-07T09:00:00-07:00,26.4
2023-01-07T10:00:00-07:00,7.2
2023-01-07T11:00:00-07:00,1.9
2023-01-07T12:00:00-07:00,1.1
2023-01-07T13:00:00-07:00,0.4
2023-01-07T14:00:00-07:00,0.7
2023-01-07T15:00:00-07:00,0.2
2023-01-07T16:00:00-07:00,0.1
2023-01-07T17:00:00-07:00,0.3
2023-01-07T18:00:00-07:00,10.9
2023-01-07T19:00:00-07:00,9.4
2023-01-07T20:00:00-07:00,2.5
2023-01-07T21:00:00-07:00,0.8
2023-01-07T22:00:00-07:00,0.5
2023-01-07T23:00:00-07:00,0.7
2023-01-08T00:00:00-07:00,1.2
2023-01-08T01:00:00-07:00,0.8
2023-01-08T02:00:00-07:00,0.6
2023-01-08T03:00:00-07:00,0.3
2023-01-08T04:00:00-07:00,0.2
2023-01-08T05:00:00-07:00,0.3
2023-01-08T06:00:00-07:00,0.1
2023-01-08T07:00:00-07:00,0.2
2023-01-08T08:00:00-07:00,1.1
2023-01-08T09:00:00-07:00,0.9
2023-01-08T10:00:00-07:00,0.5
2023-01-08T11:00:00-07:00,0.3
2023-01-08T12:00:00-07:00,0
2023-01-08T13:00:00-07:00,0
2023-01-08T14:00:00-07:00,0
2023-01-08T15:00:00-07:00,0
2023-01-08T16:00:00-07:00,0
2023-01-08T17:00:00-07:00,0
2023-01-08T18:00:00-07:00,8.7
2023-01-08T19:00:00-07:00,5.1
2023-01-08T20:00:00-07:00,0.9
2023-01-08T21:00:00-07:00,0.1
2023-01-08T22:00:00-07:00,0
2023-01-08T23:00:00-07:00,0
2023-01-09T00:00:00-07:00,0
2023-01-09T01:00:00-07:00,0
2023-01-09T02:00:00-07:00,0
2023-01-09T03:00:00-07:00,0
2023-01-09T04:00:00-07:00,0
2023-01-09T05:00:00-07:00,0
2023-01-09T06:00:00-07:00,0
2023-01-09T07:00:00-07:00,0
2023-01-09T08:00:00-07:00,0
2023-01-09T09:00:00-07:00,0.8
2023-01-09T10:00:00-07:00,0.1
2023-01-09T11:00:00-07:00,0.1
2023-01-09T12:00:00-07:00,0
2023-01-09T13:00:00-07:00,0
2023-01-09T14:00:00-07:00,0
2023-01-09T15:00:00-07:00,0
2023-01-09T16:00:00-07:00,0
2023-01-09T17:00:00-07:00,0
2023-01-09T18:00:00-07:00,0
2023-01-09T19:00:00-07:00,0
2023-01-09T20:00:00-07:00,0
2023-01-09T21:00:00-07:00,0
2023-01-09T22:00:00-07:00,0
2023-01-09T23:00:00-07:00,0
2023-01-10T00:00:00-07:00,0
2023-01-10T01:00:00-07:00,0
2023-01-10T02:00:00-07:00,0
2023-01-10T03:00:00-07:00,0
2023-01-10T04:00:00-07:00,0
2023-01-10T05:00:00-07:00,0
2023-01-10T06:00:00-07:00,0
2023-01-10T07:00:00-07:00,0
2023-01-10T08:00:00-07:00,0
2023-01-10T09:00:00-07:00,0
2023-01-10T10:00:00-07:00,0
2023-01-10T11:00:00-07:00,0
2023-01-10T12:00:00-07:00,0
2023-01-10T13:00:00-07:00,0
2023-01-10T14:00:00-07:00,0
2023-01-10T15:00:00-07:00,0
2023-01-10T16:00:00-07:00,0
2023-01-10T17:00:00-07:00,7
2023-01-10T18:00:00-07:00,1.6
2023-01-10T19:00:00-07:00,0.2
2023-01-10T20:00:00-07:00,0
2023-01-10T21:00:00-07:00,0
2023-01-10T22:00:00-07:00,0
2023-01-10T23:00:00-07:00,0
2023-01-11T00:00:00-07:00,0
2023-01-11T01:00:00-07:00,0
2023-01-11T02:00:00-07:00,0
2023-01-11T03:00:00-07:00,0
2023-01-11T04:00:00-07:00,0
2023-01-11T05:00:00-07:00,0
2023-01-11T06:00:00-07:00,0
2023-01-11T07:00:00-07:00,0
2023-01-11T08:00:00-07:00,0
2023-01-11T09:00:00-07:00,0
2023-01-11T10:00:00-07:00,0
2023-01-11T11:00:00-07:00,0.4
2023-01-11T12:00:00-07:00,0.9
2023-01-11T13:00:00-07:00,1.2
2023-01-11T14:00:00-07:00,1
2023-01-11T15:00:00-07:00,0.6
2023-01-11T16:00:00-07:00,0.5
2023-01-11T17:00:00-07:00,0.4
2023-01-11T18:00:00-07:00,0.4
2023-01-11T19:00:00-07:00,0.3
2023-01-11T20:00:00-07:00,0.3
2023-01-11T21:00:00-07:00,0.3
2023-01-11T22:00:00-07:00,0.4
2023-01-11T23:00:00-07:00,0.6
2023-01-12T00:00:00-07:00,1
2023-01-12T01:00:00-07:00,1.6
2023-01-12T02:00:00-07:00,2.2
2023-01-12T03:00:00-07:00,2
2023-01-12T04:00:00-07:00,1.5
2023-01-12T05:00:00-07:00,1.4
2023-01-12T06:00:00-07:00,1.3
2023-01-12T07:00:00-07:00,1.4
2023-01-12T08:00:00-07:00,1.4
2023-01-12T09:00:00-07:00,0.6
2023-01-12T10:00:00-07:00,0.2
2023-01-12T11:00:00-07:00,0
2023-01-12T12:00:00-07:00,0
2023-01-12T13:00:00-07:00,0
2023-01-12T14:00:00-07:00,0
2023-01-12T15:00:00-07:00,0
2023-01-12T16:00:00-07:00,0.2
2023-01-12T17:00:00-07:00,0.5
2023-01-12T18:00:00-07:00,22.5
2023-01-12T19:00:00-07:00,25.9
2023-01-12T20:00:00-07:00,8.4
2023-01-12T21:00:00-07:00,2.8
2023-01-12T22:00:00-07:00,1.2
2023-01-12T23:00:00-07:00,1
2023-01-13T00:00:00-07:00,1.2
2023-01-13T01:00:00-07:00,1.1
2023-01-13T02:00:00-07:00,0.7
2023-01-13T03:00:00-07:00,0.4
2023-01-13T04:00:00-07:00,0.1
2023-01-13T05:00:00-07:00,0
2023-01-13T06:00:00-07:00,0.1
2023-01-13T07:00:00-07:00,0.5
2023-01-13T08:00:00-07:00,0
2023-01-13T09:00:00-07:00,0
2023-01-13T10:00:00-07:00,0
2023-01-13T11:00:00-07:00,0
2023-01-13T12:00:00-07:00,0
2023-01-13T13:00:00-07:00,0
2023-01-13T14:00:00-07:00,0.1
2023-01-13T15:00:00-07:00,0.1
2023-01-13T16:00:00-07:00,0
2023-01-13T17:00:00-07:00,0
2023-01-13T18:00:00-07:00,0.1
2023-01-13T19:00:00-07:00,0
2023-01-13T20:00:00-07:00,0.1
2023-01-13T21:00:00-07:00,0.3
2023-01-13T22:00:00-07:00,0.4
2023-01-13T23:00:00-07:00,0.3
2023-01-14T00:00:00-07:00,0.3
2023-01-14T01:00:00-07:00,0.2
2023-01-14T02:00:00-07:00,0.1
2023-01-14T03:00:00-07:00,0
2023-01-14T04:00:00-07:00,0
2023-01-14T05:00:00-07:00,0
2023-01-14T06:00:00-07:00,0
2023-01-14T07:00:00-07:00,0
2023-01-14T08:00:00-07:00,3.2
2023-01-14T09:00:00-07:00,1.9
2023-01-14T10:00:00-07:00,0.3
2023-01-14T11:00:00-07:00,0
2023-01-14T12:00:00-07:00,0
2023-01-14T13:00:00-07:00,0
2023-01-14T14:00:00-07:00,0
2023-01-14T15:00:00-07:00,0
2023-01-14T16:00:00-07:00,0.5
2023-01-14T17:00:00-07:00,0.2
2023-01-14T18:00:00-07:00,1.2
2023-01-14T19:00:00-07:00,3.3
2023-01-14T20:00:00-07:00,1.4
2023-01-14T21:00:00-07:00,0.4
2023-01-14T22:00:00-07:00,0
2023-01-14T23:00:00-07:00,0
2023-01-15T00:00:00-07:00,0
2023-01-15T01:00:00-07:00,0
2023-01-15T02:00:00-07:00,0
2023-01-15T03:00:00-07:00,0
2023-01-15T04:00:00-07:00,0
2023-01-15T05:00:00-07:00,0
2023-01-15T06:00:00-07:00,0
2023-01-15T07:00:00-07:00,0
2023-01-15T08:00:00-07:00,0.1
2023-01-15T09:00:00-07:00,0.1
2023-01-15T10:00:00-07:00,0
2023-01-15T11:00:00-07:00,0
2023-01-15T12:00:00-07:00,0
2023-01-15T13:00:00-07:00,0
2023-01-15T14:00:00-07:00,0
2023-01-15T15:00:00-07:00,0
2023-01-15T16:00:00-07:00,0
2023-01-15T17:00:00-07:00,0
2023-01-15T18:00:00-07:00,0
2023-01-15T19:00:00-07:00,0
2023-01-15T20:00:00-07:00,0
2023-01-15T21:00:00-07:00,0
2023-01-15T22:00:00-07:00,0
2023-01-15T23:00:00-07:00,0
2023-01-16T00:00:00-07:00,0
2023-01-16T01:00:00-07:00,0
2023-01-16T02:00:00-07:00,0
2023-01-16T03:00:00-07:00,0
2023-01-16T04:00:00-07:00,0
2023-01-16T05:00:00-07:00,0
2023-01-16T06:00:00-07:00,0
2023-01-16T07:00:00-07:00,0
2023-01-16T08:00:00-07:00,0
2023-01-16T09:00:00-07:00,0
2023-01-16T10:00:00-07:00,0
2023-01-16T11:00:00-07:00,0
2023-01-16T12:00:00-07:00,0
2023-01-16T13:00:00-07:00,0
2023-01-16T14:00:00-07:00,0
2023-01-16T15:00:00-07:00,0
2023-01-16T16:00:00-07:00,0
2023-01-16T17:00:00-07:00,0
2023-01-16T18:00:00-07:00,0
2023-01-16T19:00:00-07:00,0.1
2023-01-16T20:00:00-07:00,0.3
2023-01-16T21:00:00-07:00,0.4
2023-01-16T22:00:00-07:00,0.2
2023-01-16T23:00:00-07:00,0.3
2023-01-17T00:00:00-07:00,0.3
2023-01-17T01:00:00-07:00,0.3
2023-01-17T02:00:00-07:00,0.3
2023-01-17T03:00:00-07:00,0.7
2023-01-17T04:00:00-07:00,0.5
2023-01-17T05:00:00-07:00,0.4
2023-01-17T06:00:00-07:00,1.3
2023-01-17T07:00:00-07:00,1.4
2023-01-17T08:00:00-07:00,0.7
2023-01-17T09:00:00-07:00,0.1
2023-01-17T10:00:00-07:00,0
2023-01-17T11:00:00-07:00,0
2023-01-17T12:00:00-07:00,0
2023-01-17T13:00:00-07:00,0
2023-01-17T14:00:00-07:00,0
2023-01-17T15:00:00-07:00,0
2023-01-17T16:00:00-07:00,0
2023-01-17T17:00:00-07:00,0.9
2023-01-17T18:00:00-07:00,0.9
2023-01-17T19:00:00-07:00,0.7
2023-01-17T20:00:00-07:00,0.8
2023-01-17T21:00:00-07:00,0.4
2023-01-17T22:00:00-07:00,51.9
2023-01-17T23:00:00-07:00,62.7
2023-01-18T00:00:00-07:00,44.6
2023-01-18T01:00:00-07:00,33.4
2023-01-18T02:00:00-07:00,18.6
2023-01-18T03:00:00-07:00,11.1
2023-01-18T04:00:00-07:00,5.3
2023-01-18T05:00:00-07:00,2
2023-01-18T06:00:00-07:00,0.7
2023-01-18T07:00:00-07:00,0.6
2023-01-18T08:00:00-07:00,0.3
2023-01-18T09:00:00-07:00,0
2023-01-18T10:00:00-07:00,0
2023-01-18T11:00:00-07:00,0
2023-01-18T12:00:00-07:00,0
2023-01-18T13:00:00-07:00,0
2023-01-18T14:00:00-07:00,0
2023-01-18T15:00:00-07:00,0
2023-01-18T16:00:00-07:00,0
2023-01-18T17:00:00-07:00,0
2023-01-18T18:00:00-07:00,0
2023-01-18T19:00:00-07:00,0
2023-01-18T20:00:00-07:00,0
2023-01-18T21:00:00-07:00,0
2023-01-18T22:00:00-07:00,0
2023-01-18T23:00:00-07:00,0
2023-01-19T00:00:00-07:00,0
2023-01-19T01:00:00-07:00,0
2023-01-19T02:00:00-07:00,0
2023-01-19T03:00:00-07:00,0
2023-01-19T04:00:00-07:00,0
2023-01-19T05:00:00-07:00,0
2023-01-19T06:00:00-07:00,0
2023-01-19T07:00:00-07:00,0
2023-01-19T08:00:00-07:00,0
2023-01-19T09:00:00-07:00,0
2023-01-19T10:00:00-07:00,0
2023-01-19T11:00:00-07:00,0
2023-01-19T12:00:00-07:00,0
2023-01-19T13:00:00-07:00,0
2023-01-19T14:00:00-07:00,0
2023-01-19T15:00:00-07:00,0
2023-01-19T16:00:00-07:00,0
2023-01-19T17:00:00-07:00,0
2023-01-19T18:00:00-07:00,0
2023-01-19T19:00:00-07:00,0
2023-01-19T20:00:00-07:00,0.2
2023-01-19T21:00:00-07:00,0.3
2023-01-19T22:00:00-07:00,0.2
2023-01-19T23:00:00-07:00,0.3
2023-01-20T00:00:00-07:00,0.4
2023-01-20T01:00:00-07:00,0.4
2023-01-20T02:00:00-07:00,0.4
2023-01-20T03:00:00-07:00,0.2
2023-01-20T04:00:00-07:00,0
2023-01-20T05:00:00-07:00,0
2023-01-20T06:00:00-07:00,0.1
2023-01-20T07:00:00-07:00,0.1
2023-01-20T08:00:00-07:00,0.1
2023-01-20T09:00:00-07:00,0
2023-01-20T10:00:00-07:00,0
2023-01-20T11:00:00-07:00,0.2
2023-01-20T12:00:00-07:00,36.6
2023-01-20T13:00:00-07:00,19.1
2023-01-20T14:00:00-07:00,6.4
2023-01-20T15:00:00-07:00,1.9
2023-01-20T16:00:00-07:00,0.7
2023-01-20T17:00:00-07:00,0.2
2023-01-20T18:00:00-07:00,1.9
2023-01-20T19:00:00-07:00,0.6
2023-01-20T20:00:00-07:00,0.1
2023-01-20T21:00:00-07:00,0.1
2023-01-20T22:00:00-07:00,0.3
2023-01-20T23:00:00-07:00,0.3
2023-01-21T00:00:00-07:00,0.3
2023-01-21T01:00:00-07:00,0.5
2023-01-21T02:00:00-07:00,0.8
2023-01-21T03:00:00-07:00,0.7
2023-01-21T04:00:00-07:00,0.3
2023-01-21T05:00:00-07:00,0.2
2023-01-21T06:00:00-07:00,0.1
2023-01-21T07:00:00-07:00,0.1
2023-01-21T08:00:00-07:00,0.2
2023-01-21T09:00:00-07:00,2
2023-01-21T10:00:00-07:00,1.1
2023-01-21T11:00:00-07:00,0.3
2023-01-21T12:00:00-07:00,0.1
2023-01-21T13:00:00-07:00,0.1
2023-01-21T14:00:00-07:00,0
2023-01-21T15:00:00-07:00,0
2023-01-21T16:00:00-07:00,0
2023-01-21T17:00:00-07:00,0
2023-01-21T18:00:00-07:00,9.4
2023-01-21T19:00:00-07:00,2.2
2023-01-21T20:00:00-07:00,0.4
2023-01-21T21:00:00-07:00,0.2
2023-01-21T22:00:00-07:00,0
2023-01-21T23:00:00-07:00,0
2023-01-22T00:00:00-07:00,0
2023-01-22T01:00:00-07:00,0
2023-01-22T02:00:00-07:00,0
2023-01-22T03:00:00-07:00,0
2023-01-22T04:00:00-07:00,0
2023-01-22T05:00:00-07:00,0
2023-01-22T06:00:00-07:00,0
2023-01-22T07:00:00-07:00,0
2023-01-22T08:00:00-07:00,0
2023-01-22T09:00:00-07:00,11.3
2023-01-22T10:00:00-07:00,15.2
2023-01-22T11:00:00-07:00,4.6
2023-01-22T12:00:00-07:00,1.7
2023-01-22T13:00:00-07:00,0.4
2023-01-22T14:00:00-07:00,0.2
2023-01-22T15:00:00-07:00,0
2023-01-22T16:00:00-07:00,0.1
2023-01-22T17:00:00-07:00,12.6
2023-01-22T18:00:00-07:00,16.1
2023-01-22T19:00:00-07:00,2.9
2023-01-22T20:00:00-07:00,0.9
2023-01-22T21:00:00-07:00,0.3
2023-01-22T22:00:00-07:00,0.1
2023-01-22T23:00:00-07:00,0.1
2023-01-23T00:00:00-07:00,0.1
2023-01-23T01:00:00-07:00,0.2
2023-01-23T02:00:00-07:00,0.1
2023-01-23T03:00:00-07:00,0.2
2023-01-23T04:00:00-07:00,0.3
2023-01-23T05:00:00-07:00,0.2
2023-01-23T06:00:00-07:00,0.4
2023-01-23T07:00:00-07:00,0.3
2023-01-23T08:00:00-07:00,0.1
2023-01-23T09:00:00-07:00,0
2023-01-23T10:00:00-07:00,0
2023-01-23T11:00:00-07:00,0.2
2023-01-23T12:00:00-07:00,1.3
2023-01-23T13:00:00-07:00,0.9
2023-01-23T14:00:00-07:00,0.6
2023-01-23T15:00:00-07:00,0.7
2023-01-23T16:00:00-07:00,1.2
2023-01-23T17:00:00-07:00,1.6
2023-01-23T18:00:00-07:00,1.6
2023-01-23T19:00:00-07:00,7.1
2023-01-23T20:00:00-07:00,1.7
2023-01-23T21:00:00-07:00,0.6
2023-01-23T22:00:00-07:00,0.6
2023-01-23T23:00:00-07:00,1.2
2023-01-24T00:00:00-07:00,1.2
2023-01-24T01:00:00-07:00,1.6
2023-01-24T02:00:00-07:00,1.6
2023-01-24T03:00:00-07:00,1.7
2023-01-24T04:00:00-07:00,2
2023-01-24T05:00:00-07:00,2
2023-01-24T06:00:00-07:00,2.5
2023-01-24T07:00:00-07:00,3
2023-01-24T08:00:00-07:00,2.1
2023-01-24T09:00:00-07:00,1.2
2023-01-24T10:00:00-07:00,0.5
2023-01-24T11:00:00-07:00,0.2
2023-01-24T12:00:00-07:00,0.2
2023-01-24T13:00:00-07:00,0.2
2023-01-24T14:00:00-07:00,0.1
2023-01-24T15:00:00-07:00,0.3
2023-01-24T16:00:00-07:00,0.2
2023-01-24T17:00:00-07:00,0.2
2023-01-24T18:00:00-07:00,16.4
2023-01-24T19:00:00-07:00,51.8
2023-01-24T20:00:00-07:00,24.7
2023-01-24T21:00:00-07:00,10.7
2023-01-24T22:00:00-07:00,4.2
2023-01-24T23:00:00-07:00,2.3
2023-01-25T00:00:00-07:00,2.2
2023-01-25T01:00:00-07:00,1.8
2023-01-25T02:00:00-07:00,1.4
2023-01-25T03:00:00-07:00,1
2023-01-25T04:00:00-07:00,1.1
2023-01-25T05:00:00-07:00,0.8
2023-01-25T06:00:00-07:00,1
2023-01-25T07:00:00-07:00,1
2023-01-25T08:00:00-07:00,0.4
2023-01-25T09:00:00-07:00,0
2023-01-25T10:00:00-07:00,0
2023-01-25T11:00:00-07:00,0
2023-01-25T12:00:00-07:00,0
2023-01-25T13:00:00-07:00,0
2023-01-25T14:00:00-07:00,0
2023-01-25T15:00:00-07:00,0
2023-01-25T16:00:00-07:00,0
2023-01-25T17:00:00-07:00,0.1
2023-01-25T18:00:00-07:00,3.3
2023-01-25T19:00:00-07:00,0.5
2023-01-25T20:00:00-07:00,0.1
2023-01-25T21:00:00-07:00,0
2023-01-25T22:00:00-07:00,0
2023-01-25T23:00:00-07:00,0
2023-01-26T00:00:00-07:00,0
2023-01-26T01:00:00-07:00,0
2023-01-26T02:00:00-07:00,0
2023-01-26T03:00:00-07:00,0
2023-01-26T04:00:00-07:00,0
2023-01-26T05:00:00-07:00,0
2023-01-26T06:00:00-07:00,0
2023-01-26T07:00:00-07:00,0
2023-01-26T08:00:00-07:00,0
2023-01-26T09:00:00-07:00,0
2023-01-26T10:00:00-07:00,0
2023-01-26T11:00:00-07:00,0
2023-01-26T12:00:00-07:00,0
2023-01-26T13:00:00-07:00,0
2023-01-26T14:00:00-07:00,0
2023-01-26T15:00:00-07:00,0
2023-01-26T16:00:00-07:00,0
2023-01-26T17:00:00-07:00,0
2023-01-26T18:00:00-07:00,0
2023-01-26T19:00:00-07:00,0
2023-01-26T20:00:00-07:00,0
2023-01-26T21:00:00-07:00,0
2023-01-26T22:00:00-07:00,0
2023-01-26T23:00:00-07:00,0
2023-01-27T00:00:00-07:00,0
2023-01-27T01:00:00-07:00,0
2023-01-27T02:00:00-07:00,0
2023-01-27T03:00:00-07:00,0
2023-01-27T04:00:00-07:00,0
2023-01-27T05:00:00-07:00,0
2023-01-27T06:00:00-07:00,0
2023-01-27T07:00:00-07:00,0
2023-01-27T08:00:00-07:00,0
2023-01-27T09:00:00-07:00,0
2023-01-27T10:00:00-07:00,0
2023-01-27T11:00:00-07:00,0
2023-01-27T12:00:00-07:00,0
2023-01-27T13:00:00-07:00,0
2023-01-27T14:00:00-07:00,0
2023-01-27T15:00:00-07:00,0
2023-01-27T16:00:00-07:00,0
2023-01-27T17:00:00-07:00,41.2
2023-01-27T18:00:00-07:00,64.3
2023-01-27T19:00:00-07:00,27.8
2023-01-27T20:00:00-07:00,6.9
2023-01-27T21:00:00-07:00,1.3
2023-01-27T22:00:00-07:00,0.2
2023-01-27T23:00:00-07:00,0
2023-01-28T00:00:00-07:00,0
2023-01-28T01:00:00-07:00,0
2023-01-28T02:00:00-07:00,0
2023-01-28T03:00:00-07:00,0
2023-01-28T04:00:00-07:00,0
2023-01-28T05:00:00-07:00,0
2023-01-28T06:00:00-07:00,0
2023-01-28T07:00:00-07:00,0
2023-01-28T08:00:00-07:00,0.7
2023-01-28T09:00:00-07:00,44.6
2023-01-28T10:00:00-07:00,15.1
2023-01-28T11:00:00-07:00,5.7
2023-01-28T12:00:00-07:00,2.6
2023-01-28T13:00:00-07:00,2.2
2023-01-28T14:00:00-07:00,0.9
2023-01-28T15:00:00-07:00,0.4
2023-01-28T16:00:00-07:00,0.3
2023-01-28T17:00:00-07:00,0.2
2023-01-28T18:00:00-07:00,0.1
2023-01-28T19:00:00-07:00,0.1
2023-01-28T20:00:00-07:00,0.4
2023-01-28T21:00:00-07:00,0.5
2023-01-28T22:00:00-07:00,1.6
2023-01-28T23:00:00-07:00,2.4
2023-01-29T00:00:00-07:00,1.3
2023-01-29T01:00:00-07:00,0.8
2023-01-29T02:00:00-07:00,0.4
2023-01-29T03:00:00-07:00,0.1
2023-01-29T04:00:00-07:00,0
2023-01-29T05:00:00-07:00,0
2023-01-29T06:00:00-07:00,0
2023-01-29T07:00:00-07:00,0
2023-01-29T08:00:00-07:00,0.1
2023-01-29T09:00:00-07:00,0.2
2023-01-29T10:00:00-07:00,1.4
2023-01-29T11:00:00-07:00,1.3
2023-01-29T12:00:00-07:00,0.4
2023-01-29T13:00:00-07:00,0.2
2023-01-29T14:00:00-07:00,0.2
2023-01-29T15:00:00-07:00,0.1
2023-01-29T16:00:00-07:00,0.2
2023-01-29T17:00:00-07:00,0.4
2023-01-29T18:00:00-07:00,1
2023-01-29T19:00:00-07:00,0.2
2023-01-29T20:00:00-07:00,0.2
2023-01-29T21:00:00-07:00,0.2
2023-01-29T22:00:00-07:00,0.1
2023-01-29T23:00:00-07:00,0.1
2023-01-30T00:00:00-07:00,0
2023-01-30T01:00:00-07:00,0
2023-01-30T02:00:00-07:00,0.1
2023-01-30T03:00:00-07:00,0
2023-01-30T04:00:00-07:00,0
2023-01-30T05:00:00-07:00,0
2023-01-30T06:00:00-07:00,0.1
2023-01-30T07:00:00-07:00,0.5
2023-01-30T08:00:00-07:00,0.5
2023-01-30T09:00:00-07:00,0.2
2023-01-30T10:00:00-07:00,0.2
2023-01-30T11:00:00-07:00,0.1
2023-01-30T12:00:00-07:00,0.1
2023-01-30T13:00:00-07:00,0.1
2023-01-30T14:00:00-07:00,0.1
2023-01-30T15:00:00-07:00,0.1
2023-01-30T16:00:00-07:00,0.1
2023-01-30T17:00:00-07:00,0.1
2023-01-30T18:00:00-07:00,12.5
2023-01-30T19:00:00-07:00,6.1
2023-01-30T20:00:00-07:00,2.1
2023-01-30T21:00:00-07:00,1.1
2023-01-30T22:00:00-07:00,0.8
2023-01-30T23:00:00-07:00,1
2023-01-31T00:00:00-07:00,0.7
2023-01-31T01:00:00-07:00,0.2
2023-01-31T02:00:00-07:00,0
2023-01-31T03:00:00-07:00,0
2023-01-31T04:00:00-07:00,0
2023-01-31T05:00:00-07:00,0
2023-01-31T06:00:00-07:00,0.3
2023-01-31T07:00:00-07:00,0.7
2023-01-31T08:00:00-07:00,0.8
2023-01-31T09:00:00-07:00,0.5
2023-01-31T10:00:00-07:00,0.2
2023-01-31T11:00:00-07:00,0
2023-01-31T12:00:00-07:00,0
2023-01-31T13:00:00-07:00,0.1
2023-01-31T14:00:00-07:00,0.2
2023-01-31T15:00:00-07:00,0.2
2023-01-31T16:00:00-07:00,0.2
2023-01-31T17:00:00-07:00,0.2
2023-01-31T18:00:00-07:00,0.4
2023-01-31T19:00:00-07:00,0.6
2023-01-31T20:00:00-07:00,1.3
2023-01-31T21:00:00-07:00,1
2023-01-31T22:00:00-07:00,1
2023-01-31T23:00:00-07:00,0.9
2023-02-01T00:00:00-07:00,0.9
2023-02-01T01:00:00-07:00,1.1
2023-02-01T02:00:00-07:00,0.6
2023-02-01T03:00:00-07:00,0.4
2023-02-01T04:00:00-07:00,0.2
2023-02-01T05:00:00-07:00,0.1
2023-02-01T06:00:00-07:00,0.2
2023-02-01T07:00:00-07:00,0.2
2023-02-01T08:00:00-07:00,0
2023-02-01T09:00:00-07:00,0
2023-02-01T10:00:00-07:00,0
2023-02-01T11:00:00-07:00,0
2023-02-01T12:00:00-07:00,0
2023-02-01T13:00:00-07:00,0
2023-02-01T14:00:00-07:00,0
2023-02-01T15:00:00-07:00,0
2023-02-01T16:00:00-07:00,0
2023-02-01T17:00:00-07:00,16.3
2023-02-01T18:00:00-07:00,21.7
2023-02-01T19:00:00-07:00,5.5
2023-02-01T20:00:00-07:00,2.4
2023-02-01T21:00:00-07:00,1.6
2023-02-01T22:00:00-07:00,1.3
2023-02-01T23:00:00-07:00,1.3
2023-02-02T00:00:00-07:00,1.1
2023-02-02T01:00:00-07:00,0.9
2023-02-02T02:00:00-07:00,0.4
2023-02-02T03:00:00-07:00,0.1
2023-02-02T04:00:00-07:00,0
2023-02-02T05:00:00-07:00,0
2023-02-02T06:00:00-07:00,0.5
2023-02-02T07:00:00-07:00,0.5
2023-02-02T08:00:00-07:00,0.2
2023-02-02T09:00:00-07:00,0
2023-02-02T10:00:00-07:00,0
2023-02-02T11:00:00-07:00,0
2023-02-02T12:00:00-07:00,0
2023-02-02T13:00:00-07:00,0
2023-02-02T14:00:00-07:00,0
2023-02-02T15:00:00-07:00,0
2023-02-02T16:00:00-07:00,0
2023-02-02T17:00:00-07:00,2.1
2023-02-02T18:00:00-07:00,31.9
2023-02-02T19:00:00-07:00,12.1
2023-02-02T20:00:00-07:00,4.9
2023-02-02T21:00:00-07:00,2.6
2023-02-02T22:00:00-07:00,1.2
2023-02-02T23:00:00-07:00,0.5
2023-02-03T00:00:00-07:00,0.2
2023-02-03T01:00:00-07:00,0
2023-02-03T02:00:00-07:00,0
2023-02-03T03:00:00-07:00,0
2023-02-03T04:00:00-07:00,0
2023-02-03T05:00:00-07:00,0
2023-02-03T06:00:00-07:00,0
2023-02-03T07:00:00-07:00,0
2023-02-03T08:00:00-07:00,0
2023-02-03T09:00:00-07:00,0
2023-02-03T10:00:00-07:00,0
2023-02-03T11:00:00-07:00,0
2023-02-03T12:00:00-07:00,25.8
2023-02-03T13:00:00-07:00,51.1
2023-02-03T14:00:00-07:00,28.1
2023-02-03T15:00:00-07:00,10.8
2023-02-03T16:00:00-07:00,4.8
2023-02-03T17:00:00-07:00,2.7
2023-02-03T18:00:00-07:00,1.7
2023-02-03T19:00:00-07:00,0.8
2023-02-03T20:00:00-07:00,0.2
2023-02-03T21:00:00-07:00,0
2023-02-03T22:00:00-07:00,0
2023-02-03T23:00:00-07:00,0
2023-02-04T00:00:00-07:00,0
2023-02-04T01:00:00-07:00,0
2023-02-04T02:00:00-07:00,0
2023-02-04T03:00:00-07:00,0
2023-02-04T04:00:00-07:00,0
2023-02-04T05:00:00-07:00,0
2023-02-04T06:00:00-07:00,0
2023-02-04T07:00:00-07:00,0
2023-02-04T08:00:00-07:00,0
2023-02-04T09:00:00-07:00,0
2023-02-04T10:00:00-07:00,0
2023-02-04T11:00:00-07:00,0
2023-02-04T12:00:00-07:00,0
2023-02-04T13:00:00-07:00,0
2023-02-04T14:00:00-07:00,0
2023-02-04T15:00:00-07:00,0
2023-02-04T16:00:00-07:00,0
2023-02-04T17:00:00-07:00,0
2023-02-04T18:00:00-07:00,0
2023-02-04T19:00:00-07:00,0
2023-02-04T20:00:00-07:00,0
2023-02-04T21:00:00-07:00,0
2023-02-04T22:00:00-07:00,0
2023-02-04T23:00:00-07:00,0
2023-02-05T00:00:00-07:00,0
2023-02-05T01:00:00-07:00,0
2023-02-05T02:00:00-07:00,0
2023-02-05T03:00:00-07:00,0
2023-02-05T04:00:00-07:00,0
2023-02-05T05:00:00-07:00,0
2023-02-05T06:00:00-07:00,0
2023-02-05T07:00:00-07:00,0
2023-02-05T08:00:00-07:00,0
2023-02-05T09:00:00-07:00,0
2023-02-05T10:00:00-07:00,0
2023-02-05T11:00:00-07:00,0
2023-02-05T12:00:00-07:00,0
2023-02-05T13:00:00-07:00,0
2023-02-05T14:00:00-07:00,0
2023-02-05T15:00:00-07:00,0
2023-02-05T16:00:00-07:00,0
2023-02-05T17:00:00-07:00,0
2023-02-05T18:00:00-07:00,0.2
2023-02-05T19:00:00-07:00,0.3
2023-02-05T20:00:00-07:00,0.5
2023-02-05T21:00:00-07:00,0.4
2023-02-05T22:00:00-07:00,0.2
2023-02-05T23:00:00-07:00,0.3
2023-02-06T00:00:00-07:00,0.1
2023-02-06T01:00:00-07:00,0
2023-02-06T02:00:00-07:00,0
2023-02-06T03:00:00-07:00,0
2023-02-06T04:00:00-07:00,0
2023-02-06T05:00:00-07:00,0.1
2023-02-06T06:00:00-07:00,0.2
2023-02-06T07:00:00-07:00,0.2
2023-02-06T08:00:00-07:00,0.1
2023-02-06T09:00:00-07:00,0
2023-02-06T10:00:00-07:00,0
2023-02-06T11:00:00-07:00,0
2023-02-06T12:00:00-07:00,0.2
2023-02-06T13:00:00-07:00,0
2023-02-06T14:00:00-07:00,0
2023-02-06T15:00:00-07:00,0
2023-02-06T16:00:00-07:00,0
2023-02-06T17:00:00-07:00,0
2023-02-06T18:00:00-07:00,0
2023-02-06T19:00:00-07:00,0.4
2023-02-06T20:00:00-07:00,0
2023-02-06T21:00:00-07:00,0
2023-02-06T22:00:00-07:00,0
2023-02-06T23:00:00-07:00,0
2023-02-07T00:00:00-07:00,0
2023-02-07T01:00:00-07:00,0
2023-02-07T02:00:00-07:00,0
2023-02-07T03:00:00-07:00,0
2023-02-07T04:00:00-07:00,0
2023-02-07T05:00:00-07:00,0
2023-02-07T06:00:00-07:00,0
2023-02-07T07:00:00-07:00,0.3
2023-02-07T08:00:00-07:00,0
2023-02-07T09:00:00-07:00,0
2023-02-07T10:00:00-07:00,0
2023-02-07T11:00:00-07:00,0
2023-02-07T12:00:00-07:00,0
2023-02-07T13:00:00-07:00,0
2023-02-07T14:00:00-07:00,0
2023-02-07T15:00:00-07:00,0
2023-02-07T16:00:00-07:00,0
2023-02-07T17:00:00-07:00,0
2023-02-07T18:00:00-07:00,6
2023-02-07T19:00:00-07:00,32.9
2023-02-07T20:00:00-07:00,8.2
2023-02-07T21:00:00-07:00,1.7
2023-02-07T22:00:00-07:00,0.4
2023-02-07T23:00:00-07:00,0.5
2023-02-08T00:00:00-07:00,0.8
2023-02-08T01:00:00-07:00,0.4
2023-02-08T02:00:00-07:00,0.2
2023-02-08T03:00:00-07:00,0.1
2023-02-08T04:00:00-07:00,0
2023-02-08T05:00:00-07:00,0
2023-02-08T06:00:00-07:00,0.1
2023-02-08T07:00:00-07:00,0.1
2023-02-08T08:00:00-07:00,0.2
2023-02-08T09:00:00-07:00,0
2023-02-08T10:00:00-07:00,13.8
2023-02-08T11:00:00-07:00,14.6
2023-02-08T12:00:00-07:00,5.4
2023-02-08T13:00:00-07:00,2.5
2023-02-08T14:00:00-07:00,1
2023-02-08T15:00:00-07:00,0.3
2023-02-08T16:00:00-07:00,0.1
2023-02-08T17:00:00-07:00,0
2023-02-08T18:00:00-07:00,0
2023-02-08T19:00:00-07:00,0
2023-02-08T20:00:00-07:00,0
2023-02-08T21:00:00-07:00,0
2023-02-08T22:00:00-07:00,0
2023-02-08T23:00:00-07:00,0
2023-02-09T00:00:00-07:00,0
2023-02-09T01:00:00-07:00,0
2023-02-09T02:00:00-07:00,0
2023-02-09T03:00:00-07:00,0
2023-02-09T04:00:00-07:00,0
2023-02-09T05:00:00-07:00,0
2023-02-09T06:00:00-07:00,0
2023-02-09T07:00:00-07:00,0
2023-02-09T08:00:00-07:00,0
2023-02-09T09:00:00-07:00,0
2023-02-09T10:00:00-07:00,0
2023-02-09T11:00:00-07:00,0
2023-02-09T12:00:00-07:00,0
2023-02-09T13:00:00-07:00,0
2023-02-09T14:00:00-07:00,0
2023-02-09T15:00:00-07:00,0
2023-02-09T16:00:00-07:00,0
2023-02-09T17:00:00-07:00,0.1
2023-02-09T18:00:00-07:00,0.1
2023-02-09T19:00:00-07:00,0
2023-02-09T20:00:00-07:00,0
2023-02-09T21:00:00-07:00,0
2023-02-09T22:00:00-07:00,0
2023-02-09T23:00:00-07:00,0
2023-02-10T00:00:00-07:00,0
2023-02-10T01:00:00-07:00,0
2023-02-10T02:00:00-07:00,0
2023-02-10T03:00:00-07:00,0
2023-02-10T04:00:00-07:00,0
2023-02-10T05:00:00-07:00,0
2023-02-10T06:00:00-07:00,0
2023-02-10T07:00:00-07:00,0
2023-02-10T08:00:00-07:00,0
2023-02-10T09:00:00-07:00,0
2023-02-10T10:00:00-07:00,0
2023-02-10T11:00:00-07:00,0
2023-02-10T12:00:00-07:00,0
2023-02-10T13:00:00-07:00,0
2023-02-10T14:00:00-07:00,0
2023-02-10T15:00:00-07:00,0
2023-02-10T16:00:00-07:00,0
2023-02-10T17:00:00-07:00,2.4
2023-02-10T18:00:00-07:00,0.7
2023-02-10T19:00:00-07:00,0.3
2023-02-10T20:00:00-07:00,0.2
2023-02-10T21:00:00-07:00,0.2
2023-02-10T22:00:00-07:00,0.2
2023-02-10T23:00:00-07:00,0.1
2023-02-11T00:00:00-07:00,0.2
2023-02-11T01:00:00-07:00,0.1
2023-02-11T02:00:00-07:00,0.1
2023-02-11T03:00:00-07:00,0.1
2023-02-11T04:00:00-07:00,0
2023-02-11T05:00:00-07:00,0
2023-02-11T06:00:00-07:00,0
2023-02-11T07:00:00-07:00,20.9
2023-02-11T08:00:00-07:00,27.6
2023-02-11T09:00:00-07:00,6.2
2023-02-11T10:00:00-07:00,1.7
2023-02-11T11:00:00-07:00,0.2
2023-02-11T12:00:00-07:00,0
2023-02-11T13:00:00-07:00,0.2
2023-02-11T14:00:00-07:00,0.4
2023-02-11T15:00:00-07:00,0.1
2023-02-11T16:00:00-07:00,0.1
2023-02-11T17:00:00-07:00,0.1
2023-02-11T18:00:00-07:00,4.7
2023-02-11T19:00:00-07:00,3.2
2023-02-11T20:00:00-07:00,9.6
2023-02-11T21:00:00-07:00,6.1
2023-02-11T22:00:00-07:00,3
2023-02-11T23:00:00-07:00,1.2
2023-02-12T00:00:00-07:00,0.6
2023-02-12T01:00:00-07:00,0.2
2023-02-12T02:00:00-07:00,0.1
2023-02-12T03:00:00-07:00,0
2023-02-12T04:00:00-07:00,0
2023-02-12T05:00:00-07:00,0
2023-02-12T06:00:00-07:00,0
2023-02-12T07:00:00-07:00,0
2023-02-12T08:00:00-07:00,0.1
2023-02-12T09:00:00-07:00,0
2023-02-12T10:00:00-07:00,0
2023-02-12T11:00:00-07:00,0
2023-02-12T12:00:00-07:00,0
2023-02-12T13:00:00-07:00,0
2023-02-12T14:00:00-07:00,0
2023-02-12T15:00:00-07:00,0
2023-02-12T16:00:00-07:00,0
2023-02-12T17:00:00-07:00,0
2023-02-12T18:00:00-07:00,0
2023-02-12T19:00:00-07:00,0
2023-02-12T20:00:00-07:00,0
2023-02-12T21:00:00-07:00,0.1
2023-02-12T22:00:00-07:00,0
2023-02-12T23:00:00-07:00,0
2023-02-13T00:00:00-07:00,0
2023-02-13T01:00:00-07:00,0
2023-02-13T02:00:00-07:00,0
2023-02-13T03:00:00-07:00,0
2023-02-13T04:00:00-07:00,0
2023-02-13T05:00:00-07:00,0
2023-02-13T06:00:00-07:00,0.1
2023-02-13T07:00:00-07:00,0
2023-02-13T08:00:00-07:00,0
2023-02-13T09:00:00-07:00,0
2023-02-13T10:00:00-07:00,0
2023-02-13T11:00:00-07:00,0
2023-02-13T12:00:00-07:00,0
2023-02-13T13:00:00-07:00,0
2023-02-13T14:00:00-07:00,0
2023-02-13T15:00:00-07:00,0.1
2023-02-13T16:00:00-07:00,0.1
2023-02-13T17:00:00-07:00,0.1
2023-02-13T18:00:00-07:00,0.1
2023-02-13T19:00:00-07:00,0.1
2023-02-13T20:00:00-07:00,0
2023-02-13T21:00:00-07:00,0
2023-02-13T22:00:00-07:00,0
2023-02-13T23:00:00-07:00,0
2023-02-14T00:00:00-07:00,0
2023-02-14T01:00:00-07:00,0
2023-02-14T02:00:00-07:00,0
2023-02-14T03:00:00-07:00,0
2023-02-14T04:00:00-07:00,0
2023-02-14T05:00:00-07:00,0
2023-02-14T06:00:00-07:00,0
2023-02-14T07:00:00-07:00,0
2023-02-14T08:00:00-07:00,0
2023-02-14T09:00:00-07:00,0
2023-02-14T10:00:00-07:00,0
2023-02-14T11:00:00-07:00,0
2023-02-14T12:00:00-07:00,0
2023-02-14T13:00:00-07:00,0
2023-02-14T14:00:00-07:00,0
2023-02-14T15:00:00-07:00,0
2023-02-14T16:00:00-07:00,0
2023-02-14T17:00:00-07:00,0
2023-02-14T18:00:00-07:00,0
2023-02-14T19:00:00-07:00,0
2023-02-14T20:00:00-07:00,0
2023-02-14T21:00:00-07:00,0
2023-02-14T22:00:00-07:00,0
2023-02-14T23:00:00-07:00,0
2023-02-15T00:00:00-07:00,0
2023-02-15T01:00:00-07:00,0
2023-02-15T02:00:00-07:00,0
2023-02-15T03:00:00-07:00,0
2023-02-15T04:00:00-07:00,0
2023-02-15T05:00:00-07:00,0
2023-02-15T06:00:00-07:00,0
2023-02-15T07:00:00-07:00,0
2023-02-15T08:00:00-07:00,0
2023-02-15T09:00:00-07:00,0.3
2023-02-15T10:00:00-07:00,0
2023-02-15T11:00:00-07:00,0
2023-02-15T12:00:00-07:00,0
2023-02-15T13:00:00-07:00,0
2023-02-15T14:00:00-07:00,0
2023-02-15T15:00:00-07:00,0
2023-02-15T16:00:00-07:00,0
2023-02-15T17:00:00-07:00,0
2023-02-15T18:00:00-07:00,0
2023-02-15T19:00:00-07:00,0
2023-02-15T20:00:00-07:00,0
2023-02-15T21:00:00-07:00,0
2023-02-15T22:00:00-07:00,0
2023-02-15T23:00:00-07:00,0
2023-02-16T00:00:00-07:00,0
2023-02-16T01:00:00-07:00,0
2023-02-16T02:00:00-07:00,0
2023-02-16T03:00:00-07:00,0
2023-02-16T04:00:00-07:00,0
2023-02-16T05:00:00-07:00,0
2023-02-16T06:00:00-07:00,0
2023-02-16T07:00:00-07:00,0
2023-02-16T08:00:00-07:00,0
2023-02-16T09:00:00-07:00,0
2023-02-16T10:00:00-07:00,0
2023-02-16T11:00:00-07:00,0
2023-02-16T12:00:00-07:00,0
2023-02-16T13:00:00-07:00,0
2023-02-16T14:00:00-07:00,0
2023-02-16T15:00:00-07:00,0
2023-02-16T16:00:00-07:00,0
2023-02-16T17:00:00-07:00,0
2023-02-16T18:00:00-07:00,0
2023-02-16T19:00:00-07:00,0
2023-02-16T20:00:00-07:00,0.4
2023-02-16T21:00:00-07:00,0.3
2023-02-16T22:00:00-07:00,0.1
2023-02-16T23:00:00-07:00,0
2023-02-17T00:00:00-07:00,0
2023-02-17T01:00:00-07:00,0
2023-02-17T02:00:00-07:00,0
2023-02-17T03:00:00-07:00,0
2023-02-17T04:00:00-07:00,0
2023-02-17T05:00:00-07:00,0
2023-02-17T06:00:00-07:00,0
2023-02-17T07:00:00-07:00,0
2023-02-17T08:00:00-07:00,0.1
2023-02-17T09:00:00-07:00,0
2023-02-17T10:00:00-07:00,0
2023-02-17T11:00:00-07:00,0
2023-02-17T12:00:00-07:00,5.1
2023-02-17T13:00:00-07:00,2.7
2023-02-17T14:00:00-07:00,0.7
2023-02-17T15:00:00-07:00,0.1
2023-02-17T16:00:00-07:00,0
2023-02-17T17:00:00-07:00,0
2023-02-17T18:00:00-07:00,35.9
2023-02-17T19:00:00-07:00,25.3
2023-02-17T20:00:00-07:00,7.2
2023-02-17T21:00:00-07:00,1.1
2023-02-17T22:00:00-07:00,0.1
2023-02-17T23:00:00-07:00,0
2023-02-18T00:00:00-07:00,0
2023-02-18T01:00:00-07:00,0
2023-02-18T02:00:00-07:00,0
2023-02-18T03:00:00-07:00,0
2023-02-18T04:00:00-07:00,0
2023-02-18T05:00:00-07:00,0
2023-02-18T06:00:00-07:00,0
2023-02-18T07:00:00-07:00,0
2023-02-18T08:00:00-07:00,2.4
2023-02-18T09:00:00-07:00,2.8
2023-02-18T10:00:00-07:00,0.4
2023-02-18T11:00:00-07:00,0.2
2023-02-18T12:00:00-07:00,0
2023-02-18T13:00:00-07:00,0
2023-02-18T14:00:00-07:00,0
2023-02-18T15:00:00-07:00,0
2023-02-18T16:00:00-07:00,0
2023-02-18T17:00:00-07:00,0
2023-02-18T18:00:00-07:00,0
2023-02-18T19:00:00-07:00,0
2023-02-18T20:00:00-07:00,0
2023-02-18T21:00:00-07:00,0
2023-02-18T22:00:00-07:00,0
2023-02-18T23:00:00-07:00,0
2023-02-19T00:00:00-07:00,0
2023-02-19T01:00:00-07:00,0
2023-02-19T02:00:00-07:00,0
2023-02-19T03:00:00-07:00,0
2023-02-19T04:00:00-07:00,0
2023-02-19T05:00:00-07:00,0
2023-02-19T06:00:00-07:00,0
2023-02-19T07:00:00-07:00,0
2023-02-19T08:00:00-07:00,0
2023-02-19T09:00:00-07:00,0
2023-02-19T10:00:00-07:00,0
2023-02-19T11:00:00-07:00,0
2023-02-19T12:00:00-07:00,0
2023-02-19T13:00:00-07:00,0
2023-02-19T14:00:00-07:00,0
2023-02-19T15:00:00-07:00,0
2023-02-19T16:00:00-07:00,0
2023-02-19T17:00:00-07:00,0.1
2023-02-19T18:00:00-07:00,2.2
2023-02-19T19:00:00-07:00,1
2023-02-19T20:00:00-07:00,0.2
2023-02-19T21:00:00-07:00,0
2023-02-19T22:00:00-07:00,0
2023-02-19T23:00:00-07:00,0
2023-02-20T00:00:00-07:00,0
2023-02-20T01:00:00-07:00,0
2023-02-20T02:00:00-07:00,0
2023-02-20T03:00:00-07:00,0
2023-02-20T04:00:00-07:00,0
2023-02-20T05:00:00-07:00,0
2023-02-20T06:00:00-07:00,0
2023-02-20T07:00:00-07:00,0
2023-02-20T08:00:00-07:00,2.1
2023-02-20T09:00:00-07:00,0.3
2023-02-20T10:00:00-07:00,0
2023-02-20T11:00:00-07:00,0
2023-02-20T12:00:00-07:00,0
2023-02-20T13:00:00-07:00,0
2023-02-20T14:00:00-07:00,0
2023-02-20T15:00:00-07:00,0
2023-02-20T16:00:00-07:00,0
2023-02-20T17:00:00-07:00,0
2023-02-20T18:00:00-07:00,6.1
2023-02-20T19:00:00-07:00,1.3
2023-02-20T20:00:00-07:00,0.4
2023-02-20T21:00:00-07:00,0.1
2023-02-20T22:00:00-07:00,0
2023-02-20T23:00:00-07:00,0
2023-02-21T00:00:00-07:00,0
2023-02-21T01:00:00-07:00,0
2023-02-21T02:00:00-07:00,0
2023-02-21T03:00:00-07:00,0
2023-02-21T04:00:00-07:00,0
2023-02-21T05:00:00-07:00,0
2023-02-21T06:00:00-07:00,0
2023-02-21T07:00:00-07:00,0
2023-02-21T08:00:00-07:00,0
2023-02-21T09:00:00-07:00,0
2023-02-21T10:00:00-07:00,0
2023-02-21T11:00:00-07:00,0
2023-02-21T12:00:00-07:00,0
2023-02-21T13:00:00-07:00,0
2023-02-21T14:00:00-07:00,0
2023-02-21T15:00:00-07:00,0
2023-02-21T16:00:00-07:00,0
2023-02-21T17:00:00-07:00,0
2023-02-21T18:00:00-07:00,3.5
2023-02-21T19:00:00-07:00,1.9
2023-02-21T20:00:00-07:00,0.7
2023-02-21T21:00:00-07:00,0.2
2023-02-21T22:00:00-07:00,0
2023-02-21T23:00:00-07:00,0
2023-02-22T00:00:00-07:00,0
2023-02-22T01:00:00-07:00,0
2023-02-22T02:00:00-07:00,0
2023-02-22T03:00:00-07:00,0
2023-02-22T04:00:00-07:00,0
2023-02-22T05:00:00-07:00,0
2023-02-22T06:00:00-07:00,0
2023-02-22T07:00:00-07:00,0
2023-02-22T08:00:00-07:00,0
2023-02-22T09:00:00-07:00,0
2023-02-22T10:00:00-07:00,0
2023-02-22T11:00:00-07:00,0
2023-02-22T12:00:00-07:00,0
2023-02-22T13:00:00-07:00,0
2023-02-22T14:00:00-07:00,0
2023-02-22T15:00:00-07:00,0
2023-02-22T16:00:00-07:00,0
2023-02-22T17:00:00-07:00,0
2023-02-22T18:00:00-07:00,14.5
2023-02-22T19:00:00-07:00,9.6
2023-02-22T20:00:00-07:00,2.9
2023-02-22T21:00:00-07:00,1
2023-02-22T22:00:00-07:00,1.2
2023-02-22T23:00:00-07:00,1.3
2023-02-23T00:00:00-07:00,0.4
2023-02-23T01:00:00-07:00,0.1
2023-02-23T02:00:00-07:00,0.1
2023-02-23T03:00:00-07:00,0
2023-02-23T04:00:00-07:00,0
2023-02-23T05:00:00-07:00,0
2023-02-23T06:00:00-07:00,0
2023-02-23T07:00:00-07:00,0
2023-02-23T08:00:00-07:00,0.1
2023-02-23T09:00:00-07:00,0
2023-02-23T10:00:00-07:00,0
2023-02-23T11:00:00-07:00,0.5
2023-02-23T12:00:00-07:00,17
2023-02-23T13:00:00-07:00,30.5
2023-02-23T14:00:00-07:00,18.3
2023-02-23T15:00:00-07:00,30.7
2023-02-23T16:00:00-07:00,36.9
2023-02-23T17:00:00-07:00,35
2023-02-23T18:00:00-07:00,17.7
2023-02-23T19:00:00-07:00,5.8
2023-02-23T20:00:00-07:00,2.1
2023-02-23T21:00:00-07:00,0.6
2023-02-23T22:00:00-07:00,0.1
2023-02-23T23:00:00-07:00,0.6
2023-02-24T00:00:00-07:00,0.3
2023-02-24T01:00:00-07:00,0.2
2023-02-24T02:00:00-07:00,0.2
2023-02-24T03:00:00-07:00,0.1
2023-02-24T04:00:00-07:00,0.1
2023-02-24T05:00:00-07:00,0.1
2023-02-24T06:00:00-07:00,0.3
2023-02-24T07:00:00-07:00,0.6
2023-02-24T08:00:00-07:00,2.1
2023-02-24T09:00:00-07:00,18.6
2023-02-24T10:00:00-07:00,30.9
2023-02-24T11:00:00-07:00,34.2
2023-02-24T12:00:00-07:00,31.9
2023-02-24T13:00:00-07:00,21.1
2023-02-24T14:00:00-07:00,10.3
2023-02-24T15:00:00-07:00,6
2023-02-24T16:00:00-07:00,7.1
2023-02-24T17:00:00-07:00,14.5
2023-02-24T18:00:00-07:00,21.1
2023-02-24T19:00:00-07:00,5.1
2023-02-24T20:00:00-07:00,1.6
2023-02-24T21:00:00-07:00,0.7
2023-02-24T22:00:00-07:00,0.3
2023-02-24T23:00:00-07:00,0.1
2023-02-25T00:00:00-07:00,0
2023-02-25T01:00:00-07:00,0
2023-02-25T02:00:00-07:00,0
2023-02-25T03:00:00-07:00,0
2023-02-25T04:00:00-07:00,0.1
2023-02-25T05:00:00-07:00,0
2023-02-25T06:00:00-07:00,0
2023-02-25T07:00:00-07:00,0
2023-02-25T08:00:00-07:00,0
2023-02-25T09:00:00-07:00,0
2023-02-25T10:00:00-07:00,0
2023-02-25T11:00:00-07:00,0
2023-02-25T12:00:00-07:00,0
2023-02-25T13:00:00-07:00,0
2023-02-25T14:00:00-07:00,0.6
2023-02-25T15:00:00-07:00,34.1
2023-02-25T16:00:00-07:00,52.6
2023-02-25T17:00:00-07:00,66
2023-02-25T18:00:00-07:00,70.3
2023-02-25T19:00:00-07:00,71.6
2023-02-25T20:00:00-07:00,72.4
2023-02-25T21:00:00-07:00,70.4
2023-02-25T22:00:00-07:00,56.4
2023-02-25T23:00:00-07:00,57.9
2023-02-26T00:00:00-07:00,43.9
2023-02-26T01:00:00-07:00,29.8
2023-02-26T02:00:00-07:00,18.6
2023-02-26T03:00:00-07:00,11.1
2023-02-26T04:00:00-07:00,7.3
2023-02-26T05:00:00-07:00,3.3
2023-02-26T06:00:00-07:00,1.5
2023-02-26T07:00:00-07:00,0.7
2023-02-26T08:00:00-07:00,0.3
2023-02-26T09:00:00-07:00,23.1
2023-02-26T10:00:00-07:00,35.7
2023-02-26T11:00:00-07:00,13.4
2023-02-26T12:00:00-07:00,5.9
2023-02-26T13:00:00-07:00,29.2
2023-02-26T14:00:00-07:00,49.3
2023-02-26T15:00:00-07:00,61.8
2023-02-26T16:00:00-07:00,61.5
2023-02-26T17:00:00-07:00,44.3
2023-02-26T18:00:00-07:00,26.6
2023-02-26T19:00:00-07:00,10.2
2023-02-26T20:00:00-07:00,4.8
2023-02-26T21:00:00-07:00,2.6
2023-02-26T22:00:00-07:00,6
2023-02-26T23:00:00-07:00,49.4
2023-02-27T00:00:00-07:00,80.9
2023-02-27T01:00:00-07:00,110.2
2023-02-27T02:00:00-07:00,126
2023-02-27T03:00:00-07:00,134.1
2023-02-27T04:00:00-07:00,136.2
2023-02-27T05:00:00-07:00,129.7
2023-02-27T06:00:00-07:00,71.6
2023-02-27T07:00:00-07:00,50.2
2023-02-27T08:00:00-07:00,51.6
2023-02-27T09:00:00-07:00,61.3
2023-02-27T10:00:00-07:00,46
2023-02-27T11:00:00-07:00,27.8
2023-02-27T12:00:00-07:00,15.8
2023-02-27T13:00:00-07:00,8.9
2023-02-27T14:00:00-07:00,6.1
2023-02-27T15:00:00-07:00,3.1
2023-02-27T16:00:00-07:00,1.2
2023-02-27T17:00:00-07:00,0.5
2023-02-27T18:00:00-07:00,42.8
2023-02-27T19:00:00-07:00,31.8
2023-02-27T20:00:00-07:00,39.9
2023-02-27T21:00:00-07:00,45.9
2023-02-27T22:00:00-07:00,51.3
2023-02-27T23:00:00-07:00,61.8
2023-05-19T19:00:00-06:00,37
2023-05-19T20:00:00-06:00,32.8
2023-05-19T21:00:00-06:00,27
2023-05-19T22:00:00-06:00,20.6
2023-05-19T23:00:00-06:00,16.8
2023-05-20T00:00:00-06:00,15
2023-05-20T01:00:00-06:00,15.2
2023-05-20T02:00:00-06:00,14.5
2023-05-20T03:00:00-06:00,14.3
2023-05-20T04:00:00-06:00,16
2023-05-20T05:00:00-06:00,14.8
2023-05-20T06:00:00-06:00,12.9
2023-05-20T07:00:00-06:00,11.3
2023-05-20T08:00:00-06:00,24
2023-05-20T09:00:00-06:00,15.8
2023-05-20T10:00:00-06:00,17.1
2023-05-20T11:00:00-06:00,12.3
2023-05-20T12:00:00-06:00,12.1
2023-05-20T13:00:00-06:00,11.6
2023-05-20T14:00:00-06:00,9.9
2023-05-20T15:00:00-06:00,7.8
2023-05-20T16:00:00-06:00,6.4
2023-05-20T17:00:00-06:00,5
2023-05-20T18:00:00-06:00,2.3
2023-05-20T19:00:00-06:00,1.1
2023-05-20T20:00:00-06:00,0.7
2023-05-20T21:00:00-06:00,0.6
2023-05-20T22:00:00-06:00,1.1
2023-05-20T23:00:00-06:00,1.8
2023-05-21T00:00:00-06:00,2.2
2023-05-21T01:00:00-06:00,2.7
2023-05-21T02:00:00-06:00,3.3
2023-05-21T03:00:00-06:00,3.6
2023-05-21T04:00:00-06:00,3.9
2023-05-21T05:00:00-06:00,4.5
2023-05-21T06:00:00-06:00,4.7
2023-05-21T07:00:00-06:00,4.4
2023-05-21T08:00:00-06:00,3.8
2023-05-21T09:00:00-06:00,3.8
2023-05-21T10:00:00-06:00,15.7
2023-05-21T11:00:00-06:00,10.6
2023-05-21T12:00:00-06:00,4.6
2023-05-21T13:00:00-06:00,4.8
2023-05-21T14:00:00-06:00,4.7
2023-05-21T15:00:00-06:00,4.4
2023-05-21T16:00:00-06:00,4
2023-05-21T17:00:00-06:00,16
2023-05-21T18:00:00-06:00,16.2
2023-05-21T19:00:00-06:00,8
2023-05-21T20:00:00-06:00,5.3
2023-05-21T21:00:00-06:00,4.6
2023-05-21T22:00:00-06:00,4.9
2023-05-21T23:00:00-06:00,4.9
2023-05-22T00:00:00-06:00,5
2023-05-22T01:00:00-06:00,5.3
2023-05-22T02:00:00-06:00,5.6
2023-05-22T03:00:00-06:00,5.4
2023-05-22T04:00:00-06:00,5.2
2023-05-22T05:00:00-06:00,4.9
2023-05-22T06:00:00-06:00,4.8
2023-05-22T07:00:00-06:00,5.4
2023-05-22T08:00:00-06:00,4.5
2023-05-22T09:00:00-06:00,5.9
2023-05-22T10:00:00-06:00,7.2
2023-05-22T11:00:00-06:00,9.2
2023-05-22T12:00:00-06:00,122.9
2023-05-22T13:00:00-06:00,45.7
2023-05-22T14:00:00-06:00,25
2023-05-22T15:00:00-06:00,15.2
2023-05-22T16:00:00-06:00,15
2023-05-22T17:00:00-06:00,13.9
2023-05-22T18:00:00-06:00,25.3
2023-05-22T19:00:00-06:00,26.4
2023-05-22T20:00:00-06:00,16.6
2023-05-22T21:00:00-06:00,13.3
2023-05-22T22:00:00-06:00,13.1
2023-05-22T23:00:00-06:00,13.6
2023-05-23T00:00:00-06:00,14.3
2023-05-23T01:00:00-06:00,14
2023-05-23T02:00:00-06:00,12.6
2023-05-23T03:00:00-06:00,9.6
2023-05-23T04:00:00-06:00,8.7
2023-05-23T05:00:00-06:00,8.9
2023-05-23T06:00:00-06:00,9.2
2023-05-23T07:00:00-06:00,8.2
2023-05-23T08:00:00-06:00,6.1
2023-05-23T09:00:00-06:00,12.9
2023-05-23T10:00:00-06:00,9.2
2023-05-23T11:00:00-06:00,5.4
2023-05-23T12:00:00-06:00,5
2023-05-23T13:00:00-06:00,5.5
2023-05-23T14:00:00-06:00,5.6
2023-05-23T15:00:00-06:00,6.1
2023-05-23T16:00:00-06:00,6.9
2023-05-23T17:00:00-06:00,10.6
2023-05-23T18:00:00-06:00,11.1
2023-05-23T19:00:00-06:00,9.1
2023-05-23T20:00:00-06:00,8.6
2023-05-23T21:00:00-06:00,9.2
2023-05-23T22:00:00-06:00,9.9
2023-05-23T23:00:00-06:00,10.2
2023-05-24T00:00:00-06:00,10.5
2023-05-24T01:00:00-06:00,10.2
2023-05-24T02:00:00-06:00,9.6
2023-05-24T03:00:00-06:00,8.5
2023-05-24T04:00:00-06:00,6.9
2023-05-24T05:00:00-06:00,5.6
2023-05-24T06:00:00-06:00,4.3
2023-05-24T07:00:00-06:00,3.1
2023-05-24T08:00:00-06:00,20.4
2023-05-24T09:00:00-06:00,50.9
2023-05-24T10:00:00-06:00,46.8
2023-05-24T11:00:00-06:00,32.6
2023-05-24T12:00:00-06:00,19.5
2023-05-24T13:00:00-06:00,13
2023-05-24T14:00:00-06:00,9.8
2023-05-24T15:00:00-06:00,4.1
2023-05-24T16:00:00-06:00,1.8
2023-05-24T17:00:00-06:00,4.2
2023-05-24T18:00:00-06:00,4.5
2023-05-24T19:00:00-06:00,3
2023-05-24T20:00:00-06:00,3
2023-05-24T21:00:00-06:00,2.5
2023-05-24T22:00:00-06:00,2.5
2023-05-24T23:00:00-06:00,3
2023-05-25T00:00:00-06:00,3.7
2023-05-25T01:00:00-06:00,3.6
2023-05-25T02:00:00-06:00,3.4
2023-05-25T03:00:00-06:00,3.5
2023-05-25T04:00:00-06:00,3.7
2023-05-25T05:00:00-06:00,3.9
2023-05-25T06:00:00-06:00,4.1
2023-05-25T07:00:00-06:00,3.3
2023-05-25T08:00:00-06:00,2.5
2023-05-25T09:00:00-06:00,2.6
2023-05-25T10:00:00-06:00,2.7
2023-05-25T11:00:00-06:00,2
2023-05-25T12:00:00-06:00,1.7
2023-05-25T13:00:00-06:00,4.5
2023-05-25T14:00:00-06:00,4.6
2023-05-25T15:00:00-06:00,3.7
2023-05-25T16:00:00-06:00,2
2023-05-25T17:00:00-06:00,1
2023-05-25T18:00:00-06:00,0.5
2023-05-25T19:00:00-06:00,0.4
2023-05-25T20:00:00-06:00,0.4
2023-05-25T21:00:00-06:00,0.2
2023-05-25T22:00:00-06:00,0.3
2023-05-25T23:00:00-06:00,0.1
2023-05-26T00:00:00-06:00,0.1
2023-05-26T01:00:00-06:00,0.1
2023-05-26T02:00:00-06:00,0.1
2023-05-26T03:00:00-06:00,0.1
2023-05-26T04:00:00-06:00,0.2
2023-05-26T05:00:00-06:00,0.1
2023-05-26T06:00:00-06:00,0
2023-05-26T07:00:00-06:00,0
2023-05-26T08:00:00-06:00,0.8
2023-05-26T09:00:00-06:00,2.5
2023-05-26T10:00:00-06:00,2.1
2023-05-26T11:00:00-06:00,0.1
2023-05-26T12:00:00-06:00,0.4
2023-05-26T13:00:00-06:00,0.9
2023-05-26T14:00:00-06:00,0.6
2023-05-26T15:00:00-06:00,0.2
2023-05-26T16:00:00-06:00,0.1
2023-05-26T17:00:00-06:00,0.1
2023-05-26T18:00:00-06:00,0
2023-05-26T19:00:00-06:00,0
2023-05-26T20:00:00-06:00,0
2023-05-26T21:00:00-06:00,0
2023-05-26T22:00:00-06:00,0
2023-05-26T23:00:00-06:00,0
2023-05-27T00:00:00-06:00,0
2023-05-27T01:00:00-06:00,0
2023-05-27T02:00:00-06:00,0
2023-05-27T03:00:00-06:00,0
2023-05-27T04:00:00-06:00,0
2023-05-27T05:00:00-06:00,0
2023-05-27T06:00:00-06:00,0
2023-05-27T07:00:00-06:00,0
2023-05-27T08:00:00-06:00,0
2023-05-27T09:00:00-06:00,0.1
2023-05-27T10:00:00-06:00,0
2023-05-27T11:00:00-06:00,0
2023-05-27T12:00:00-06:00,0
2023-05-27T13:00:00-06:00,0
2023-05-27T14:00:00-06:00,0
2023-05-27T15:00:00-06:00,0.4
2023-05-27T16:00:00-06:00,0.9
2023-05-27T17:00:00-06:00,1.7
2023-05-27T18:00:00-06:00,1.1
2023-05-27T19:00:00-06:00,1.1
2023-05-27T20:00:00-06:00,0.8
2023-05-27T21:00:00-06:00,0.7
2023-05-27T22:00:00-06:00,0.5
2023-05-27T23:00:00-06:00,0.3
2023-05-28T00:00:00-06:00,0.1
2023-05-28T01:00:00-06:00,0
2023-05-28T02:00:00-06:00,0
2023-05-28T03:00:00-06:00,0
2023-05-28T04:00:00-06:00,0
2023-05-28T05:00:00-06:00,0
2023-05-28T06:00:00-06:00,1.2
2023-05-28T07:00:00-06:00,2
2023-05-28T08:00:00-06:00,9.9
2023-05-28T09:00:00-06:00,4
2023-05-28T10:00:00-06:00,1
2023-05-28T11:00:00-06:00,0.5
2023-05-28T12:00:00-06:00,0.1
2023-05-28T13:00:00-06:00,0.6
2023-05-28T14:00:00-06:00,1.1
2023-05-28T15:00:00-06:00,1.4
2023-05-28T16:00:00-06:00,2.2
2023-05-28T17:00:00-06:00,1.2
2023-05-28T18:00:00-06:00,4.1
2023-05-28T19:00:00-06:00,2.3
2023-05-28T20:00:00-06:00,2.9
2023-05-28T21:00:00-06:00,2
2023-05-28T22:00:00-06:00,2.3
2023-05-28T23:00:00-06:00,1.3
2023-05-29T00:00:00-06:00,1.1
2023-05-29T01:00:00-06:00,1
2023-05-29T02:00:00-06:00,1
2023-05-29T03:00:00-06:00,1.1
2023-05-29T04:00:00-06:00,1
2023-05-29T05:00:00-06:00,0.9
2023-05-29T06:00:00-06:00,0.7
2023-05-29T07:00:00-06:00,0.6
2023-05-29T08:00:00-06:00,0.7
2023-05-29T09:00:00-06:00,0.3
2023-05-29T10:00:00-06:00,0.1
2023-05-29T11:00:00-06:00,0
2023-05-29T12:00:00-06:00,0
2023-05-29T13:00:00-06:00,0
2023-05-29T14:00:00-06:00,0.2
2023-05-29T15:00:00-06:00,0.3
2023-05-29T16:00:00-06:00,0.2
2023-05-29T17:00:00-06:00,0.1
2023-05-29T18:00:00-06:00,0
2023-05-29T19:00:00-06:00,0
2023-05-29T20:00:00-06:00,0.2
2023-05-29T21:00:00-06:00,0.1
2023-05-29T22:00:00-06:00,0.2
2023-05-29T23:00:00-06:00,0.1
2023-05-30T00:00:00-06:00,0.1
2023-05-30T01:00:00-06:00,0
2023-05-30T02:00:00-06:00,0.1
2023-05-30T03:00:00-06:00,0.1
2023-05-30T04:00:00-06:00,0.1
2023-05-30T05:00:00-06:00,0.1
2023-05-30T06:00:00-06:00,0.1
2023-05-30T07:00:00-06:00,0.8
2023-05-30T08:00:00-06:00,0.6
2023-05-30T09:00:00-06:00,0.3
2023-05-30T10:00:00-06:00,0.2
2023-05-30T11:00:00-06:00,0.2
2023-05-30T12:00:00-06:00,1
2023-05-30T13:00:00-06:00,0.9
2023-05-30T14:00:00-06:00,0.9
2023-05-30T15:00:00-06:00,0.7
2023-05-30T16:00:00-06:00,2
2023-05-30T17:00:00-06:00,2.6
2023-05-30T18:00:00-06:00,28.3
2023-05-30T19:00:00-06:00,5.5
2023-05-30T20:00:00-06:00,1.9
2023-05-30T21:00:00-06:00,0.9
2023-05-30T22:00:00-06:00,0.4
2023-05-30T23:00:00-06:00,0.2
2023-05-31T00:00:00-06:00,0.1
2023-05-31T01:00:00-06:00,0
2023-05-31T02:00:00-06:00,0
2023-05-31T03:00:00-06:00,0
2023-05-31T04:00:00-06:00,0
2023-05-31T05:00:00-06:00,0
2023-05-31T06:00:00-06:00,0
2023-05-31T07:00:00-06:00,0
2023-05-31T08:00:00-06:00,0
2023-05-31T09:00:00-06:00,0
2023-05-31T10:00:00-06:00,0
2023-05-31T11:00:00-06:00,0.6
2023-05-31T12:00:00-06:00,2.3
2023-05-31T13:00:00-06:00,3.2
2023-05-31T14:00:00-06:00,3
2023-05-31T15:00:00-06:00,1.6
2023-05-31T16:00:00-06:00,0.8
2023-05-31T17:00:00-06:00,0.4
2023-05-31T18:00:00-06:00,0.3
2023-05-31T19:00:00-06:00,0.2
2023-05-31T20:00:00-06:00,0
2023-05-31T21:00:00-06:00,0
2023-05-31T22:00:00-06:00,0
2023-05-31T23:00:00-06:00,0
2023-06-01T00:00:00-06:00,0
2023-06-01T01:00:00-06:00,0
2023-06-01T02:00:00-06:00,0
2023-06-01T03:00:00-06:00,0
2023-06-01T04:00:00-06:00,0
2023-06-01T05:00:00-06:00,0
2023-06-01T06:00:00-06:00,0
2023-06-01T07:00:00-06:00,0.1
2023-06-01T08:00:00-06:00,0.1
2023-06-01T09:00:00-06:00,0
2023-06-01T10:00:00-06:00,0
2023-06-01T11:00:00-06:00,0
2023-06-01T12:00:00-06:00,0.3
2023-06-01T13:00:00-06:00,0.4
2023-06-01T14:00:00-06:00,0.2
2023-06-01T15:00:00-06:00,0
2023-06-01T16:00:00-06:00,0.2
2023-06-01T17:00:00-06:00,0.6
2023-06-01T18:00:00-06:00,0.1
2023-06-01T19:00:00-06:00,0
2023-06-01T20:00:00-06:00,0
2023-06-01T21:00:00-06:00,0
2023-06-01T22:00:00-06:00,0
2023-06-01T23:00:00-06:00,0
2023-06-02T00:00:00-06:00,0
2023-06-02T01:00:00-06:00,0
2023-06-02T02:00:00-06:00,0
2023-06-02T03:00:00-06:00,0
2023-06-02T04:00:00-06:00,0
2023-06-02T05:00:00-06:00,0
2023-06-02T06:00:00-06:00,0
2023-06-02T07:00:00-06:00,0
2023-06-02T08:00:00-06:00,0
2023-06-02T09:00:00-06:00,0
2023-06-02T10:00:00-06:00,0
2023-06-02T11:00:00-06:00,0
2023-06-02T12:00:00-06:00,0
2023-06-02T13:00:00-06:00,0
2023-06-02T14:00:00-06:00,0
2023-06-02T15:00:00-06:00,0.1
2023-06-02T16:00:00-06:00,0.2
2023-06-02T17:00:00-06:00,0.1
2023-06-02T18:00:00-06:00,0
2023-06-02T19:00:00-06:00,0
2023-06-02T20:00:00-06:00,0
2023-06-02T21:00:00-06:00,0
2023-06-02T22:00:00-06:00,0
2023-06-02T23:00:00-06:00,0
2023-06-03T00:00:00-06:00,0
2023-06-03T01:00:00-06:00,0
2023-06-03T02:00:00-06:00,0
2023-06-03T03:00:00-06:00,0
2023-06-03T04:00:00-06:00,0
2023-06-03T05:00:00-06:00,0
2023-06-03T06:00:00-06:00,0
2023-06-03T07:00:00-06:00,0
2023-06-03T08:00:00-06:00,0
2023-06-03T09:00:00-06:00,0
2023-06-03T10:00:00-06:00,0
2023-06-03T11:00:00-06:00,0
2023-06-03T12:00:00-06:00,0
2023-06-03T13:00:00-06:00,0
2023-06-03T14:00:00-06:00,0.1
2023-06-03T15:00:00-06:00,0.1
2023-06-03T16:00:00-06:00,0
2023-06-03T17:00:00-06:00,0
2023-06-03T18:00:00-06:00,0
2023-06-03T19:00:00-06:00,0
2023-06-03T20:00:00-06:00,0
2023-06-03T21:00:00-06:00,0
2023-06-03T22:00:00-06:00,0
2023-06-03T23:00:00-06:00,0
2023-06-04T00:00:00-06:00,0
2023-06-04T01:00:00-06:00,0
2023-06-04T02:00:00-06:00,0
2023-06-04T03:00:00-06:00,0
2023-06-04T04:00:00-06:00,0
2023-06-04T05:00:00-06:00,0
2023-06-04T06:00:00-06:00,0
2023-06-04T07:00:00-06:00,0
2023-06-04T08:00:00-06:00,1.4
2023-06-04T09:00:00-06:00,0.6
2023-06-04T10:00:00-06:00,0.1
2023-06-04T11:00:00-06:00,0
2023-06-04T12:00:00-06:00,0
2023-06-04T13:00:00-06:00,0
2023-06-04T14:00:00-06:00,0
2023-06-04T15:00:00-06:00,0
2023-06-04T16:00:00-06:00,0
2023-06-04T17:00:00-06:00,0
2023-06-04T18:00:00-06:00,0
2023-06-04T19:00:00-06:00,0.2
2023-06-04T20:00:00-06:00,0.1
2023-06-04T21:00:00-06:00,0
2023-06-04T22:00:00-06:00,0
2023-06-04T23:00:00-06:00,0
2023-06-05T00:00:00-06:00,0
2023-06-05T01:00:00-06:00,0
2023-06-05T02:00:00-06:00,0.1
2023-06-05T03:00:00-06:00,0.2
2023-06-05T04:00:00-06:00,0.2
2023-06-05T05:00:00-06:00,0.1
2023-06-05T06:00:00-06:00,0.1
2023-06-05T07:00:00-06:00,0.1
2023-06-05T08:00:00-06:00,0.1
2023-06-05T09:00:00-06:00,0.2
2023-06-05T10:00:00-06:00,0
2023-06-05T11:00:00-06:00,0
2023-06-05T12:00:00-06:00,0
2023-06-05T13:00:00-06:00,0
2023-06-05T14:00:00-06:00,0.1
2023-06-05T15:00:00-06:00,0.1
2023-06-05T16:00:00-06:00,0.1
2023-06-05T17:00:00-06:00,15.8
2023-06-05T18:00:00-06:00,60.8
2023-06-05T19:00:00-06:00,16.5
2023-06-05T20:00:00-06:00,7.7
2023-06-05T21:00:00-06:00,6.2
2023-06-05T22:00:00-06:00,3.7
2023-06-05T23:00:00-06:00,2.4
2023-06-06T00:00:00-06:00,1.4
2023-06-06T01:00:00-06:00,0.9
2023-06-06T02:00:00-06:00,0.5
2023-06-06T03:00:00-06:00,0.3
2023-06-06T04:00:00-06:00,0.3
2023-06-06T05:00:00-06:00,0.2
2023-06-06T06:00:00-06:00,0.1
2023-06-06T07:00:00-06:00,0
2023-06-06T08:00:00-06:00,0.1
2023-06-06T09:00:00-06:00,0.5
2023-06-06T10:00:00-06:00,0.8
2023-06-06T11:00:00-06:00,0.9
2023-06-06T12:00:00-06:00,0.7
2023-06-06T13:00:00-06:00,2.2
2023-06-06T14:00:00-06:00,2.7
2023-06-06T15:00:00-06:00,2.6
2023-06-06T16:00:00-06:00,1.6
2023-06-06T17:00:00-06:00,0.9
2023-06-06T18:00:00-06:00,0.3
2023-06-06T19:00:00-06:00,0.1
2023-06-06T20:00:00-06:00,0.1
2023-06-06T21:00:00-06:00,0.1
2023-06-06T22:00:00-06:00,0.1
2023-06-06T23:00:00-06:00,0.1
2023-06-07T00:00:00-06:00,0.1
2023-06-07T01:00:00-06:00,0.1
2023-06-07T02:00:00-06:00,0.1
2023-06-07T03:00:00-06:00,0.1
2023-06-07T04:00:00-06:00,0.1
2023-06-07T05:00:00-06:00,0.1
2023-06-07T06:00:00-06:00,0.1
2023-06-07T07:00:00-06:00,0.2
2023-06-07T08:00:00-06:00,0.6
2023-06-07T09:00:00-06:00,0.9
2023-06-07T10:00:00-06:00,1.2
2023-06-07T11:00:00-06:00,0.7
2023-06-07T12:00:00-06:00,0
2023-06-07T13:00:00-06:00,0.1
2023-06-07T14:00:00-06:00,0
2023-06-07T15:00:00-06:00,0
2023-06-07T16:00:00-06:00,0
2023-06-07T17:00:00-06:00,3.6
2023-06-07T18:00:00-06:00,3
2023-06-07T19:00:00-06:00,0.1
2023-06-07T20:00:00-06:00,0
2023-06-07T21:00:00-06:00,0
2023-06-07T22:00:00-06:00,0
2023-06-07T23:00:00-06:00,0
2023-06-08T00:00:00-06:00,0
2023-06-08T01:00:00-06:00,0
2023-06-08T02:00:00-06:00,0
2023-06-08T03:00:00-06:00,0
2023-06-08T04:00:00-06:00,0
2023-06-08T05:00:00-06:00,0
2023-06-08T06:00:00-06:00,0
2023-06-08T07:00:00-06:00,0
2023-06-08T08:00:00-06:00,0
2023-06-08T09:00:00-06:00,0
2023-06-08T10:00:00-06:00,0
2023-06-08T11:00:00-06:00,0
2023-06-08T12:00:00-06:00,0
2023-06-08T13:00:00-06:00,0
2023-06-08T14:00:00-06:00,0
2023-06-08T15:00:00-06:00,0
2023-06-08T16:00:00-06:00,0
2023-06-08T17:00:00-06:00,0
2023-06-08T18:00:00-06:00,0
2023-06-08T19:00:00-06:00,3.2
2023-06-08T20:00:00-06:00,0.6
2023-06-08T21:00:00-06:00,0.3
2023-06-08T22:00:00-06:00,0.1
2023-06-08T23:00:00-06:00,0
2023-06-09T00:00:00-06:00,0
2023-06-09T01:00:00-06:00,0
2023-06-09T02:00:00-06:00,0
2023-06-09T03:00:00-06:00,0
2023-06-09T04:00:00-06:00,0
2023-06-09T05:00:00-06:00,0
2023-06-09T06:00:00-06:00,0
2023-06-09T07:00:00-06:00,1.2
2023-06-09T08:00:00-06:00,1.2
2023-06-09T09:00:00-06:00,1
2023-06-09T10:00:00-06:00,1.1
2023-06-09T11:00:00-06:00,0.9
2023-06-09T12:00:00-06:00,0.2
2023-06-09T13:00:00-06:00,0.6
2023-06-09T14:00:00-06:00,0.6
2023-06-09T15:00:00-06:00,0.2
2023-06-09T16:00:00-06:00,0.1
2023-06-09T17:00:00-06:00,0
2023-06-09T18:00:00-06:00,0.8
2023-06-09T19:00:00-06:00,0.8
2023-06-09T20:00:00-06:00,0
2023-06-09T21:00:00-06:00,0
2023-06-09T22:00:00-06:00,0
2023-06-09T23:00:00-06:00,0
2023-06-10T00:00:00-06:00,0
2023-06-10T01:00:00-06:00,0.1
2023-06-10T02:00:00-06:00,0.1
2023-06-10T03:00:00-06:00,0.1
2023-06-10T04:00:00-06:00,0.2
2023-06-10T05:00:00-06:00,0.2
2023-06-10T06:00:00-06:00,0.1
2023-06-10T07:00:00-06:00,0.1
2023-06-10T08:00:00-06:00,9.1
2023-06-10T09:00:00-06:00,5.8
2023-06-10T10:00:00-06:00,1.6
2023-06-10T11:00:00-06:00,0.4
2023-06-10T12:00:00-06:00,0.1
2023-06-10T13:00:00-06:00,0.1
2023-06-10T14:00:00-06:00,0.1
2023-06-10T15:00:00-06:00,0
2023-06-10T16:00:00-06:00,0
2023-06-10T17:00:00-06:00,0
2023-06-10T18:00:00-06:00,0
2023-06-10T19:00:00-06:00,0
2023-06-10T20:00:00-06:00,0
2023-06-10T21:00:00-06:00,0
2023-06-10T22:00:00-06:00,0
2023-06-10T23:00:00-06:00,0
2023-06-11T00:00:00-06:00,0
2023-06-11T01:00:00-06:00,0
2023-06-11T02:00:00-06:00,0.1
2023-06-11T03:00:00-06:00,0.1
2023-06-11T04:00:00-06:00,0.1
2023-06-11T05:00:00-06:00,0.1
2023-06-11T06:00:00-06:00,0.1
2023-06-11T07:00:00-06:00,0
2023-06-11T08:00:00-06:00,0
2023-06-11T09:00:00-06:00,3.1
2023-06-11T10:00:00-06:00,22.5
2023-06-11T11:00:00-06:00,4.7
2023-06-11T12:00:00-06:00,1.8
2023-06-11T13:00:00-06:00,0.7
2023-06-11T14:00:00-06:00,0.4
2023-06-11T15:00:00-06:00,0.3
2023-06-11T16:00:00-06:00,2.8
2023-06-11T17:00:00-06:00,2.6
2023-06-11T18:00:00-06:00,4.7
2023-06-11T19:00:00-06:00,1.6
2023-06-11T20:00:00-06:00,2.2
2023-06-11T21:00:00-06:00,2.6
2023-06-11T22:00:00-06:00,0.8
2023-06-11T23:00:00-06:00,0.5
2023-06-12T00:00:00-06:00,0.5
2023-06-12T01:00:00-06:00,0.5
2023-06-12T02:00:00-06:00,0.5
2023-06-12T03:00:00-06:00,0.6
2023-06-12T04:00:00-06:00,0.6
2023-06-12T05:00:00-06:00,0.5
2023-06-12T06:00:00-06:00,0.6
2023-06-12T07:00:00-06:00,3.7
2023-06-12T08:00:00-06:00,2.9
2023-06-12T09:00:00-06:00,2.3
2023-06-12T10:00:00-06:00,2.4
2023-06-12T11:00:00-06:00,1.7
2023-06-12T12:00:00-06:00,1.3
2023-06-12T13:00:00-06:00,1.9
2023-06-12T14:00:00-06:00,1.2
2023-06-12T15:00:00-06:00,0.6
2023-06-12T16:00:00-06:00,0.8
2023-06-12T17:00:00-06:00,1
2023-06-12T18:00:00-06:00,2.1
2023-06-12T19:00:00-06:00,1.8
2023-06-12T20:00:00-06:00,1.8
2023-06-12T21:00:00-06:00,3.4
2023-06-12T22:00:00-06:00,0.9
2023-06-12T23:00:00-06:00,0.3
2023-06-13T00:00:00-06:00,0.1
2023-06-13T01:00:00-06:00,0.1
2023-06-13T02:00:00-06:00,0.1
2023-06-13T03:00:00-06:00,0.1
2023-06-13T04:00:00-06:00,0.1
2023-06-13T05:00:00-06:00,0.1
2023-06-13T06:00:00-06:00,0.1
2023-06-13T07:00:00-06:00,0.1
2023-06-13T08:00:00-06:00,0
2023-06-13T09:00:00-06:00,0
2023-06-13T10:00:00-06:00,0.1
2023-06-13T11:00:00-06:00,0.1
2023-06-13T12:00:00-06:00,0
2023-06-13T13:00:00-06:00,0
2023-06-13T14:00:00-06:00,0
2023-06-13T15:00:00-06:00,0
2023-06-13T16:00:00-06:00,0
2023-06-13T17:00:00-06:00,0.1
2023-06-13T18:00:00-06:00,0.2
2023-06-13T19:00:00-06:00,0.2
2023-06-13T20:00:00-06:00,0.1
2023-06-13T21:00:00-06:00,0.1
2023-06-13T22:00:00-06:00,0
2023-06-13T23:00:00-06:00,0
2023-06-14T00:00:00-06:00,0
2023-06-14T01:00:00-06:00,0
2023-06-14T02:00:00-06:00,0
2023-06-14T03:00:00-06:00,0
2023-06-14T04:00:00-06:00,0
2023-06-14T05:00:00-06:00,0
2023-06-14T06:00:00-06:00,0
2023-06-14T07:00:00-06:00,0
2023-06-14T08:00:00-06:00,0
2023-06-14T09:00:00-06:00,0
2023-06-14T10:00:00-06:00,0
2023-06-14T11:00:00-06:00,0
2023-06-14T12:00:00-06:00,0
2023-06-14T13:00:00-06:00,0
2023-06-14T14:00:00-06:00,0
2023-06-14T15:00:00-06:00,0
2023-06-14T16:00:00-06:00,0
2023-06-14T17:00:00-06:00,0
2023-06-14T18:00:00-06:00,0.1
2023-06-14T19:00:00-06:00,1.4
2023-06-14T20:00:00-06:00,0.8
2023-06-14T21:00:00-06:00,0.9
2023-06-14T22:00:00-06:00,0.7
2023-06-14T23:00:00-06:00,0.6
2023-06-15T00:00:00-06:00,0.3
2023-06-15T01:00:00-06:00,0.1
2023-06-15T02:00:00-06:00,0
2023-06-15T03:00:00-06:00,0
2023-06-15T04:00:00-06:00,0
2023-06-15T05:00:00-06:00,0
2023-06-15T06:00:00-06:00,0
2023-06-15T07:00:00-06:00,0.1
2023-06-15T08:00:00-06:00,0.2
2023-06-15T09:00:00-06:00,0
2023-06-15T10:00:00-06:00,0
2023-06-15T11:00:00-06:00,11.1
2023-06-15T12:00:00-06:00,28.5
2023-06-15T13:00:00-06:00,11.6
2023-06-15T14:00:00-06:00,4.9
2023-06-15T15:00:00-06:00,2
2023-06-15T16:00:00-06:00,0.8
2023-06-15T17:00:00-06:00,0.2
2023-06-15T18:00:00-06:00,0.2
2023-06-15T19:00:00-06:00,0.2
2023-06-15T20:00:00-06:00,0
2023-06-15T21:00:00-06:00,0
2023-06-15T22:00:00-06:00,0
2023-06-15T23:00:00-06:00,0
2023-06-16T00:00:00-06:00,0
2023-06-16T01:00:00-06:00,0
2023-06-16T02:00:00-06:00,0
2023-06-16T03:00:00-06:00,0
2023-06-16T04:00:00-06:00,0
2023-06-16T05:00:00-06:00,0
2023-06-16T06:00:00-06:00,0
2023-06-16T07:00:00-06:00,0
2023-06-16T08:00:00-06:00,0.1
2023-06-16T09:00:00-06:00,0
2023-06-16T10:00:00-06:00,0
2023-06-16T11:00:00-06:00,0
2023-06-16T12:00:00-06:00,0
2023-06-16T13:00:00-06:00,0
2023-06-16T14:00:00-06:00,0
2023-06-16T15:00:00-06:00,0
2023-06-16T16:00:00-06:00,0
2023-06-16T17:00:00-06:00,0
2023-06-16T18:00:00-06:00,0
2023-06-16T19:00:00-06:00,0
2023-06-16T20:00:00-06:00,0
2023-06-16T21:00:00-06:00,0
2023-06-16T22:00:00-06:00,0
2023-06-16T23:00:00-06:00,0
2023-06-17T00:00:00-06:00,0
2023-06-17T01:00:00-06:00,0
2023-06-17T02:00:00-06:00,0
2023-06-17T03:00:00-06:00,0
2023-06-17T04:00:00-06:00,0
2023-06-17T05:00:00-06:00,0
2023-06-17T06:00:00-06:00,0
2023-06-17T07:00:00-06:00,0
2023-06-17T08:00:00-06:00,0
2023-06-17T09:00:00-06:00,0
2023-06-17T10:00:00-06:00,0
2023-06-17T11:00:00-06:00,0
2023-06-17T12:00:00-06:00,0
2023-06-17T13:00:00-06:00,0
2023-06-17T14:00:00-06:00,0.1
2023-06-17T15:00:00-06:00,8.1
2023-06-17T16:00:00-06:00,2.3
2023-06-17T17:00:00-06:00,0.3
2023-06-17T18:00:00-06:00,0.2
2023-06-17T19:00:00-06:00,0.2
2023-06-17T20:00:00-06:00,0.6
2023-06-17T21:00:00-06:00,0.4
2023-06-17T22:00:00-06:00,0.1
2023-06-17T23:00:00-06:00,0
2023-06-18T00:00:00-06:00,0
2023-06-18T01:00:00-06:00,0
2023-06-18T02:00:00-06:00,0
2023-06-18T03:00:00-06:00,0
2023-06-18T04:00:00-06:00,0.1
2023-06-18T05:00:00-06:00,0.1
2023-06-18T06:00:00-06:00,0.1
2023-06-18T07:00:00-06:00,0.1
2023-06-18T08:00:00-06:00,0.1
2023-06-18T09:00:00-06:00,0.1
2023-06-18T10:00:00-06:00,0.2
2023-06-18T11:00:00-06:00,0.1
2023-06-18T12:00:00-06:00,0
2023-06-18T13:00:00-06:00,0
2023-06-18T14:00:00-06:00,0.1
2023-06-18T15:00:00-06:00,0
2023-06-18T16:00:00-06:00,0
2023-06-18T17:00:00-06:00,0
2023-06-18T18:00:00-06:00,0.2
2023-06-18T19:00:00-06:00,0
2023-06-18T20:00:00-06:00,0.1
2023-06-18T21:00:00-06:00,0.2
2023-06-18T22:00:00-06:00,0.3
2023-06-18T23:00:00-06:00,0.4
2023-06-19T00:00:00-06:00,0.4
2023-06-19T01:00:00-06:00,0.4
2023-06-19T02:00:00-06:00,0.3
2023-06-19T03:00:00-06:00,0.3
2023-06-19T04:00:00-06:00,0.2
2023-06-19T05:00:00-06:00,0.1
2023-06-19T06:00:00-06:00,0.1
2023-06-19T07:00:00-06:00,0
2023-06-19T08:00:00-06:00,0
2023-06-19T09:00:00-06:00,0.1
2023-06-19T10:00:00-06:00,0
2023-06-19T11:00:00-06:00,0
2023-06-19T12:00:00-06:00,0
2023-06-19T13:00:00-06:00,0
2023-06-19T14:00:00-06:00,0
2023-06-19T15:00:00-06:00,0
2023-06-19T16:00:00-06:00,0
2023-06-19T17:00:00-06:00,0
2023-06-19T18:00:00-06:00,0.2
2023-06-19T19:00:00-06:00,0.5
2023-06-19T20:00:00-06:00,0.2
2023-06-19T21:00:00-06:00,0.1
2023-06-19T22:00:00-06:00,0.1
2023-06-19T23:00:00-06:00,0.2
2023-06-20T00:00:00-06:00,0.1
2023-06-20T01:00:00-06:00,0.1
2023-06-20T02:00:00-06:00,0.1
2023-06-20T03:00:00-06:00,0
2023-06-20T04:00:00-06:00,0
2023-06-20T05:00:00-06:00,0
2023-06-20T06:00:00-06:00,0
2023-06-20T07:00:00-06:00,0
2023-06-20T08:00:00-06:00,0
2023-06-20T09:00:00-06:00,0
2023-06-20T10:00:00-06:00,0
2023-06-20T11:00:00-06:00,0
2023-06-20T12:00:00-06:00,0
2023-06-20T13:00:00-06:00,0
2023-06-20T14:00:00-06:00,0
2023-06-20T15:00:00-06:00,0
2023-06-20T16:00:00-06:00,0
2023-06-20T17:00:00-06:00,0
2023-06-20T18:00:00-06:00,0.9
2023-06-20T19:00:00-06:00,0.5
2023-06-20T20:00:00-06:00,0.4
2023-06-20T21:00:00-06:00,0.5
2023-06-20T22:00:00-06:00,0.6
2023-06-20T23:00:00-06:00,0.6
2023-06-21T00:00:00-06:00,0.6
2023-06-21T01:00:00-06:00,0.6
2023-06-21T02:00:00-06:00,0.6
2023-06-21T03:00:00-06:00,0.5
2023-06-21T04:00:00-06:00,0.4
2023-06-21T05:00:00-06:00,0.3
2023-06-21T06:00:00-06:00,0.2
2023-06-21T07:00:00-06:00,0.2
2023-06-21T08:00:00-06:00,0.1
2023-06-21T09:00:00-06:00,0.1
2023-06-21T10:00:00-06:00,0.4
2023-06-21T11:00:00-06:00,1.1
2023-06-21T12:00:00-06:00,1.5
2023-06-21T13:00:00-06:00,1.5
2023-06-21T14:00:00-06:00,1.2
2023-06-21T15:00:00-06:00,1.3
2023-06-21T16:00:00-06:00,1.4
2023-06-21T17:00:00-06:00,14.3
2023-06-21T18:00:00-06:00,4.8
2023-06-21T19:00:00-06:00,2.4
2023-06-21T20:00:00-06:00,1.5
2023-06-21T21:00:00-06:00,1.2
2023-06-21T22:00:00-06:00,1.3
2023-06-21T23:00:00-06:00,1.5
2023-06-22T00:00:00-06:00,1.3
2023-06-22T01:00:00-06:00,1
2023-06-22T02:00:00-06:00,0.7
2023-06-22T03:00:00-06:00,0.5
2023-06-22T04:00:00-06:00,0.4
2023-06-22T05:00:00-06:00,0.2
2023-06-22T06:00:00-06:00,0.2
2023-06-22T07:00:00-06:00,0
2023-06-22T08:00:00-06:00,0
2023-06-22T09:00:00-06:00,0
2023-06-22T10:00:00-06:00,0
2023-06-22T11:00:00-06:00,0
2023-06-22T12:00:00-06:00,0
2023-06-22T13:00:00-06:00,0
2023-06-22T14:00:00-06:00,0
2023-06-22T15:00:00-06:00,0
2023-06-22T16:00:00-06:00,0
2023-06-22T17:00:00-06:00,0
2023-06-22T18:00:00-06:00,0
2023-06-22T19:00:00-06:00,0
2023-06-22T20:00:00-06:00,0
2023-06-22T21:00:00-06:00,13.7
2023-06-22T22:00:00-06:00,3.4
2023-06-22T23:00:00-06:00,1.2
2023-06-23T00:00:00-06:00,0.7
2023-06-23T01:00:00-06:00,0.6
2023-06-23T02:00:00-06:00,0.5
2023-06-23T03:00:00-06:00,0.5
2023-06-23T04:00:00-06:00,0.5
2023-06-23T05:00:00-06:00,0.6
2023-06-23T06:00:00-06:00,0.7
2023-06-23T07:00:00-06:00,0.5
2023-06-23T08:00:00-06:00,0.5
2023-06-23T09:00:00-06:00,0.3
2023-06-23T10:00:00-06:00,0.2
2023-06-23T11:00:00-06:00,0.1
2023-06-23T12:00:00-06:00,0
2023-06-23T13:00:00-06:00,0.3
2023-06-23T14:00:00-06:00,0.9
2023-06-23T15:00:00-06:00,0.9
2023-06-23T16:00:00-06:00,1.2
2023-06-23T17:00:00-06:00,1.4
2023-06-23T18:00:00-06:00,1.3
2023-06-23T19:00:00-06:00,1.1
2023-06-23T20:00:00-06:00,1.2
2023-06-23T21:00:00-06:00,0.9
2023-06-23T22:00:00-06:00,0.4
2023-06-23T23:00:00-06:00,0.3
2023-06-24T00:00:00-06:00,0.3
2023-06-24T01:00:00-06:00,0.4
2023-06-24T02:00:00-06:00,0.4
2023-06-24T03:00:00-06:00,0.5
2023-06-24T04:00:00-06:00,0.4
2023-06-24T05:00:00-06:00,0.4
2023-06-24T06:00:00-06:00,0.5
2023-06-24T07:00:00-06:00,0.4
2023-06-24T08:00:00-06:00,0.2
2023-06-24T09:00:00-06:00,0.1
2023-06-24T10:00:00-06:00,0
2023-06-24T11:00:00-06:00,0
2023-06-24T12:00:00-06:00,0
2023-06-24T13:00:00-06:00,0
2023-06-24T14:00:00-06:00,0
2023-06-24T15:00:00-06:00,0.1
2023-06-24T16:00:00-06:00,0
2023-06-24T17:00:00-06:00,0.1
2023-06-24T18:00:00-06:00,0.7
2023-06-24T19:00:00-06:00,0.7
2023-06-24T20:00:00-06:00,0.5
2023-06-24T21:00:00-06:00,1
2023-06-24T22:00:00-06:00,11.9
2023-06-24T23:00:00-06:00,10.7
2023-06-25T00:00:00-06:00,6.9
2023-06-25T01:00:00-06:00,3.8
2023-06-25T02:00:00-06:00,2
2023-06-25T03:00:00-06:00,1
2023-06-25T04:00:00-06:00,0.4
2023-06-25T05:00:00-06:00,0.2
2023-06-25T06:00:00-06:00,0
2023-06-25T07:00:00-06:00,0
2023-06-25T08:00:00-06:00,0
2023-06-25T09:00:00-06:00,0
2023-06-25T10:00:00-06:00,1
2023-06-25T11:00:00-06:00,0.1
2023-06-25T12:00:00-06:00,0
2023-06-25T13:00:00-06:00,0
2023-06-25T14:00:00-06:00,0
2023-06-25T15:00:00-06:00,0
2023-06-25T16:00:00-06:00,0
2023-06-25T17:00:00-06:00,0.1
2023-06-25T18:00:00-06:00,16.5
2023-06-25T19:00:00-06:00,4.6
2023-06-25T20:00:00-06:00,1.7
2023-06-25T21:00:00-06:00,1.2
2023-06-25T22:00:00-06:00,0.7
2023-06-25T23:00:00-06:00,0.6
2023-06-26T00:00:00-06:00,0.5
2023-06-26T01:00:00-06:00,0.4
2023-06-26T02:00:00-06:00,0.4
2023-06-26T03:00:00-06:00,0.3
2023-06-26T04:00:00-06:00,0.4
2023-06-26T05:00:00-06:00,0.4
2023-06-26T06:00:00-06:00,0.3
2023-06-26T07:00:00-06:00,0.3
2023-06-26T08:00:00-06:00,0.2
2023-06-26T09:00:00-06:00,1.7
2023-06-26T10:00:00-06:00,5.1
2023-06-26T11:00:00-06:00,1
2023-06-26T12:00:00-06:00,0
2023-06-26T13:00:00-06:00,0
2023-06-26T14:00:00-06:00,0.2
2023-06-26T15:00:00-06:00,0.2
2023-06-26T16:00:00-06:00,0.4
2023-06-26T17:00:00-06:00,2.7
2023-06-26T18:00:00-06:00,2.1
2023-06-26T19:00:00-06:00,1.5
2023-06-26T20:00:00-06:00,1.1
2023-06-26T21:00:00-06:00,0.6
2023-06-26T22:00:00-06:00,0.6
2023-06-26T23:00:00-06:00,0.7
2023-06-27T00:00:00-06:00,0.7
2023-06-27T01:00:00-06:00,0.7
2023-06-27T02:00:00-06:00,0.7
2023-06-27T03:00:00-06:00,0.7
2023-06-27T04:00:00-06:00,0.8
2023-06-27T05:00:00-06:00,0.9
2023-06-27T06:00:00-06:00,0.8
2023-06-27T07:00:00-06:00,0.9
2023-06-27T08:00:00-06:00,0.8
2023-06-27T09:00:00-06:00,0.7
2023-06-27T10:00:00-06:00,0.7
2023-06-27T11:00:00-06:00,0.2
2023-06-27T12:00:00-06:00,0.4
2023-06-27T13:00:00-06:00,1.1
2023-06-27T14:00:00-06:00,1.1
2023-06-27T15:00:00-06:00,1
2023-06-27T16:00:00-06:00,0.8
2023-06-27T17:00:00-06:00,0.4
2023-06-27T18:00:00-06:00,0.2
2023-06-27T19:00:00-06:00,0.2
2023-06-27T20:00:00-06:00,0.4
2023-06-27T21:00:00-06:00,0.5
2023-06-27T22:00:00-06:00,0.5
2023-06-27T23:00:00-06:00,0.6
2023-06-28T00:00:00-06:00,0.4
2023-06-28T01:00:00-06:00,0.5
2023-06-28T02:00:00-06:00,1
2023-06-28T03:00:00-06:00,1.3
2023-06-28T04:00:00-06:00,1.6
2023-06-28T05:00:00-06:00,1.8
2023-06-28T06:00:00-06:00,1.8
2023-06-28T07:00:00-06:00,1.3
2023-06-28T08:00:00-06:00,1.1
2023-06-28T09:00:00-06:00,1.1
2023-06-28T10:00:00-06:00,0.9
2023-06-28T11:00:00-06:00,0.2
2023-06-28T12:00:00-06:00,0.2
2023-06-28T13:00:00-06:00,0.2
2023-06-28T14:00:00-06:00,1
2023-06-28T15:00:00-06:00,1.4
2023-06-28T16:00:00-06:00,1.3
2023-06-28T17:00:00-06:00,1.4
2023-06-28T18:00:00-06:00,32
2023-06-28T19:00:00-06:00,16.9
2023-06-28T20:00:00-06:00,7
2023-06-28T21:00:00-06:00,3.7
2023-06-28T22:00:00-06:00,3.2
2023-06-28T23:00:00-06:00,3
2023-06-29T00:00:00-06:00,2.5
2023-06-29T01:00:00-06:00,2
2023-06-29T02:00:00-06:00,1.5
2023-06-29T03:00:00-06:00,1.4
2023-06-29T04:00:00-06:00,1.2
2023-06-29T05:00:00-06:00,1
2023-06-29T06:00:00-06:00,0.7
2023-06-29T07:00:00-06:00,0.2
2023-06-29T08:00:00-06:00,0.1
2023-06-29T09:00:00-06:00,0.1
2023-06-29T10:00:00-06:00,0.2
2023-06-29T11:00:00-06:00,0
2023-06-29T12:00:00-06:00,0.1
2023-06-29T13:00:00-06:00,0.4
2023-06-29T14:00:00-06:00,0.8
2023-06-29T15:00:00-06:00,0.8
2023-06-29T16:00:00-06:00,0.7
2023-06-29T17:00:00-06:00,0.5
2023-06-29T18:00:00-06:00,0.5
2023-06-29T19:00:00-06:00,0.3
2023-06-29T20:00:00-06:00,0.4
2023-06-29T21:00:00-06:00,0.4
2023-06-29T22:00:00-06:00,0.5
2023-06-29T23:00:00-06:00,0.5
2023-06-30T00:00:00-06:00,0.2
2023-06-30T01:00:00-06:00,0.1
2023-06-30T02:00:00-06:00,0.1
2023-06-30T03:00:00-06:00,0
2023-06-30T04:00:00-06:00,0
2023-06-30T05:00:00-06:00,0
2023-06-30T06:00:00-06:00,0
2023-06-30T07:00:00-06:00,0
2023-06-30T08:00:00-06:00,0
2023-06-30T09:00:00-06:00,0
2023-06-30T10:00:00-06:00,0
2023-06-30T11:00:00-06:00,0
2023-06-30T12:00:00-06:00,0
2023-06-30T13:00:00-06:00,0
2023-06-30T14:00:00-06:00,1.4
2023-06-30T15:00:00-06:00,3.2
2023-06-30T16:00:00-06:00,1.9
2023-06-30T17:00:00-06:00,2.1
2023-06-30T18:00:00-06:00,2.1
2023-06-30T19:00:00-06:00,2.1
2023-06-30T20:00:00-06:00,2.1
2023-06-30T21:00:00-06:00,2
2023-06-30T22:00:00-06:00,2.2
2023-06-30T23:00:00-06:00,2.2
2023-07-01T00:00:00-06:00,1.5
2023-07-01T01:00:00-06:00,1
2023-07-01T02:00:00-06:00,0.6
2023-07-01T03:00:00-06:00,0.2
2023-07-01T04:00:00-06:00,0.1
2023-07-01T05:00:00-06:00,0.1
2023-07-01T06:00:00-06:00,0.1
2023-07-01T07:00:00-06:00,0
2023-07-01T08:00:00-06:00,0
2023-07-01T09:00:00-06:00,0
2023-07-01T10:00:00-06:00,0
2023-07-01T11:00:00-06:00,0.1
