timestamp,station_id,pm25_true,pm25_pred
2024-02-16 08:00:00+00:00,18469,3.0,1.6988511990677704
2024-02-16 08:00:00+00:00,39993,11.300000000000002,5.53436725601623
2024-02-16 08:00:00+00:00,40713,0.5,2.2041645340314524
2024-02-16 08:00:00+00:00,206185,0.9,5.918179400160674
2024-02-16 09:00:00+00:00,18237,5.499999999999999,2.0681686537885473
2024-02-16 09:00:00+00:00,204009,9.699999999999998,2.9425582268682158
2024-02-16 09:00:00+00:00,47171,0.0999999999999999,2.8381465123167064
2024-02-16 09:00:00+00:00,105030,2.3,2.185215648466935
2024-02-16 10:00:00+00:00,105030,3.0999999999999996,2.384448500127656
2024-02-16 10:00:00+00:00,6352,2.4,2.0321925570171726
2024-02-16 10:00:00+00:00,204009,9.8,4.029403910120397
2024-02-16 10:00:00+00:00,47171,0.9999999999999998,3.0059028125250404
2024-02-16 11:00:00+00:00,18237,4.8,3.0756070116402863
2024-02-16 11:00:00+00:00,22647,0.0,2.9749395782157073
2024-02-16 11:00:00+00:00,49155,0.40000000000000036,4.856264385646468
2024-02-16 11:00:00+00:00,42079,0.0,3.086135348412439
2024-02-16 12:00:00+00:00,42079,0.20000000000000007,4.207210267796757
2024-02-16 12:00:00+00:00,6288,3.6000000000000005,5.098906495362318
2024-02-16 12:00:00+00:00,6352,0.8,4.061662963395065
2024-02-16 12:00:00+00:00,49155,2.5999999999999996,5.89748335236206
2024-02-16 13:00:00+00:00,47171,2.2,5.273668424477344
2024-02-16 13:00:00+00:00,46773,7.3999999999999995,5.050098686602128
2024-02-16 13:00:00+00:00,18237,6.400000000000001,2.4491577592537728
2024-02-16 13:00:00+00:00,18469,5.299999999999999,2.0219523549124596
2024-02-16 14:00:00+00:00,22647,0.0999999999999999,3.9749970638638676
2024-02-16 14:00:00+00:00,18237,5.0,2.722848834079855
2024-02-16 14:00:00+00:00,18115,1.8000000000000003,4.255092700977177
2024-02-16 14:00:00+00:00,49155,6.2,3.3938491944007017
2024-02-16 15:00:00+00:00,40713,0.0999999999999999,4.564766137399284
2024-02-16 15:00:00+00:00,6352,2.8999999999999995,3.0877989845180793
2024-02-16 15:00:00+00:00,6288,7.2,4.426822590950621
2024-02-16 15:00:00+00:00,39993,11.4,7.433516534556556
2024-02-16 16:00:00+00:00,105030,2.8,5.167462065672626
2024-02-16 16:00:00+00:00,206185,4.700000000000001,6.04602735875544
2024-02-16 16:00:00+00:00,39993,12.5,6.35299855645811
2024-02-16 16:00:00+00:00,204009,11.0,5.08463321101494
2024-02-16 17:00:00+00:00,18021,5.299999999999999,2.139195396529868
2024-02-16 17:00:00+00:00,5758,2.2,2.72840803719139
2024-02-16 17:00:00+00:00,40713,0.6000000000000002,5.353803651941255
2024-02-16 17:00:00+00:00,47171,3.6000000000000005,2.4668222936300785
2024-02-16 18:00:00+00:00,18021,2.5999999999999996,1.9595544293494158
2024-02-16 18:00:00+00:00,49155,2.4,1.9870273458051035
2024-02-16 18:00:00+00:00,18237,2.2,1.5458103032971484
2024-02-16 18:00:00+00:00,6352,0.0,1.512702299001236
2024-02-16 19:00:00+00:00,18469,0.3,1.0164449553015058
2024-02-16 19:00:00+00:00,46773,0.0,1.2861870871167025
2024-02-16 19:00:00+00:00,10808,2.8999999999999995,1.6500054737727587
2024-02-16 19:00:00+00:00,97391,1.8999999999999997,0.8579298169777863
2024-02-16 20:00:00+00:00,105030,0.0,1.202838742767919
2024-02-16 20:00:00+00:00,10808,0.40000000000000036,1.2461142384093171
2024-02-16 20:00:00+00:00,44157,9.5,1.1795229324699288
2024-02-16 20:00:00+00:00,49155,0.0,1.0512517711539775
2024-02-16 21:00:00+00:00,39993,0.0999999999999999,0.9808385994718571
2024-02-16 21:00:00+00:00,44157,17.7,1.1007691042049284
2024-02-16 21:00:00+00:00,97391,18.4,0.7977091057777341
2024-02-16 21:00:00+00:00,47171,2.3,1.1489865916857829
2024-02-16 22:00:00+00:00,49155,0.0999999999999999,1.3783434252139533
2024-02-16 22:00:00+00:00,44157,16.0,0.7876435215177858
2024-02-16 22:00:00+00:00,22647,0.20000000000000007,0.893606598679211
2024-02-16 22:00:00+00:00,6288,0.0999999999999999,1.2717819555439165
2024-02-16 23:00:00+00:00,42079,0.5,1.4443595748488094
2024-02-16 23:00:00+00:00,39993,0.0999999999999999,1.5806767310195005
2024-02-16 23:00:00+00:00,20897,0.0,1.550582331827403
2024-02-16 23:00:00+00:00,49155,0.0,1.7273278859883925
2024-02-17 00:00:00+00:00,89717,1.8000000000000003,1.184336416527946
2024-02-17 00:00:00+00:00,46773,0.0,1.6759886718830552
2024-02-17 00:00:00+00:00,20897,0.20000000000000007,1.4147497521054635
2024-02-17 00:00:00+00:00,206185,0.3,1.8270591824316347
2024-02-17 01:00:00+00:00,44157,14.699999999999998,1.4984005129906997
2024-02-17 01:00:00+00:00,204009,2.5999999999999996,1.5115903150599657
2024-02-17 01:00:00+00:00,5758,0.0,1.8302877528921908
2024-02-17 01:00:00+00:00,10808,0.0999999999999999,1.815330811670977
2024-02-17 02:00:00+00:00,18237,1.3,1.289934390208147
2024-02-17 02:00:00+00:00,6288,2.3,1.8137627218866235
2024-02-17 02:00:00+00:00,18469,0.8,1.5505124587444952
2024-02-17 02:00:00+00:00,20897,0.0999999999999999,2.134369595255116
2024-02-17 03:00:00+00:00,105030,1.2,1.4192984449385393
2024-02-17 03:00:00+00:00,5758,0.6000000000000002,1.5649662844361574
2024-02-17 03:00:00+00:00,18237,0.6000000000000002,1.3163497849109
2024-02-17 03:00:00+00:00,97391,9.699999999999998,1.2794227710820332
2024-02-17 04:00:00+00:00,204009,4.1,2.6633610131211305
2024-02-17 04:00:00+00:00,6288,8.800000000000002,1.6241753246542838
2024-02-17 04:00:00+00:00,47171,0.40000000000000036,2.2280642724305855
2024-02-17 04:00:00+00:00,22647,2.1,2.4090955047425604
2024-02-17 05:00:00+00:00,18237,1.1,1.6210663562057075
2024-02-17 05:00:00+00:00,204009,1.3999999999999997,1.9846583116345777
2024-02-17 05:00:00+00:00,20897,0.5,3.615030506683674
2024-02-17 05:00:00+00:00,6288,5.200000000000001,2.3195848914347006
2024-02-17 06:00:00+00:00,22647,3.5000000000000004,2.2283531373214993
2024-02-17 06:00:00+00:00,89717,10.4,1.9529807657530485
2024-02-17 06:00:00+00:00,44157,16.600000000000005,1.7837961780115057
2024-02-17 06:00:00+00:00,6352,1.8000000000000003,1.9178665357488967
2024-02-17 07:00:00+00:00,5758,3.3,2.119823780954226
2024-02-17 07:00:00+00:00,18021,2.3,2.4119086149108306
2024-02-17 07:00:00+00:00,18469,6.7,2.611650769613317
2024-02-17 07:00:00+00:00,20897,2.4,4.430199612425958
2024-02-17 08:00:00+00:00,18115,6.1000000000000005,2.8726514201013837
2024-02-17 08:00:00+00:00,6352,3.5000000000000004,2.4243460226398597
2024-02-17 08:00:00+00:00,40713,0.5,4.353434148651135
2024-02-17 08:00:00+00:00,5758,5.200000000000001,2.6571184462505046
2024-02-17 09:00:00+00:00,39993,4.700000000000001,5.191763561714441
2024-02-17 09:00:00+00:00,47171,0.8,2.290192054996251
2024-02-17 09:00:00+00:00,204009,4.2,4.640133112235229
2024-02-17 09:00:00+00:00,10808,3.3,4.7465963050439
2024-02-17 10:00:00+00:00,5758,5.4,4.634585959359031
2024-02-17 10:00:00+00:00,97391,11.2,1.388730012858125
2024-02-17 10:00:00+00:00,6288,1.6000000000000003,1.7972762832811848
2024-02-17 10:00:00+00:00,10808,5.999999999999999,4.41643274840113
2024-02-17 11:00:00+00:00,6288,2.8,2.6966147704772356
2024-02-17 11:00:00+00:00,20897,7.3999999999999995,2.8870004328543266
2024-02-17 11:00:00+00:00,18469,0.7000000000000005,2.201332047137758
2024-02-17 11:00:00+00:00,89717,12.300000000000002,4.3986580008590135
2024-02-17 12:00:00+00:00,18237,1.5,3.080313395767341
2024-02-17 12:00:00+00:00,46773,2.7000000000000006,2.932165936308958
2024-02-17 12:00:00+00:00,42079,0.0999999999999999,3.0974619277432427
2024-02-17 12:00:00+00:00,39993,2.7000000000000006,6.344577889682512
2024-02-17 13:00:00+00:00,105030,0.0999999999999999,6.33299015634006
2024-02-17 13:00:00+00:00,22647,1.3999999999999997,10.615637038365815
2024-02-17 13:00:00+00:00,49155,0.9999999999999998,5.377699810353789
2024-02-17 13:00:00+00:00,206185,1.6000000000000003,8.068756553615534
2024-02-17 14:00:00+00:00,18115,6.1000000000000005,4.1216998442124195
2024-02-17 14:00:00+00:00,204009,18.299999999999997,6.521585100633346
2024-02-17 14:00:00+00:00,10808,8.500000000000002,7.06850459254034
2024-02-17 14:00:00+00:00,18021,13.5,4.421816998221972
2024-02-17 15:00:00+00:00,89717,12.0,4.413079198370316
2024-02-17 15:00:00+00:00,204009,16.4,5.753280427702259
2024-02-17 15:00:00+00:00,18469,3.0,2.661608422958522
2024-02-17 15:00:00+00:00,42079,0.7000000000000005,4.4085909632109725
2024-02-17 16:00:00+00:00,18469,3.5000000000000004,1.8163608958399258
2024-02-17 16:00:00+00:00,46773,3.9000000000000004,7.2568650680183575
2024-02-17 16:00:00+00:00,6352,2.5999999999999996,4.015520213518772
2024-02-17 16:00:00+00:00,5758,6.300000000000001,11.514765561005936
2024-02-17 17:00:00+00:00,49155,1.1,3.7068035191295934
2024-02-17 17:00:00+00:00,105030,0.40000000000000036,3.465977013104038
2024-02-17 17:00:00+00:00,18237,2.3,4.03254767361726
2024-02-17 17:00:00+00:00,97391,7.100000000000001,3.8388220016241528
2024-02-17 18:00:00+00:00,44157,14.699999999999998,5.594219278849175
2024-02-17 18:00:00+00:00,42079,6.7,3.5085630003570603
2024-02-17 18:00:00+00:00,206185,5.700000000000001,4.11195562891057
2024-02-17 18:00:00+00:00,20897,3.0,2.4393436768933694
2024-02-17 19:00:00+00:00,89717,7.700000000000002,6.01949044030848
2024-02-17 19:00:00+00:00,46773,2.8999999999999995,7.8740392528052325
2024-02-17 19:00:00+00:00,22647,5.4,4.8923687424773465
2024-02-17 19:00:00+00:00,206185,3.0,5.6756768495509435
2024-02-17 20:00:00+00:00,22647,3.4000000000000004,3.279729299809869
2024-02-17 20:00:00+00:00,44157,14.400000000000002,3.263201771599047
2024-02-17 20:00:00+00:00,206185,1.3,2.716656515435603
2024-02-17 20:00:00+00:00,18115,6.499999999999999,3.0586789592390127
2024-02-17 21:00:00+00:00,6288,2.1,6.1349349370698025
2024-02-17 21:00:00+00:00,46773,1.6999999999999995,11.454873531933092
2024-02-17 21:00:00+00:00,18237,3.2000000000000006,3.2587995982813767
2024-02-17 21:00:00+00:00,5758,2.7000000000000006,2.0456690344117483
2024-02-17 22:00:00+00:00,89717,3.7,2.4023190533807477
2024-02-17 22:00:00+00:00,42079,2.5,2.201355879167231
2024-02-17 22:00:00+00:00,18115,2.3,2.1774400426090335
2024-02-17 22:00:00+00:00,49155,3.0,2.7626880759700976
2024-02-17 23:00:00+00:00,5758,3.9000000000000004,2.557673234135768
2024-02-17 23:00:00+00:00,18115,2.4,2.004105641250861
2024-02-17 23:00:00+00:00,20897,4.5,3.6635096436691454
2024-02-17 23:00:00+00:00,105030,2.7000000000000006,2.470593911605558
2024-02-18 00:00:00+00:00,89717,5.1,2.885292407983869
2024-02-18 00:00:00+00:00,20897,7.3999999999999995,6.018199318915499
2024-02-18 00:00:00+00:00,6352,1.6999999999999995,3.1219571417921763
2024-02-18 00:00:00+00:00,10808,3.3,3.1208385029695656
2024-02-18 01:00:00+00:00,105030,1.3999999999999997,6.241395092918831
2024-02-18 01:00:00+00:00,42079,2.0000000000000004,2.5452170983289735
2024-02-18 01:00:00+00:00,6288,8.800000000000002,6.187168259352892
2024-02-18 01:00:00+00:00,18115,3.5000000000000004,2.6025643615151983
2024-02-18 02:00:00+00:00,89717,17.7,5.119720427970524
2024-02-18 02:00:00+00:00,39993,4.2,6.05895373426101
2024-02-18 02:00:00+00:00,6352,1.5,2.825255095509168
2024-02-18 02:00:00+00:00,22647,2.3,3.8963465986877814
2024-02-18 03:00:00+00:00,20897,7.3999999999999995,3.320420290096831
2024-02-18 03:00:00+00:00,97391,12.2,2.649702265940354
2024-02-18 03:00:00+00:00,49155,36.800000000000004,2.6128726993045834
2024-02-18 03:00:00+00:00,39993,10.000000000000002,7.506579280020714
2024-02-18 04:00:00+00:00,20897,13.7,4.528171941791192
2024-02-18 04:00:00+00:00,40713,0.9999999999999998,3.6387395015272164
2024-02-18 04:00:00+00:00,10808,9.4,6.8663401920157
2024-02-18 04:00:00+00:00,105030,0.7000000000000005,3.6573053421904365
2024-02-18 05:00:00+00:00,46773,11.799999999999999,4.894728935278868
2024-02-18 05:00:00+00:00,89717,12.2,6.421178781618682
2024-02-18 05:00:00+00:00,10808,9.9,5.125193651287973
2024-02-18 05:00:00+00:00,105030,0.40000000000000036,3.9078006236928955
2024-02-18 06:00:00+00:00,18115,7.100000000000001,4.047279140546376
2024-02-18 06:00:00+00:00,10808,1.8999999999999997,5.046208096515641
2024-02-18 06:00:00+00:00,6288,1.3999999999999997,4.5636516757950965
2024-02-18 06:00:00+00:00,105030,0.3,3.183123164377353
2024-02-18 07:00:00+00:00,47171,6.2,6.902044222521525
2024-02-18 07:00:00+00:00,6288,0.8,4.446632320195907
2024-02-18 07:00:00+00:00,18237,0.5,2.3809033877658616
2024-02-18 07:00:00+00:00,42079,0.7000000000000005,2.184703985381449
2024-02-18 08:00:00+00:00,204009,5.800000000000001,1.414052371565257
2024-02-18 08:00:00+00:00,44157,16.100000000000005,1.472262946914028
2024-02-18 08:00:00+00:00,40713,0.20000000000000007,2.9741528321593425
2024-02-18 08:00:00+00:00,42079,0.7000000000000005,1.585531823208987
2024-02-18 09:00:00+00:00,5758,0.0,1.8446561636804264
2024-02-18 09:00:00+00:00,22647,0.9999999999999998,1.838606067799988
2024-02-18 09:00:00+00:00,6288,7.599999999999999,1.9326245382121419
2024-02-18 09:00:00+00:00,39993,0.8,2.0388742340235613
2024-02-18 10:00:00+00:00,97391,7.700000000000002,1.396558630580424
2024-02-18 10:00:00+00:00,20897,8.600000000000001,1.668701519041774
2024-02-18 10:00:00+00:00,42079,0.20000000000000007,1.5176439120138576
2024-02-18 10:00:00+00:00,6288,4.8,1.6212244099604003
2024-02-18 11:00:00+00:00,18021,0.5,1.5571399194874571
2024-02-18 11:00:00+00:00,89717,2.0000000000000004,1.5468555303182445
2024-02-18 11:00:00+00:00,47171,5.1,3.1628307700194065
2024-02-18 11:00:00+00:00,204009,0.5,1.6405357992819867
2024-02-18 12:00:00+00:00,6288,1.3999999999999997,1.1698815631931958
2024-02-18 12:00:00+00:00,206185,0.20000000000000007,1.9347018934410056
2024-02-18 12:00:00+00:00,18469,5.200000000000001,1.0611284835071142
2024-02-18 12:00:00+00:00,39993,0.5,1.52662809674801
2024-02-18 13:00:00+00:00,18115,0.6000000000000002,1.420999203783695
2024-02-18 13:00:00+00:00,18469,10.4,1.0740987538254863
2024-02-18 13:00:00+00:00,22647,0.3,1.6659783715465917
2024-02-18 13:00:00+00:00,18021,0.5,1.4685531830807044
2024-02-18 14:00:00+00:00,206185,0.40000000000000036,2.621043666089658
2024-02-18 14:00:00+00:00,18237,0.9,1.332961036997802
2024-02-18 14:00:00+00:00,46773,2.1,1.914492932997625
2024-02-18 14:00:00+00:00,42079,0.3,2.0414991295225997
2024-02-18 15:00:00+00:00,89717,0.8,1.4016726423839716
2024-02-18 15:00:00+00:00,49155,1.1,1.9154290746624418
2024-02-18 15:00:00+00:00,42079,0.9999999999999998,1.5219587101171634
2024-02-18 15:00:00+00:00,10808,0.20000000000000007,2.0280338897262755
2024-02-18 16:00:00+00:00,49155,0.7000000000000005,1.4943410381838387
2024-02-18 16:00:00+00:00,22647,0.20000000000000007,0.997371552079555
2024-02-18 16:00:00+00:00,47171,0.9,2.547122053246485
2024-02-18 16:00:00+00:00,44157,13.1,1.260605666395925
2024-02-18 17:00:00+00:00,20897,0.7000000000000005,1.3904551940502385
2024-02-18 17:00:00+00:00,204009,0.20000000000000007,1.0652275151674921
2024-02-18 17:00:00+00:00,5758,0.6000000000000002,1.1856786894735705
2024-02-18 17:00:00+00:00,18469,0.3,1.1644846409863676
2024-02-18 18:00:00+00:00,204009,0.0999999999999999,1.283138250851112
2024-02-18 18:00:00+00:00,49155,0.0,1.0839653931282869
2024-02-18 18:00:00+00:00,39993,0.3,2.2031518945602993
2024-02-18 18:00:00+00:00,5758,0.0999999999999999,1.40151853060594
2024-02-18 19:00:00+00:00,97391,2.3,0.9395020160971901
2024-02-18 19:00:00+00:00,46773,0.5,1.7293268662721577
2024-02-18 19:00:00+00:00,89717,0.8,1.185414463942633
2024-02-18 19:00:00+00:00,18115,0.0,0.8992763173524576
2024-02-18 20:00:00+00:00,20897,4.1,5.068664594612004
2024-02-18 20:00:00+00:00,6352,2.1,2.3153316730327442
2024-02-18 20:00:00+00:00,10808,0.7000000000000005,1.5729644683543995
2024-02-18 20:00:00+00:00,44157,23.999999999999996,2.001082247998992
2024-02-18 21:00:00+00:00,105030,2.5999999999999996,3.198582534540096
2024-02-18 21:00:00+00:00,20897,2.7000000000000006,3.396450041592003
2024-02-18 21:00:00+00:00,18469,5.499999999999999,3.3393292483435264
2024-02-18 21:00:00+00:00,6288,3.9000000000000004,3.143670370698153
2024-02-18 22:00:00+00:00,18237,2.2,1.743967022978599
2024-02-18 22:00:00+00:00,47171,7.100000000000001,2.8852750538605783
2024-02-18 22:00:00+00:00,18469,1.6999999999999995,1.3696652865039225
2024-02-18 22:00:00+00:00,20897,0.40000000000000036,1.4552073641552468
2024-02-18 23:00:00+00:00,18021,1.2,1.2173355240568453
2024-02-18 23:00:00+00:00,49155,0.0,1.1833677988195956
2024-02-18 23:00:00+00:00,39993,2.8999999999999995,2.6653916632922945
2024-02-18 23:00:00+00:00,5758,1.2,1.8635958537461765
2024-02-19 00:00:00+00:00,10808,2.4,3.9398426815179186
2024-02-19 00:00:00+00:00,42079,0.0999999999999999,1.2558306603372225
2024-02-19 00:00:00+00:00,18115,0.9,1.359078832096869
2024-02-19 00:00:00+00:00,5758,0.6000000000000002,3.086897409281111
2024-02-19 01:00:00+00:00,6288,7.2,2.8942493656111274
2024-02-19 01:00:00+00:00,5758,3.6000000000000005,4.659584868753833
2024-02-19 01:00:00+00:00,39993,10.7,8.40410109797904
2024-02-19 01:00:00+00:00,6352,1.3,1.8196389599070546
2024-02-19 02:00:00+00:00,6288,9.9,2.821386505045231
2024-02-19 02:00:00+00:00,97391,11.9,1.7549230772571336
2024-02-19 02:00:00+00:00,204009,19.599999999999998,9.64394424447844
2024-02-19 02:00:00+00:00,47171,1.8000000000000003,3.744510219428385
2024-02-19 03:00:00+00:00,105030,0.0,3.8779654135283677
2024-02-19 03:00:00+00:00,42079,0.0,9.59243450292242
2024-02-19 03:00:00+00:00,10808,9.5,13.71690199642226
2024-02-19 03:00:00+00:00,206185,2.5,13.721272923968714
2024-02-19 04:00:00+00:00,39993,10.8,12.019537933858626
2024-02-19 04:00:00+00:00,5758,2.5999999999999996,8.337319721673587
2024-02-19 04:00:00+00:00,20897,16.899999999999995,2.0482712063907034
2024-02-19 04:00:00+00:00,22647,0.6000000000000002,17.6720200406186
2024-02-19 05:00:00+00:00,49155,3.6000000000000005,5.202761170657342
2024-02-19 05:00:00+00:00,44157,16.100000000000005,4.43186313256671
2024-02-19 05:00:00+00:00,105030,0.0,3.831376935749291
2024-02-19 05:00:00+00:00,18469,0.0999999999999999,2.8836325478086042
2024-02-19 06:00:00+00:00,6288,3.6000000000000005,3.665079808433297
2024-02-19 06:00:00+00:00,22647,1.2,4.14105343443984
2024-02-19 06:00:00+00:00,89717,6.800000000000002,4.184453067881934
2024-02-19 06:00:00+00:00,18021,12.4,5.339347224268048
2024-02-19 07:00:00+00:00,22647,0.20000000000000007,2.644039590671987
2024-02-19 07:00:00+00:00,18237,10.1,2.1177978114172933
2024-02-19 07:00:00+00:00,20897,8.800000000000002,1.1596065417538703
2024-02-19 07:00:00+00:00,46773,1.8000000000000003,2.065649454404544
2024-02-19 08:00:00+00:00,6352,3.2000000000000006,2.35125500352757
2024-02-19 08:00:00+00:00,40713,0.0,1.4940859155190984
2024-02-19 08:00:00+00:00,10808,6.2,1.7246081983565373
2024-02-19 08:00:00+00:00,47171,8.2,4.3671120092375
2024-02-19 09:00:00+00:00,105030,0.0,1.4651862687710497
2024-02-19 09:00:00+00:00,97391,9.699999999999998,1.6280602653216334
2024-02-19 09:00:00+00:00,18237,7.3999999999999995,2.469361732721044
2024-02-19 09:00:00+00:00,46773,10.1,8.010195421153231
2024-02-19 10:00:00+00:00,20897,5.800000000000001,3.421906979656498
2024-02-19 10:00:00+00:00,105030,0.0999999999999999,2.451964867110882
2024-02-19 10:00:00+00:00,42079,0.0,2.478436364329487
2024-02-19 10:00:00+00:00,46773,6.900000000000002,5.494741099995656
2024-02-19 11:00:00+00:00,206185,2.5,4.028493806451049
2024-02-19 11:00:00+00:00,5758,0.7000000000000005,1.9891699407416341
2024-02-19 11:00:00+00:00,18469,0.0999999999999999,1.926180397102671
2024-02-19 11:00:00+00:00,6288,5.200000000000001,4.406106262129158
2024-02-19 12:00:00+00:00,46773,1.3999999999999997,4.82842132275137
2024-02-19 12:00:00+00:00,42079,0.0,2.8417500688158777
2024-02-19 12:00:00+00:00,18469,0.0,2.175895333734327
2024-02-19 12:00:00+00:00,47171,12.600000000000001,5.03923125456116
2024-02-19 13:00:00+00:00,206185,0.6000000000000002,3.777584840821984
2024-02-19 13:00:00+00:00,97391,10.499999999999998,1.4591570160956215
2024-02-19 13:00:00+00:00,5758,0.7000000000000005,2.1902057049937986
2024-02-19 13:00:00+00:00,18237,5.1,2.3222677494572572
2024-02-19 14:00:00+00:00,6352,2.7000000000000006,3.0804980824657155
2024-02-19 14:00:00+00:00,5758,0.5,1.9006211327660483
2024-02-19 14:00:00+00:00,46773,3.7,8.89346755290368
2024-02-19 14:00:00+00:00,42079,0.0,2.84507991593252
2024-02-19 15:00:00+00:00,204009,5.599999999999999,3.6371944272045393
2024-02-19 15:00:00+00:00,22647,1.1,3.295473423729907
2024-02-19 15:00:00+00:00,42079,0.0,2.967671291176953
2024-02-19 15:00:00+00:00,18115,5.999999999999999,3.839229788328113
2024-02-19 16:00:00+00:00,5758,0.5,2.2086754513758793
2024-02-19 16:00:00+00:00,18021,3.8,3.2665427545924692
2024-02-19 16:00:00+00:00,6352,5.599999999999999,2.5049736105011724
2024-02-19 16:00:00+00:00,204009,3.9000000000000004,3.5466503672864587
2024-02-19 17:00:00+00:00,20897,3.5000000000000004,2.645530287218808
2024-02-19 17:00:00+00:00,5758,1.6999999999999995,1.8105948478619367
2024-02-19 17:00:00+00:00,6288,0.9999999999999998,2.060374842820546
2024-02-19 17:00:00+00:00,18115,4.9,2.047448487483296
2024-02-19 18:00:00+00:00,10808,2.3,3.05694170334778
2024-02-19 18:00:00+00:00,42079,0.5,2.144791734877543
2024-02-19 18:00:00+00:00,204009,2.0000000000000004,2.986036562198813
2024-02-19 18:00:00+00:00,18237,2.8,1.7067969195961097
2024-02-19 19:00:00+00:00,206185,0.40000000000000036,3.116200283721141
2024-02-19 19:00:00+00:00,204009,0.9999999999999998,1.9179395216241948
2024-02-19 19:00:00+00:00,10808,2.0000000000000004,2.528117949779732
2024-02-19 19:00:00+00:00,40713,0.3,1.8501619233414377
2024-02-19 20:00:00+00:00,20897,0.6000000000000002,1.4710021941090503
2024-02-19 20:00:00+00:00,89717,1.3999999999999997,1.1512092056857741
2024-02-19 20:00:00+00:00,105030,1.3,1.8293616784390025
2024-02-19 20:00:00+00:00,18469,1.8000000000000003,1.6050627091949363
2024-02-19 21:00:00+00:00,204009,0.8,1.6090475417235859
2024-02-19 21:00:00+00:00,6288,0.0999999999999999,1.0253246531055602
2024-02-19 21:00:00+00:00,10808,0.7000000000000005,2.4238443740306246
2024-02-19 21:00:00+00:00,18469,0.8,1.023487564922489
2024-02-19 22:00:00+00:00,22647,0.0,1.6973728858078023
2024-02-19 22:00:00+00:00,18115,0.5,1.3006260135534562
2024-02-19 22:00:00+00:00,6352,0.0999999999999999,1.2098666374564762
2024-02-19 22:00:00+00:00,49155,0.40000000000000036,1.0144395578002947
2024-02-19 23:00:00+00:00,39993,0.40000000000000036,1.2098297873157011
2024-02-19 23:00:00+00:00,22647,0.0999999999999999,1.0301539287077635
2024-02-19 23:00:00+00:00,46773,0.40000000000000036,3.0227784449646973
2024-02-19 23:00:00+00:00,40713,1.3999999999999997,1.7210322156579843
2024-02-20 00:00:00+00:00,47171,30.0,3.036927520843766
2024-02-20 00:00:00+00:00,42079,1.8000000000000003,2.5091237078458044
2024-02-20 00:00:00+00:00,6288,1.8000000000000003,2.6837165971474963
2024-02-20 00:00:00+00:00,89717,2.3,1.800043494135434
2024-02-20 01:00:00+00:00,10808,3.2000000000000006,4.073077317765163
2024-02-20 01:00:00+00:00,18115,5.800000000000001,3.6555194469731735
2024-02-20 01:00:00+00:00,40713,3.9999999999999996,7.736608021598927
2024-02-20 01:00:00+00:00,204009,4.3,4.5708690823718365
2024-02-20 02:00:00+00:00,40713,3.6000000000000005,12.34413670949624
2024-02-20 02:00:00+00:00,204009,5.499999999999999,5.357333222795214
2024-02-20 02:00:00+00:00,39993,5.200000000000001,4.73309140942467
2024-02-20 02:00:00+00:00,22647,5.0,5.173998939880998
2024-02-20 03:00:00+00:00,44157,11.0,4.101888117205411
2024-02-20 03:00:00+00:00,6352,5.299999999999999,7.199790962977217
2024-02-20 03:00:00+00:00,89717,9.000000000000002,5.738509261398594
2024-02-20 03:00:00+00:00,97391,13.399999999999999,14.840860180059524
2024-02-20 04:00:00+00:00,18115,16.600000000000005,7.9157839420602025
2024-02-20 04:00:00+00:00,39993,11.2,9.562237461183253
2024-02-20 04:00:00+00:00,204009,10.8,9.266542308392461
2024-02-20 04:00:00+00:00,10808,8.500000000000002,9.482311563045473
2024-02-20 05:00:00+00:00,20897,0.20000000000000007,7.289377016639812
2024-02-20 05:00:00+00:00,6352,13.7,15.41827971595448
2024-02-20 05:00:00+00:00,18237,7.700000000000002,7.450372675444997
2024-02-20 05:00:00+00:00,47171,0.9999999999999998,2.6953337071721597
2024-02-20 06:00:00+00:00,40713,0.0,13.25677337228265
2024-02-20 06:00:00+00:00,10808,5.800000000000001,11.865355619400313
2024-02-20 06:00:00+00:00,39993,2.5,14.164989535827813
2024-02-20 06:00:00+00:00,5758,12.7,12.403313063805324
2024-02-20 07:00:00+00:00,44157,16.100000000000005,6.440506616085896
2024-02-20 07:00:00+00:00,47171,3.9999999999999996,3.632650922680397
2024-02-20 07:00:00+00:00,97391,21.900000000000002,10.244985783716999
2024-02-20 07:00:00+00:00,40713,2.3,10.708373861375962
2024-02-20 08:00:00+00:00,47171,0.9,6.804241525035878
2024-02-20 08:00:00+00:00,204009,7.3999999999999995,13.899809432382284
2024-02-20 08:00:00+00:00,22647,25.5,13.377624655681153
2024-02-20 08:00:00+00:00,18469,19.7,14.477506928071046
2024-02-20 09:00:00+00:00,47171,0.20000000000000007,5.551255247300767
2024-02-20 09:00:00+00:00,5758,9.199999999999998,15.910824540708926
2024-02-20 09:00:00+00:00,18237,10.1,12.135738080485854
2024-02-20 09:00:00+00:00,18469,14.799999999999997,10.096449195891754
2024-02-20 10:00:00+00:00,47171,0.8,5.562068434590948
2024-02-20 10:00:00+00:00,20897,25.5,7.706350898618646
2024-02-20 10:00:00+00:00,49155,14.999999999999998,11.268664808605502
2024-02-20 10:00:00+00:00,105030,5.0,8.013490596692106
2024-02-20 11:00:00+00:00,105030,5.800000000000001,16.95786186335894
2024-02-20 11:00:00+00:00,5758,10.600000000000001,20.335127512698808
2024-02-20 11:00:00+00:00,6288,9.1,11.2200040942512
2024-02-20 11:00:00+00:00,44157,22.200000000000003,14.49978469534944
2024-02-20 12:00:00+00:00,40713,0.0,11.804659371762874
2024-02-20 12:00:00+00:00,20897,24.700000000000003,12.909829557683915
2024-02-20 12:00:00+00:00,18115,22.200000000000003,25.763261082102165
2024-02-20 12:00:00+00:00,206185,1.3999999999999997,23.039020681792753
2024-02-20 13:00:00+00:00,20897,26.199999999999992,9.528920221824317
2024-02-20 13:00:00+00:00,49155,21.7,13.99405650602619
2024-02-20 13:00:00+00:00,18115,16.4,16.213701202422733
2024-02-20 13:00:00+00:00,204009,15.400000000000002,16.9027959727185
2024-02-20 14:00:00+00:00,49155,16.899999999999995,17.56577037519068
2024-02-20 14:00:00+00:00,18021,14.599999999999998,17.775517337244757
2024-02-20 14:00:00+00:00,6288,7.800000000000002,9.495870988268498
2024-02-20 14:00:00+00:00,46773,0.20000000000000007,4.726134422413919
2024-02-20 15:00:00+00:00,10808,24.59999999999999,12.233763341955624
2024-02-20 15:00:00+00:00,22647,6.300000000000001,10.170607811753495
2024-02-20 15:00:00+00:00,6288,8.000000000000002,6.846841649548166
2024-02-20 15:00:00+00:00,89717,11.2,13.739016494097829
2024-02-20 16:00:00+00:00,206185,3.4000000000000004,14.571159200315885
2024-02-20 16:00:00+00:00,42079,0.40000000000000036,7.364625572779136
2024-02-20 16:00:00+00:00,22647,4.5,15.046307594595067
2024-02-20 16:00:00+00:00,10808,21.099999999999998,15.107645141756091
2024-02-20 17:00:00+00:00,40713,22.700000000000003,10.808960887946713
2024-02-20 17:00:00+00:00,6352,12.600000000000001,16.63438622926031
2024-02-20 17:00:00+00:00,22647,8.600000000000001,21.640072662125387
2024-02-20 17:00:00+00:00,5758,11.4,17.749412090144737
2024-02-20 18:00:00+00:00,5758,11.300000000000002,10.309139950546998
2024-02-20 18:00:00+00:00,89717,23.9,17.582542904662933
2024-02-20 18:00:00+00:00,6352,15.099999999999998,18.473260040856854
2024-02-20 18:00:00+00:00,22647,16.999999999999996,12.579722908564335
2024-02-20 19:00:00+00:00,10808,2.8,6.9437008581176025
2024-02-20 19:00:00+00:00,20897,15.8,20.196526762491274
2024-02-20 19:00:00+00:00,22647,18.900000000000002,14.558728517388875
2024-02-20 19:00:00+00:00,39993,2.7000000000000006,8.760527151958104
2024-02-20 20:00:00+00:00,97391,10.199999999999998,8.428669442960407
2024-02-20 20:00:00+00:00,18115,1.8000000000000003,2.912084899573875
2024-02-20 20:00:00+00:00,10808,0.6000000000000002,2.5436175790991657
2024-02-20 20:00:00+00:00,18237,1.1,3.4022334309490336
2024-02-20 21:00:00+00:00,105030,2.5999999999999996,2.425393399982669
2024-02-20 21:00:00+00:00,47171,12.7,2.1540949665779037
2024-02-20 21:00:00+00:00,6352,0.0,1.120179184038826
2024-02-20 21:00:00+00:00,40713,14.499999999999998,2.599705532387221
2024-02-20 22:00:00+00:00,206185,1.3,2.3462143076649573
2024-02-20 22:00:00+00:00,5758,0.7000000000000005,1.558046970990012
2024-02-20 22:00:00+00:00,18021,0.7000000000000005,1.1232335808124196
2024-02-20 22:00:00+00:00,39993,0.9,1.8782837723943142
2024-02-20 23:00:00+00:00,18021,1.5,1.5137799678379926
2024-02-20 23:00:00+00:00,42079,1.1,1.8265856936043707
2024-02-20 23:00:00+00:00,206185,1.6000000000000003,1.6292813603794132
2024-02-20 23:00:00+00:00,89717,1.6000000000000003,1.2549199774262463
2024-02-21 00:00:00+00:00,105030,1.5,3.135045573350938
2024-02-21 00:00:00+00:00,44157,10.7,1.878934371023182
2024-02-21 00:00:00+00:00,40713,0.9999999999999998,3.257726231594528
2024-02-21 00:00:00+00:00,46773,4.5,3.7758875690965388
2024-02-21 01:00:00+00:00,18115,3.3,2.220305847927311
2024-02-21 01:00:00+00:00,39993,2.5999999999999996,4.2761387547916385
2024-02-21 01:00:00+00:00,10808,2.7000000000000006,3.278589502869633
2024-02-21 01:00:00+00:00,6288,6.599999999999998,5.6839123768617315
2024-02-21 02:00:00+00:00,47171,13.299999999999999,3.585600527045008
2024-02-21 02:00:00+00:00,89717,8.000000000000002,2.946775127803328
2024-02-21 02:00:00+00:00,18469,3.7,3.247319813422596
2024-02-21 02:00:00+00:00,6288,6.800000000000002,4.566134407444695
2024-02-21 03:00:00+00:00,89717,9.299999999999999,3.810021258101439
2024-02-21 03:00:00+00:00,42079,2.1,3.579722498553492
2024-02-21 03:00:00+00:00,105030,3.4000000000000004,12.030647557650965
2024-02-21 03:00:00+00:00,204009,4.8,3.2932944142036833
2024-02-21 04:00:00+00:00,42079,0.5,3.992695649836463
2024-02-21 04:00:00+00:00,47171,4.4,4.088855104150103
2024-02-21 04:00:00+00:00,18021,8.400000000000002,5.526942758259761
2024-02-21 04:00:00+00:00,6288,2.3,5.991264167842013
2024-02-21 05:00:00+00:00,89717,1.1,1.2561164998434948
2024-02-21 05:00:00+00:00,105030,0.5,2.994431143406456
2024-02-21 05:00:00+00:00,49155,1.6000000000000003,2.951729866480227
2024-02-21 05:00:00+00:00,44157,59.60000000000002,1.6043665905161122
2024-02-21 06:00:00+00:00,18237,0.40000000000000036,1.0391222305124181
2024-02-21 06:00:00+00:00,105030,0.5,1.7805697199523007
2024-02-21 06:00:00+00:00,5758,0.0,1.0673244095304182
2024-02-21 06:00:00+00:00,22647,0.0,1.0021407331028453
2024-02-21 07:00:00+00:00,18469,0.0999999999999999,0.9782835663516452
2024-02-21 07:00:00+00:00,39993,0.0,1.5648719588934237
2024-02-21 07:00:00+00:00,22647,0.0,0.9743488689075233
2024-02-21 07:00:00+00:00,5758,0.0,1.2346090367634635
2024-02-21 08:00:00+00:00,46773,0.0,5.494128301048109
2024-02-21 08:00:00+00:00,5758,0.0,1.0487999107793589
2024-02-21 08:00:00+00:00,206185,0.0,2.2544556579558694
2024-02-21 08:00:00+00:00,18237,0.0,1.05572075270224
2024-02-21 09:00:00+00:00,39993,0.3,2.393324268775547
2024-02-21 09:00:00+00:00,206185,0.0,3.018947939181229
2024-02-21 09:00:00+00:00,204009,0.0,1.534057718179335
2024-02-21 09:00:00+00:00,22647,0.0,1.103701884767128
2024-02-21 10:00:00+00:00,6288,0.0,1.2565975712252229
2024-02-21 10:00:00+00:00,89717,0.8,1.1707449741545606
2024-02-21 10:00:00+00:00,206185,0.0,3.0640028945203457
2024-02-21 10:00:00+00:00,18469,0.0,1.0454155337787707
2024-02-21 11:00:00+00:00,42079,0.0,1.046116393735463
2024-02-21 11:00:00+00:00,39993,0.0,2.6640461362841497
2024-02-21 11:00:00+00:00,18115,0.0,0.8693611468323393
2024-02-21 11:00:00+00:00,97391,7.5,0.8931310346645329
2024-02-21 12:00:00+00:00,105030,0.8,1.048814247757011
2024-02-21 12:00:00+00:00,18237,0.0,1.244879903935448
2024-02-21 12:00:00+00:00,42079,0.0,1.2569634825819584
2024-02-21 12:00:00+00:00,18021,0.0,1.2685378438089543
2024-02-21 13:00:00+00:00,18237,0.0,0.9531060024573019
2024-02-21 13:00:00+00:00,20897,2.2,1.5401507177882834
2024-02-21 13:00:00+00:00,46773,2.5999999999999996,2.383148681100305
2024-02-21 13:00:00+00:00,47171,8.400000000000002,2.7479346088985723
2024-02-21 14:00:00+00:00,204009,0.3,0.9863731629936424
2024-02-21 14:00:00+00:00,22647,0.0,1.1706499562795214
2024-02-21 14:00:00+00:00,44157,5.4,1.3355126684253247
2024-02-21 14:00:00+00:00,97391,7.2,1.514543596232539
2024-02-21 15:00:00+00:00,20897,9.5,5.343849101341245
2024-02-21 15:00:00+00:00,40713,8.9,4.35056032251092
2024-02-21 15:00:00+00:00,18469,0.8,2.503685406318393
2024-02-21 15:00:00+00:00,204009,0.20000000000000007,0.9060589722844156
2024-02-21 16:00:00+00:00,40713,14.3,5.553661515714976
2024-02-21 16:00:00+00:00,49155,8.500000000000002,5.6296665431831485
2024-02-21 16:00:00+00:00,18115,0.0999999999999999,1.0087666777524378
2024-02-21 16:00:00+00:00,10808,0.0999999999999999,1.2796094365735364
2024-02-21 17:00:00+00:00,204009,0.0999999999999999,0.873457559731433
2024-02-21 17:00:00+00:00,44157,9.000000000000002,1.1159528127998795
2024-02-21 17:00:00+00:00,49155,6.400000000000001,4.385544588723637
2024-02-21 17:00:00+00:00,18469,5.200000000000001,4.031764732524966
2024-02-21 18:00:00+00:00,89717,1.6999999999999995,2.001481288440723
2024-02-21 18:00:00+00:00,105030,6.599999999999998,2.556541988458141
2024-02-21 18:00:00+00:00,204009,2.2,2.1471979044578124
2024-02-21 18:00:00+00:00,5758,0.20000000000000007,1.391120481024852
2024-02-21 19:00:00+00:00,10808,2.5999999999999996,4.629286057843469
2024-02-21 19:00:00+00:00,97391,10.199999999999998,1.5351811591887778
2024-02-21 19:00:00+00:00,46773,0.7000000000000005,3.788011042412864
2024-02-21 19:00:00+00:00,5758,1.6000000000000003,3.141392632523233
2024-02-21 20:00:00+00:00,18021,2.7000000000000006,3.003291005045069
2024-02-21 20:00:00+00:00,5758,4.1,2.7189592238258125
2024-02-21 20:00:00+00:00,105030,2.8,1.7992331735474727
2024-02-21 20:00:00+00:00,46773,0.0999999999999999,2.6611755849253385
2024-02-21 21:00:00+00:00,47171,0.20000000000000007,3.771131098632456
2024-02-21 21:00:00+00:00,46773,0.0,3.5682325245089577
2024-02-21 21:00:00+00:00,39993,1.1,6.1602399596432775
2024-02-21 21:00:00+00:00,5758,2.2,2.725772732952221
2024-02-21 22:00:00+00:00,89717,2.0000000000000004,1.3172335254645744
2024-02-21 22:00:00+00:00,46773,0.0,1.5961196538966362
2024-02-21 22:00:00+00:00,18237,1.8999999999999997,1.5825470760270275
2024-02-21 22:00:00+00:00,6352,0.20000000000000007,1.6383763609976363
2024-02-21 23:00:00+00:00,204009,0.20000000000000007,1.1254852554341719
2024-02-21 23:00:00+00:00,40713,0.8,2.0375954246104753
2024-02-21 23:00:00+00:00,46773,0.0,1.7138304826991986
2024-02-21 23:00:00+00:00,97391,2.1,1.6213016841536396
2024-02-22 00:00:00+00:00,6352,1.6999999999999995,1.7272954009460015
2024-02-22 00:00:00+00:00,6288,2.5,1.4255000820938752
2024-02-22 00:00:00+00:00,206185,0.8,1.539563445622622
2024-02-22 00:00:00+00:00,40713,1.6000000000000003,2.2539919783008013
2024-02-22 01:00:00+00:00,46773,0.0999999999999999,2.599143362946738
2024-02-22 01:00:00+00:00,42079,4.700000000000001,1.7410499447971801
2024-02-22 01:00:00+00:00,22647,5.1,1.748189289748473
2024-02-22 01:00:00+00:00,47171,8.1,2.6013083847436294
2024-02-22 02:00:00+00:00,18237,2.8,2.4215083940601767
2024-02-22 02:00:00+00:00,6352,1.8000000000000003,2.8777916686065304
2024-02-22 02:00:00+00:00,44157,14.3,2.333238244375436
2024-02-22 02:00:00+00:00,204009,1.6000000000000003,2.535990885413898
2024-02-22 03:00:00+00:00,18115,6.900000000000002,3.8348172881567644
2024-02-22 03:00:00+00:00,40713,0.0999999999999999,2.083769039279204
2024-02-22 03:00:00+00:00,46773,0.7000000000000005,4.340441518823279
2024-02-22 03:00:00+00:00,42079,0.0,4.198359342760548
2024-02-22 04:00:00+00:00,97391,17.499999999999996,4.109406936326508
2024-02-22 04:00:00+00:00,105030,0.0999999999999999,3.2752518171069083
2024-02-22 04:00:00+00:00,18469,2.8,3.6224398339526886
2024-02-22 04:00:00+00:00,42079,0.0,3.946128793716379
2024-02-22 05:00:00+00:00,5758,1.8999999999999997,6.750654689384467
2024-02-22 05:00:00+00:00,10808,6.2,9.083407964876615
2024-02-22 05:00:00+00:00,105030,0.0,3.769860784420509
2024-02-22 05:00:00+00:00,18115,8.3,4.350906271300707
2024-02-22 06:00:00+00:00,39993,3.7,4.404515606447372
2024-02-22 06:00:00+00:00,22647,1.6000000000000003,2.566671907092467
2024-02-22 06:00:00+00:00,46773,3.2000000000000006,5.826407430442442
2024-02-22 06:00:00+00:00,89717,2.8,3.2086546057990732
2024-02-22 07:00:00+00:00,204009,3.0,1.9199395233873942
2024-02-22 07:00:00+00:00,49155,6.300000000000001,3.23101571512815
2024-02-22 07:00:00+00:00,6352,1.5,1.3719409697528142
2024-02-22 07:00:00+00:00,46773,15.199999999999996,2.4104047848743875
2024-02-22 08:00:00+00:00,22647,3.9000000000000004,6.9125806251177835
2024-02-22 08:00:00+00:00,39993,7.700000000000002,5.94810998004889
2024-02-22 08:00:00+00:00,18021,6.400000000000001,5.682441952719633
2024-02-22 08:00:00+00:00,206185,4.700000000000001,4.987848347353958
2024-02-22 09:00:00+00:00,20897,16.7,4.442701306579962
2024-02-22 09:00:00+00:00,18469,1.6999999999999995,5.1274381820480945
2024-02-22 09:00:00+00:00,42079,2.8,7.803785194740734
2024-02-22 09:00:00+00:00,5758,2.2,9.454593800867151
2024-02-22 10:00:00+00:00,10808,5.800000000000001,7.170339603155999
2024-02-22 10:00:00+00:00,22647,10.499999999999998,13.775656735916414
2024-02-22 10:00:00+00:00,44157,18.600000000000005,10.513419973913841
2024-02-22 10:00:00+00:00,206185,1.3999999999999997,6.580441960172805
2024-02-22 11:00:00+00:00,10808,8.800000000000002,8.553647351991476
2024-02-22 11:00:00+00:00,49155,10.9,6.439256292389232
2024-02-22 11:00:00+00:00,18469,0.0,3.5720102974778913
2024-02-22 11:00:00+00:00,18237,13.7,9.67350875896446
2024-02-22 12:00:00+00:00,18115,18.800000000000004,12.623581865863276
2024-02-22 12:00:00+00:00,18469,0.0,5.55996746465425
2024-02-22 12:00:00+00:00,105030,0.7000000000000005,9.68723515211877
2024-02-22 12:00:00+00:00,49155,12.300000000000002,12.384725588893499
2024-02-22 13:00:00+00:00,22647,8.000000000000002,10.649865130244605
2024-02-22 13:00:00+00:00,6288,9.299999999999999,11.926337171785596
2024-02-22 13:00:00+00:00,18115,19.3,11.760136854443445
2024-02-22 13:00:00+00:00,204009,14.799999999999997,14.989029926409705
2024-02-22 14:00:00+00:00,18115,17.600000000000005,8.274544333208322
2024-02-22 14:00:00+00:00,39993,22.200000000000003,13.264970247148085
2024-02-22 14:00:00+00:00,89717,13.5,9.225285485084983
2024-02-22 14:00:00+00:00,18021,17.800000000000004,9.662232920053913
2024-02-22 15:00:00+00:00,97391,21.8,9.51969330014566
2024-02-22 15:00:00+00:00,204009,17.2,18.127368039016435
2024-02-22 15:00:00+00:00,42079,0.8,13.294695111531903
2024-02-22 15:00:00+00:00,10808,12.600000000000001,12.700387276423529
2024-02-22 16:00:00+00:00,42079,2.0000000000000004,11.83109532426059
2024-02-22 16:00:00+00:00,18021,19.5,18.92942736000177
2024-02-22 16:00:00+00:00,5758,5.599999999999999,16.44958325972234
2024-02-22 16:00:00+00:00,40713,8.000000000000002,14.43211453205222
2024-02-22 17:00:00+00:00,46773,1.3,11.957470877373062
2024-02-22 17:00:00+00:00,5758,7.800000000000002,12.575686878795759
2024-02-22 17:00:00+00:00,204009,11.1,19.46486834509022
2024-02-22 17:00:00+00:00,97391,16.899999999999995,19.69363931057462
2024-02-22 18:00:00+00:00,20897,18.200000000000003,10.50596773305788
2024-02-22 18:00:00+00:00,10808,4.1,9.743296752994986
2024-02-22 18:00:00+00:00,89717,11.0,7.629925256883039
2024-02-22 18:00:00+00:00,18021,9.8,8.222340620061463
2024-02-22 19:00:00+00:00,47171,6.499999999999999,3.8634558492513134
2024-02-22 19:00:00+00:00,22647,3.4000000000000004,3.181037875565713
2024-02-22 19:00:00+00:00,18469,5.599999999999999,10.855532479748215
2024-02-22 19:00:00+00:00,6352,4.6,3.9718899916964334
2024-02-22 20:00:00+00:00,46773,1.6000000000000003,3.801178464255071
2024-02-22 20:00:00+00:00,39993,4.700000000000001,5.097578387109262
2024-02-22 20:00:00+00:00,89717,5.299999999999999,3.9546664459937966
2024-02-22 20:00:00+00:00,42079,4.3,4.314566210655611
2024-02-22 21:00:00+00:00,47171,1.1,1.9615485612617574
2024-02-22 21:00:00+00:00,49155,3.9000000000000004,3.246799401934201
2024-02-22 21:00:00+00:00,204009,5.200000000000001,5.262675402118806
2024-02-22 21:00:00+00:00,18237,3.0999999999999996,3.4964022682908245
2024-02-22 22:00:00+00:00,46773,0.7000000000000005,1.7988189335706444
2024-02-22 22:00:00+00:00,44157,11.500000000000002,2.631190780813631
2024-02-22 22:00:00+00:00,5758,5.599999999999999,3.157152683544201
2024-02-22 22:00:00+00:00,49155,1.3999999999999997,1.7972908601156967
2024-02-22 23:00:00+00:00,6288,0.6000000000000002,2.047454839674262
2024-02-22 23:00:00+00:00,46773,0.6000000000000002,3.067940239972179
2024-02-22 23:00:00+00:00,20897,0.3,1.624248778655722
2024-02-22 23:00:00+00:00,204009,1.6999999999999995,2.846852165075763
2024-02-23 00:00:00+00:00,49155,0.40000000000000036,1.6402987445870456
2024-02-23 00:00:00+00:00,40713,1.1,1.983127375158464
2024-02-23 00:00:00+00:00,6352,1.2,1.550556508943337
2024-02-23 00:00:00+00:00,97391,6.300000000000001,1.6208166116769496
2024-02-23 01:00:00+00:00,89717,2.8999999999999995,2.1816466277006628
2024-02-23 01:00:00+00:00,18237,1.8000000000000003,1.7552040607969264
2024-02-23 01:00:00+00:00,18469,2.0000000000000004,2.749873675939548
2024-02-23 01:00:00+00:00,6288,0.6000000000000002,2.654117850588392
2024-02-23 02:00:00+00:00,49155,1.8000000000000003,3.137575466856657
2024-02-23 02:00:00+00:00,89717,4.5,3.1834644811353097
2024-02-23 02:00:00+00:00,206185,7.599999999999999,4.346668596131382
2024-02-23 02:00:00+00:00,22647,4.1,2.5506305218019123
2024-02-23 03:00:00+00:00,18115,5.599999999999999,3.925209193060547
2024-02-23 03:00:00+00:00,5758,2.8,6.782219181353409
2024-02-23 03:00:00+00:00,47171,2.5999999999999996,3.148361469961379
2024-02-23 03:00:00+00:00,20897,5.700000000000001,1.9225830869457625
2024-02-23 04:00:00+00:00,44157,31.100000000000005,5.0590491949756595
2024-02-23 04:00:00+00:00,105030,0.0,1.5335891674386357
2024-02-23 04:00:00+00:00,18237,7.300000000000001,2.6430370915697066
2024-02-23 04:00:00+00:00,10808,7.3999999999999995,4.750701000753673
2024-02-23 05:00:00+00:00,6288,8.1,2.63282333826679
2024-02-23 05:00:00+00:00,49155,1.5,2.0201540644713694
2024-02-23 05:00:00+00:00,42079,0.7000000000000005,3.2010174463016994
2024-02-23 05:00:00+00:00,44157,19.800000000000004,4.29024724358437
2024-02-23 06:00:00+00:00,47171,0.8,3.1076372505068126
2024-02-23 06:00:00+00:00,44157,14.900000000000004,4.229463908793747
2024-02-23 06:00:00+00:00,20897,3.4000000000000004,1.903369970215615
2024-02-23 06:00:00+00:00,204009,10.1,3.5710655614531115
2024-02-23 07:00:00+00:00,46773,0.8,6.982067774362498
2024-02-23 07:00:00+00:00,39993,9.000000000000002,3.0164514105102245
2024-02-23 07:00:00+00:00,105030,0.0,2.714574235861297
2024-02-23 07:00:00+00:00,206185,1.8000000000000003,3.0803941951692995
2024-02-23 08:00:00+00:00,49155,3.0999999999999996,3.9991956477701125
2024-02-23 08:00:00+00:00,18469,0.0,2.0580655587418897
2024-02-23 08:00:00+00:00,204009,8.1,2.5762582372039846
2024-02-23 08:00:00+00:00,6288,6.300000000000001,5.778745346288686
2024-02-23 09:00:00+00:00,20897,13.1,2.6382296919568473
2024-02-23 09:00:00+00:00,6288,5.599999999999999,4.022408471912961
2024-02-23 09:00:00+00:00,6352,4.1,3.3534728096692348
2024-02-23 09:00:00+00:00,42079,0.0,3.0072047313557415
2024-02-23 10:00:00+00:00,105030,0.5,1.557371411714325
2024-02-23 10:00:00+00:00,47171,0.3,1.7944914199175812
2024-02-23 10:00:00+00:00,18021,6.7,2.497321778725307
2024-02-23 10:00:00+00:00,40713,0.7000000000000005,1.735112692195256
2024-02-23 11:00:00+00:00,6352,2.5999999999999996,2.9708075727503425
2024-02-23 11:00:00+00:00,105030,0.9999999999999998,1.6569175736238717
2024-02-23 11:00:00+00:00,97391,3.0999999999999996,1.460542140393552
2024-02-23 11:00:00+00:00,42079,0.0,2.8050917029559503
2024-02-23 12:00:00+00:00,97391,2.3,1.3998589696530148
2024-02-23 12:00:00+00:00,40713,3.3,1.7036770140784547
2024-02-23 12:00:00+00:00,204009,5.200000000000001,2.238909351686223
2024-02-23 12:00:00+00:00,18469,1.5,1.6234143371844283
2024-02-23 13:00:00+00:00,39993,5.999999999999999,9.655700082069718
2024-02-23 13:00:00+00:00,97391,4.8,1.0989360835449324
2024-02-23 13:00:00+00:00,47171,16.0,3.4963774983841485
2024-02-23 13:00:00+00:00,18115,2.1,3.066106091044015
2024-02-23 14:00:00+00:00,5758,12.2,8.524311330250994
2024-02-23 14:00:00+00:00,105030,0.20000000000000007,3.2527550601682367
2024-02-23 14:00:00+00:00,6288,4.8,6.2754480924176175
2024-02-23 14:00:00+00:00,206185,1.8999999999999997,12.120922840340187
2024-02-23 15:00:00+00:00,42079,0.0,6.331089320458846
2024-02-23 15:00:00+00:00,22647,0.0,16.904963159669915
2024-02-23 15:00:00+00:00,206185,6.599999999999998,22.47426549523196
2024-02-23 15:00:00+00:00,6352,3.5000000000000004,10.236174366582802
2024-02-23 16:00:00+00:00,20897,12.999999999999996,8.138332561825942
2024-02-23 16:00:00+00:00,42079,0.0,9.432551665548816
2024-02-23 16:00:00+00:00,40713,3.3,5.556900128900423
2024-02-23 16:00:00+00:00,10808,16.3,19.036427599031256
2024-02-23 17:00:00+00:00,5758,14.599999999999998,17.80484484427273
2024-02-23 17:00:00+00:00,49155,8.2,12.265389626845748
2024-02-23 17:00:00+00:00,18021,12.300000000000002,12.13816979075038
2024-02-23 17:00:00+00:00,22647,6.400000000000001,14.47056299544034
2024-02-23 18:00:00+00:00,18115,13.899999999999997,10.502034707501211
2024-02-23 18:00:00+00:00,18469,3.9000000000000004,7.459070850763038
2024-02-23 18:00:00+00:00,39993,18.100000000000005,19.787524116991474
2024-02-23 18:00:00+00:00,6352,8.2,7.737136476638169
2024-02-23 19:00:00+00:00,89717,8.600000000000001,9.915390724980288
2024-02-23 19:00:00+00:00,18021,6.7,7.550547200057037
2024-02-23 19:00:00+00:00,6352,6.300000000000001,6.204694507701864
2024-02-23 19:00:00+00:00,20897,9.4,6.750337352264694
2024-02-23 20:00:00+00:00,89717,7.599999999999999,5.734766558754681
2024-02-23 20:00:00+00:00,42079,6.2,3.24796077230196
2024-02-23 20:00:00+00:00,22647,5.499999999999999,4.045752369139402
2024-02-23 20:00:00+00:00,18469,4.1,3.105159278804568
2024-02-23 21:00:00+00:00,18237,4.2,2.6058930471029838
2024-02-23 21:00:00+00:00,20897,3.7,2.2958392065634987
2024-02-23 21:00:00+00:00,6288,3.9000000000000004,2.4924804651881454
2024-02-23 21:00:00+00:00,49155,3.0,2.57601810549247
2024-02-23 22:00:00+00:00,44157,17.800000000000004,3.724265754439648
2024-02-23 22:00:00+00:00,20897,1.6000000000000003,1.4137734757454774
2024-02-23 22:00:00+00:00,10808,4.8,4.4449618448953485
2024-02-23 22:00:00+00:00,18021,4.3,2.7844519335443763
2024-02-23 23:00:00+00:00,42079,3.2000000000000006,3.07931811484717
2024-02-23 23:00:00+00:00,206185,9.4,4.791775035094161
2024-02-23 23:00:00+00:00,49155,1.1,1.1249761346743095
2024-02-23 23:00:00+00:00,44157,20.8,4.614842247062238
2024-02-24 00:00:00+00:00,6288,2.0000000000000004,1.4577587661552278
2024-02-24 00:00:00+00:00,6352,3.0999999999999996,3.323599149740054
2024-02-24 00:00:00+00:00,42079,3.4000000000000004,2.69257553636516
2024-02-24 00:00:00+00:00,39993,7.9,11.146501818973393
2024-02-24 01:00:00+00:00,22647,3.9000000000000004,6.189668670033519
2024-02-24 01:00:00+00:00,204009,4.9,7.629828569503495
2024-02-24 01:00:00+00:00,18021,0.9999999999999998,4.018846215910102
2024-02-24 01:00:00+00:00,105030,1.8999999999999997,1.0405356751339578
2024-02-24 02:00:00+00:00,22647,2.3,4.62562252184692
2024-02-24 02:00:00+00:00,20897,1.1,1.1469149057711767
2024-02-24 02:00:00+00:00,46773,1.1,3.8938270749488684
2024-02-24 02:00:00+00:00,204009,3.7,6.077168009061044
2024-02-24 03:00:00+00:00,18469,6.999999999999998,1.4595788433806944
2024-02-24 03:00:00+00:00,40713,0.6000000000000002,1.4968910982987242
2024-02-24 03:00:00+00:00,18237,3.5000000000000004,2.6390715716909394
2024-02-24 03:00:00+00:00,206185,6.2,9.577330127279703
2024-02-24 04:00:00+00:00,18021,11.2,4.320170983251726
2024-02-24 04:00:00+00:00,10808,9.1,8.647507033674247
2024-02-24 04:00:00+00:00,40713,4.2,1.7542586754555678
2024-02-24 04:00:00+00:00,6352,2.5999999999999996,2.895786733766288
2024-02-24 05:00:00+00:00,18469,1.6000000000000003,2.074697959265396
2024-02-24 05:00:00+00:00,46773,3.3,5.967913157527114
2024-02-24 05:00:00+00:00,206185,5.9,10.370252673514877
2024-02-24 05:00:00+00:00,204009,13.299999999999999,5.970442367269639
2024-02-24 06:00:00+00:00,44157,21.499999999999996,11.240308705288088
2024-02-24 06:00:00+00:00,6352,2.3,3.797482397435882
2024-02-24 06:00:00+00:00,5758,6.300000000000001,8.864406117852534
2024-02-24 06:00:00+00:00,89717,3.5000000000000004,5.951978230418268
2024-02-24 07:00:00+00:00,18237,6.1000000000000005,4.765424339139231
2024-02-24 07:00:00+00:00,18115,1.6000000000000003,3.7970295615514673
2024-02-24 07:00:00+00:00,204009,10.3,7.286019322777774
2024-02-24 07:00:00+00:00,39993,15.300000000000004,12.03914458073275
2024-02-24 08:00:00+00:00,105030,10.000000000000002,2.8881563212502215
2024-02-24 08:00:00+00:00,89717,1.6000000000000003,6.76784301957936
2024-02-24 08:00:00+00:00,39993,16.8,14.631706812512638
2024-02-24 08:00:00+00:00,49155,3.3,3.113989709668648
2024-02-24 09:00:00+00:00,47171,1.6000000000000003,4.983823165754915
2024-02-24 09:00:00+00:00,6352,2.1,3.5733103092453757
2024-02-24 09:00:00+00:00,204009,16.2,6.839346949451189
2024-02-24 09:00:00+00:00,49155,3.0,3.9681398043818628
2024-02-24 10:00:00+00:00,44157,17.7,7.99571326458141
2024-02-24 10:00:00+00:00,206185,15.099999999999998,8.149392811323212
2024-02-24 10:00:00+00:00,46773,5.299999999999999,4.468291182897655
2024-02-24 10:00:00+00:00,40713,8.400000000000002,4.630577556602574
2024-02-24 11:00:00+00:00,5758,6.499999999999999,5.392343868318322
2024-02-24 11:00:00+00:00,206185,16.0,8.979125661644105
2024-02-24 11:00:00+00:00,105030,8.000000000000002,2.946839179566455
2024-02-24 11:00:00+00:00,6352,2.5,2.600554043930492
2024-02-24 12:00:00+00:00,44157,14.799999999999997,8.267734508928655
2024-02-24 12:00:00+00:00,89717,1.6999999999999995,3.331192173608054
2024-02-24 12:00:00+00:00,46773,3.5000000000000004,7.138420702165313
2024-02-24 12:00:00+00:00,6352,3.0,2.500477651005501
2024-02-24 13:00:00+00:00,6288,3.9999999999999996,3.3356778912494947
2024-02-24 13:00:00+00:00,49155,5.299999999999999,3.3564729641817195
2024-02-24 13:00:00+00:00,20897,13.399999999999999,3.657094895413163
2024-02-24 13:00:00+00:00,6352,2.8999999999999995,2.4874781341019356
2024-02-24 14:00:00+00:00,6352,2.7000000000000006,2.483106259156134
2024-02-24 14:00:00+00:00,39993,9.699999999999998,5.750308380039851
2024-02-24 14:00:00+00:00,44157,14.0,5.709194639929202
2024-02-24 14:00:00+00:00,204009,7.9,3.767871648574299
2024-02-24 15:00:00+00:00,49155,7.599999999999999,2.7406784383326226
2024-02-24 15:00:00+00:00,6352,4.5,5.541278159686289
2024-02-24 15:00:00+00:00,10808,7.599999999999999,9.776368944705265
2024-02-24 15:00:00+00:00,42079,0.7000000000000005,4.874600851278982
2024-02-24 16:00:00+00:00,105030,5.499999999999999,2.479158386594658
2024-02-24 16:00:00+00:00,10808,5.700000000000001,5.960385957783359
2024-02-24 16:00:00+00:00,20897,10.199999999999998,2.4372402008943292
2024-02-24 16:00:00+00:00,204009,8.800000000000002,6.489657915522785
2024-02-24 17:00:00+00:00,18021,5.700000000000001,4.024667259019445
2024-02-24 17:00:00+00:00,18115,5.4,3.590213384124778
2024-02-24 17:00:00+00:00,89717,7.5,4.485481271095542
2024-02-24 17:00:00+00:00,46773,1.6999999999999995,3.7383357218768007
2024-02-24 18:00:00+00:00,18237,5.0,2.610360447666006
2024-02-24 18:00:00+00:00,18469,9.1,2.686398993846419
2024-02-24 18:00:00+00:00,39993,4.9,4.4792456863487065
2024-02-24 18:00:00+00:00,20897,7.2,2.4041076918154007
2024-02-24 19:00:00+00:00,10808,2.1,3.016525563197746
2024-02-24 19:00:00+00:00,44157,14.400000000000002,2.768672033745992
2024-02-24 19:00:00+00:00,39993,3.6000000000000005,3.0985019095103477
2024-02-24 19:00:00+00:00,47171,4.1,1.9102733980046833
2024-02-24 20:00:00+00:00,204009,2.5999999999999996,2.520403011287237
2024-02-24 20:00:00+00:00,44157,16.2,2.631817976762558
2024-02-24 20:00:00+00:00,89717,4.6,2.565194878064657
2024-02-24 20:00:00+00:00,47171,3.9000000000000004,1.777787013742273
2024-02-24 21:00:00+00:00,105030,2.3,1.5555192995508362
2024-02-24 21:00:00+00:00,22647,4.2,2.22780619039129
2024-02-24 21:00:00+00:00,89717,3.7,2.33234109447306
2024-02-24 21:00:00+00:00,20897,3.5000000000000004,1.4706725761567196
2024-02-24 22:00:00+00:00,89717,1.3,1.299196032790716
2024-02-24 22:00:00+00:00,18469,2.5999999999999996,2.0594135680430643
2024-02-24 22:00:00+00:00,6352,0.7000000000000005,1.6536528630496017
2024-02-24 22:00:00+00:00,18237,0.8,1.5900805840219445
2024-02-24 23:00:00+00:00,46773,1.2,2.18975592852141
2024-02-24 23:00:00+00:00,49155,2.8,1.5336019929560316
2024-02-24 23:00:00+00:00,204009,0.7000000000000005,1.4375467619464937
2024-02-24 23:00:00+00:00,6352,0.20000000000000007,1.168598068428469
2024-02-25 00:00:00+00:00,5758,2.8999999999999995,1.685194064817601
2024-02-25 00:00:00+00:00,22647,0.6000000000000002,1.6705772098112643
2024-02-25 00:00:00+00:00,46773,1.3999999999999997,2.8584276164921487
2024-02-25 00:00:00+00:00,42079,0.5,1.7332702149248924
2024-02-25 01:00:00+00:00,40713,4.9,2.418453745725167
2024-02-25 01:00:00+00:00,22647,1.6000000000000003,2.792408426669266
2024-02-25 01:00:00+00:00,42079,0.9,3.366324376466134
2024-02-25 01:00:00+00:00,204009,2.8999999999999995,4.047393366425855
2024-02-25 02:00:00+00:00,204009,9.199999999999998,2.438591519788376
2024-02-25 02:00:00+00:00,44157,22.0,2.9181938571093355
2024-02-25 02:00:00+00:00,40713,1.5,4.283163905098432
2024-02-25 02:00:00+00:00,46773,3.0,4.7836137220043895
2024-02-25 03:00:00+00:00,206185,2.2,4.572998852848743
2024-02-25 03:00:00+00:00,22647,0.7000000000000005,5.791057009318209
2024-02-25 03:00:00+00:00,18237,5.200000000000001,6.597060808010749
2024-02-25 03:00:00+00:00,44157,7.3999999999999995,8.051801602583817
2024-02-25 04:00:00+00:00,10808,1.5,2.056278541068832
2024-02-25 04:00:00+00:00,105030,2.2,2.9558393693743508
2024-02-25 04:00:00+00:00,49155,3.6000000000000005,3.643922623175822
2024-02-25 04:00:00+00:00,204009,20.300000000000004,2.91123663690252
2024-02-25 05:00:00+00:00,5758,0.8,3.584843431666834
2024-02-25 05:00:00+00:00,18237,7.9,2.829472534328021
2024-02-25 05:00:00+00:00,18469,1.8000000000000003,1.6032485364179587
2024-02-25 05:00:00+00:00,10808,2.7000000000000006,4.300922026178978
2024-02-25 06:00:00+00:00,10808,3.8,2.541760910482186
2024-02-25 06:00:00+00:00,46773,0.6000000000000002,2.9049888119898375
2024-02-25 06:00:00+00:00,20897,8.9,1.3149258853401242
2024-02-25 06:00:00+00:00,6352,3.2000000000000006,3.2996279839903737
2024-02-25 07:00:00+00:00,39993,3.0999999999999996,3.0539190631061084
2024-02-25 07:00:00+00:00,89717,2.1,2.312670692236915
2024-02-25 07:00:00+00:00,42079,0.9999999999999998,2.6177392376092348
2024-02-25 07:00:00+00:00,18021,6.300000000000001,2.973195277383622
2024-02-25 08:00:00+00:00,20897,3.9000000000000004,1.274443434931069
2024-02-25 08:00:00+00:00,46773,0.5,2.0781745080795746
2024-02-25 08:00:00+00:00,18115,1.3999999999999997,1.5806390766658207
2024-02-25 08:00:00+00:00,18237,6.2,1.7569032884701807
2024-02-25 09:00:00+00:00,18469,0.8,1.3548877274592726
2024-02-25 09:00:00+00:00,6288,1.3,1.3140313107951507
2024-02-25 09:00:00+00:00,105030,2.5999999999999996,1.3204888853201164
2024-02-25 09:00:00+00:00,206185,1.8000000000000003,2.163034818289527
2024-02-25 10:00:00+00:00,49155,1.6000000000000003,1.4481153546029215
2024-02-25 10:00:00+00:00,18469,1.2,1.4091612786216947
2024-02-25 10:00:00+00:00,18021,1.6999999999999995,1.4240578086486932
2024-02-25 10:00:00+00:00,20897,1.8999999999999997,1.3341520536044065
2024-02-25 11:00:00+00:00,204009,1.3,1.762448134336753
2024-02-25 11:00:00+00:00,89717,1.8000000000000003,1.5768810184694466
2024-02-25 11:00:00+00:00,20897,2.2,1.1758581477002081
2024-02-25 11:00:00+00:00,42079,0.40000000000000036,1.5758391929061002
2024-02-25 12:00:00+00:00,49155,0.9999999999999998,1.2863109906250625
2024-02-25 12:00:00+00:00,40713,0.40000000000000036,1.649633041823661
2024-02-25 12:00:00+00:00,39993,1.2,1.7808189546065762
2024-02-25 12:00:00+00:00,89717,2.1,1.3113678998472582
2024-02-25 13:00:00+00:00,42079,0.3,1.4364248696568969
2024-02-25 13:00:00+00:00,6288,2.4,1.338083103734469
2024-02-25 13:00:00+00:00,47171,0.9999999999999998,1.8683083814311174
2024-02-25 13:00:00+00:00,206185,0.7000000000000005,2.2032787550707047
2024-02-25 14:00:00+00:00,20897,2.0000000000000004,1.0585155526543755
2024-02-25 14:00:00+00:00,89717,2.3,1.5927061329626304
2024-02-25 14:00:00+00:00,206185,0.9,3.3028661795006053
2024-02-25 14:00:00+00:00,6352,0.7000000000000005,1.2518826634864448
2024-02-25 15:00:00+00:00,18469,0.8,1.346875839869148
2024-02-25 15:00:00+00:00,10808,1.5,1.4816271634866656
2024-02-25 15:00:00+00:00,18115,1.6999999999999995,1.2681622888084163
2024-02-25 15:00:00+00:00,40713,0.5,1.5441938332546423
2024-02-25 16:00:00+00:00,46773,0.0999999999999999,2.66912090568089
2024-02-25 16:00:00+00:00,39993,1.8000000000000003,2.8998270278937275
2024-02-25 16:00:00+00:00,6288,2.0000000000000004,1.6447367271617537
2024-02-25 16:00:00+00:00,206185,0.5,3.5076441262466695
2024-02-25 17:00:00+00:00,39993,1.5,1.98730264728411
2024-02-25 17:00:00+00:00,204009,0.8,1.6812494164727458
2024-02-25 17:00:00+00:00,18237,1.1,1.0391717179330116
2024-02-25 17:00:00+00:00,89717,1.2,1.5773253417300508
2024-02-25 18:00:00+00:00,47171,0.40000000000000036,1.4181727102651207
2024-02-25 18:00:00+00:00,6288,0.0999999999999999,1.1603899522071015
2024-02-25 18:00:00+00:00,18115,0.0999999999999999,0.8616871059538421
2024-02-25 18:00:00+00:00,40713,0.9,1.3032019461856796
2024-02-25 19:00:00+00:00,5758,0.40000000000000036,1.2272779413180968
2024-02-25 19:00:00+00:00,47171,0.9999999999999998,1.7075756442852148
2024-02-25 19:00:00+00:00,105030,0.7000000000000005,1.0206350222703349
2024-02-25 19:00:00+00:00,206185,0.3,3.5436765269834822
2024-02-25 20:00:00+00:00,49155,0.0999999999999999,1.0789626105788428
2024-02-25 20:00:00+00:00,40713,0.6000000000000002,1.616061962377415
2024-02-25 20:00:00+00:00,105030,0.3,1.379480022774908
2024-02-25 20:00:00+00:00,22647,0.0999999999999999,0.9951049889703446
2024-02-25 21:00:00+00:00,39993,0.0999999999999999,1.4157393715516677
2024-02-25 21:00:00+00:00,49155,0.0999999999999999,0.8272729625384979
2024-02-25 21:00:00+00:00,89717,1.1,1.0157668638744826
2024-02-25 21:00:00+00:00,42079,0.0999999999999999,0.9560064915432276
2024-02-25 22:00:00+00:00,18237,0.20000000000000007,0.9049377694436618
2024-02-25 22:00:00+00:00,18469,0.3,1.0953328644881097
2024-02-25 22:00:00+00:00,204009,0.0999999999999999,1.1186771342832347
2024-02-25 22:00:00+00:00,42079,0.0999999999999999,1.4447552041644571
2024-02-25 23:00:00+00:00,206185,0.6000000000000002,2.895093654144892
2024-02-25 23:00:00+00:00,204009,0.20000000000000007,1.3664480456039172
2024-02-25 23:00:00+00:00,39993,0.0999999999999999,2.3280665771010542
2024-02-25 23:00:00+00:00,40713,0.6000000000000002,0.9930599814775322
2024-02-26 00:00:00+00:00,89717,0.9,1.1316023231158998
2024-02-26 00:00:00+00:00,22647,0.20000000000000007,1.276280263586435
2024-02-26 00:00:00+00:00,44157,25.299999999999997,1.0404998258018776
2024-02-26 00:00:00+00:00,47171,11.2,1.1547429652520222
2024-02-26 01:00:00+00:00,105030,0.8,2.6363440249828085
2024-02-26 01:00:00+00:00,39993,0.9999999999999998,2.5158835956240697
2024-02-26 01:00:00+00:00,47171,1.3,3.0836949723416174
2024-02-26 01:00:00+00:00,18237,0.6000000000000002,1.7467661508718864
2024-02-26 02:00:00+00:00,40713,0.5,2.91628086839679
2024-02-26 02:00:00+00:00,10808,0.40000000000000036,1.6017083157650336
2024-02-26 02:00:00+00:00,105030,0.8,2.7602205657870558
2024-02-26 02:00:00+00:00,6352,0.40000000000000036,1.0977326568384682
2024-02-26 03:00:00+00:00,6352,4.2,1.254349309086184
2024-02-26 03:00:00+00:00,105030,0.3,1.8294990115604224
2024-02-26 03:00:00+00:00,20897,2.5999999999999996,1.6072065265739057
2024-02-26 03:00:00+00:00,89717,0.9,1.5664446316097638
2024-02-26 04:00:00+00:00,5758,0.0999999999999999,1.252463774403563
2024-02-26 04:00:00+00:00,44157,149.0999999999998,1.1640435051080882
2024-02-26 04:00:00+00:00,42079,0.0,1.9650402014016906
2024-02-26 04:00:00+00:00,105030,0.5,1.7992119182940278
2024-02-26 05:00:00+00:00,46773,0.20000000000000007,3.1928703530243525
2024-02-26 05:00:00+00:00,49155,3.2000000000000006,1.0436265519386925
2024-02-26 05:00:00+00:00,47171,0.3,3.4701879966655986
2024-02-26 05:00:00+00:00,105030,0.6000000000000002,1.1493760153287058
2024-02-26 06:00:00+00:00,22647,0.0,1.0997668879909974
2024-02-26 06:00:00+00:00,18021,0.0999999999999999,1.070023721381009
2024-02-26 06:00:00+00:00,40713,0.20000000000000007,0.9522669530728061
2024-02-26 06:00:00+00:00,10808,0.0,1.1618056996035961
2024-02-26 07:00:00+00:00,46773,0.0999999999999999,1.3220576041738696
2024-02-26 07:00:00+00:00,18469,0.0,0.9806312798674979
2024-02-26 07:00:00+00:00,206185,0.0,1.5981505042261719
2024-02-26 07:00:00+00:00,20897,0.0999999999999999,0.896674274274746
2024-02-26 08:00:00+00:00,47171,0.0,1.7249412659998402
2024-02-26 08:00:00+00:00,22647,0.0,1.218925688621927
2024-02-26 08:00:00+00:00,10808,0.0,1.0995746297344051
2024-02-26 08:00:00+00:00,18115,0.0,1.0218426844590287
2024-02-26 09:00:00+00:00,105030,0.7000000000000005,1.1490505841525867
2024-02-26 09:00:00+00:00,46773,0.3,1.4780749061647656
2024-02-26 09:00:00+00:00,20897,1.5,1.050696007423464
2024-02-26 09:00:00+00:00,89717,0.0999999999999999,0.9928036128593789
2024-02-26 10:00:00+00:00,20897,0.0,0.9462193902143865
2024-02-26 10:00:00+00:00,10808,0.0,0.8638464981344113
2024-02-26 10:00:00+00:00,6288,3.9000000000000004,1.0367685637677666
2024-02-26 10:00:00+00:00,44157,74.10000000000002,0.9070715152365166
2024-02-26 11:00:00+00:00,46773,0.0999999999999999,1.3207483644269207
2024-02-26 11:00:00+00:00,44157,52.10000000000001,0.9589109963858794
2024-02-26 11:00:00+00:00,89717,0.0999999999999999,0.8545862464165626
2024-02-26 11:00:00+00:00,5758,0.0,0.9639201939401767
2024-02-26 12:00:00+00:00,204009,0.0,1.2248044790981538
2024-02-26 12:00:00+00:00,206185,0.0,1.8155848389370746
2024-02-26 12:00:00+00:00,18115,0.0,0.9120215974032025
2024-02-26 12:00:00+00:00,40713,0.0999999999999999,1.005276452498953
2024-02-26 13:00:00+00:00,49155,0.0999999999999999,0.7879123613598797
2024-02-26 13:00:00+00:00,6352,0.0,0.828137768661457
2024-02-26 13:00:00+00:00,10808,0.0,1.1195608796167713
2024-02-26 13:00:00+00:00,204009,0.0,1.0546433575958636
2024-02-26 14:00:00+00:00,5758,0.0,1.0867243366918629
2024-02-26 14:00:00+00:00,47171,0.3,1.2912262463901965
2024-02-26 14:00:00+00:00,22647,0.0,1.107867380969004
2024-02-26 14:00:00+00:00,49155,0.20000000000000007,0.8773572147393033
2024-02-26 15:00:00+00:00,40713,0.20000000000000007,0.9900307693238456
2024-02-26 15:00:00+00:00,6352,0.0,1.0021669655497703
2024-02-26 15:00:00+00:00,18115,0.0,1.109065317234714
2024-02-26 15:00:00+00:00,22647,0.0,1.3726600976904988
2024-02-26 16:00:00+00:00,20897,1.6999999999999995,0.9162793966731226
2024-02-26 16:00:00+00:00,18469,1.5,0.9018173692468453
2024-02-26 16:00:00+00:00,47171,0.5,1.158120900890028
2024-02-26 16:00:00+00:00,44157,14.599999999999998,0.8812324960032326
2024-02-26 17:00:00+00:00,42079,0.0,1.0765252389250362
2024-02-26 17:00:00+00:00,206185,0.0999999999999999,1.361395327683036
2024-02-26 17:00:00+00:00,47171,0.40000000000000036,1.1644694945825584
2024-02-26 17:00:00+00:00,18115,0.0,0.8697669884300281
2024-02-26 18:00:00+00:00,206185,0.0999999999999999,2.2701432867164426
2024-02-26 18:00:00+00:00,20897,0.0999999999999999,1.3489148968984517
2024-02-26 18:00:00+00:00,39993,0.0999999999999999,1.7387985191597033
2024-02-26 18:00:00+00:00,18021,0.0,0.9323871512506786
2024-02-26 19:00:00+00:00,204009,0.0999999999999999,1.787663406819131
2024-02-26 19:00:00+00:00,5758,0.0999999999999999,1.1202397932576758
2024-02-26 19:00:00+00:00,6352,0.0,0.867315466429883
2024-02-26 19:00:00+00:00,49155,0.0,0.8312043484376366
2024-02-26 20:00:00+00:00,18115,0.0,0.7925069773616137
2024-02-26 20:00:00+00:00,49155,0.0,1.5549182035271158
2024-02-26 20:00:00+00:00,105030,0.0999999999999999,2.768415054707488
2024-02-26 20:00:00+00:00,20897,0.20000000000000007,2.1808002242873847
2024-02-26 21:00:00+00:00,18115,0.0,0.8210349975106731
2024-02-26 21:00:00+00:00,49155,0.0999999999999999,0.8901008892606653
2024-02-26 21:00:00+00:00,5758,0.0,0.9133101921760237
2024-02-26 21:00:00+00:00,47171,0.0999999999999999,1.2702269209325532
2024-02-26 22:00:00+00:00,18469,3.0999999999999996,1.7149709678890408
2024-02-26 22:00:00+00:00,49155,0.0999999999999999,1.8458185789055306
2024-02-26 22:00:00+00:00,6288,0.0999999999999999,1.2046856906493142
2024-02-26 22:00:00+00:00,18237,0.3,0.960765357963441
2024-02-26 23:00:00+00:00,44157,43.50000000000001,0.8010949354835423
2024-02-26 23:00:00+00:00,18115,0.0999999999999999,0.7766066230862442
2024-02-26 23:00:00+00:00,6288,0.0999999999999999,0.986696440154266
2024-02-26 23:00:00+00:00,20897,0.3,1.210924695940044
2024-02-27 00:00:00+00:00,105030,0.40000000000000036,0.8661642616956068
2024-02-27 00:00:00+00:00,206185,0.0999999999999999,3.0964697828661656
2024-02-27 00:00:00+00:00,18021,0.0999999999999999,1.103733519743868
2024-02-27 00:00:00+00:00,5758,0.0,1.1535700655156251
2024-02-27 01:00:00+00:00,206185,0.0,1.7416001302556132
2024-02-27 01:00:00+00:00,42079,0.0999999999999999,1.2341429646956783
2024-02-27 01:00:00+00:00,49155,1.1,0.9720502948981866
2024-02-27 01:00:00+00:00,18469,0.8,1.394006600802437
2024-02-27 02:00:00+00:00,42079,0.0999999999999999,0.9993632326696742
2024-02-27 02:00:00+00:00,47171,0.0999999999999999,1.4314196654042755
2024-02-27 02:00:00+00:00,22647,0.0,0.9723964961186463
2024-02-27 02:00:00+00:00,20897,0.40000000000000036,0.9578476096286273
2024-02-27 03:00:00+00:00,5758,0.0,1.079548636977605
2024-02-27 03:00:00+00:00,6288,0.40000000000000036,1.2035249743599779
2024-02-27 03:00:00+00:00,18115,0.3,0.974191020754771
2024-02-27 03:00:00+00:00,18237,0.5,1.1127069352513523
2024-02-27 04:00:00+00:00,40713,0.3,1.0149236952056433
2024-02-27 04:00:00+00:00,10808,0.0999999999999999,3.61036971469145
2024-02-27 04:00:00+00:00,18021,0.20000000000000007,2.5857261851013837
2024-02-27 04:00:00+00:00,18237,0.3,1.0972938840114497
2024-02-27 05:00:00+00:00,6288,0.7000000000000005,1.3988772843435118
2024-02-27 05:00:00+00:00,204009,0.0,1.4128945896990177
2024-02-27 05:00:00+00:00,105030,0.0,1.014949195134114
2024-02-27 05:00:00+00:00,18115,0.0,0.9961128251674793
2024-02-27 06:00:00+00:00,46773,0.0,1.6008651648091914
2024-02-27 06:00:00+00:00,18469,0.5,0.8289719403210041
2024-02-27 06:00:00+00:00,47171,18.600000000000005,1.7059072227664533
2024-02-27 06:00:00+00:00,44157,4.700000000000001,0.9478592985177584
2024-02-27 07:00:00+00:00,5758,0.0999999999999999,1.1181497761099528
2024-02-27 07:00:00+00:00,20897,0.0,1.0437105323942615
2024-02-27 07:00:00+00:00,18469,0.7000000000000005,0.8655869811599796
2024-02-27 07:00:00+00:00,204009,0.9,1.1839006642293828
2024-02-27 08:00:00+00:00,39993,1.3,1.2567013912839569
2024-02-27 08:00:00+00:00,40713,0.0999999999999999,0.8941626554209308
2024-02-27 08:00:00+00:00,18237,0.0,0.9025996100539215
2024-02-27 08:00:00+00:00,204009,0.3,0.9617797981491598
2024-02-27 09:00:00+00:00,40713,0.0999999999999999,0.8962253251205762
2024-02-27 09:00:00+00:00,46773,0.0999999999999999,2.2235193781079787
2024-02-27 09:00:00+00:00,18021,0.0,0.8967013840411037
2024-02-27 09:00:00+00:00,89717,0.8,0.8659822795940351
2024-02-27 10:00:00+00:00,206185,0.0,1.5738073882079546
2024-02-27 10:00:00+00:00,20897,0.7000000000000005,1.2248644354170923
2024-02-27 10:00:00+00:00,42079,0.0,0.9920542798438748
2024-02-27 10:00:00+00:00,39993,0.20000000000000007,1.1744325499875619
2024-02-27 11:00:00+00:00,89717,0.8,0.9443617051758723
2024-02-27 11:00:00+00:00,6288,0.9999999999999998,2.0616828435802588
2024-02-27 11:00:00+00:00,18469,0.9,0.9276334447898094
2024-02-27 11:00:00+00:00,18115,0.0,0.872056994517518
2024-02-27 12:00:00+00:00,20897,1.3999999999999997,1.3126597961887916
2024-02-27 12:00:00+00:00,204009,0.0,0.8094513804169813
2024-02-27 12:00:00+00:00,46773,0.0999999999999999,2.61787012869625
2024-02-27 12:00:00+00:00,40713,0.0999999999999999,1.2967497335269473
2024-02-27 13:00:00+00:00,39993,0.0,1.6418216904751721
2024-02-27 13:00:00+00:00,204009,0.0,1.1953493917123137
2024-02-27 13:00:00+00:00,47171,0.0,1.1360482186202723
2024-02-27 13:00:00+00:00,89717,0.8,1.1581260419770485
2024-02-27 14:00:00+00:00,39993,0.0,1.5660491762449642
2024-02-27 14:00:00+00:00,89717,0.40000000000000036,0.9611799477167474
2024-02-27 14:00:00+00:00,10808,0.5,1.4052990872084246
2024-02-27 14:00:00+00:00,105030,0.0,0.7803036198633241
2024-02-27 15:00:00+00:00,18115,0.0,0.764869367654571
2024-02-27 15:00:00+00:00,47171,0.0,0.9930605749616668
2024-02-27 15:00:00+00:00,40713,0.0999999999999999,0.8611996062610338
2024-02-27 15:00:00+00:00,44157,9.5,0.8628494165197782
2024-02-27 16:00:00+00:00,39993,0.0,1.417639555643943
2024-02-27 16:00:00+00:00,206185,0.0,1.8687969747649502
2024-02-27 16:00:00+00:00,204009,0.0,1.063452234418935
2024-02-27 16:00:00+00:00,6352,0.0,0.7980431723623131
2024-02-27 17:00:00+00:00,22647,0.0,1.0080881785840183
2024-02-27 17:00:00+00:00,10808,0.0999999999999999,0.9008141251048323
2024-02-27 17:00:00+00:00,6352,0.0,0.8963834334533073
2024-02-27 17:00:00+00:00,18469,0.0,1.0159418430595883
2024-02-27 18:00:00+00:00,6352,0.0,0.7396845529672224
2024-02-27 18:00:00+00:00,40713,81.89999999999999,1.2034377074299618
2024-02-27 18:00:00+00:00,105030,0.0,0.9596385256590045
2024-02-27 18:00:00+00:00,44157,5.999999999999999,0.7695088301274522
2024-02-27 19:00:00+00:00,22647,0.0,0.8467971478003932
2024-02-27 19:00:00+00:00,18237,0.0999999999999999,0.8408594891016826
2024-02-27 19:00:00+00:00,40713,0.20000000000000007,0.8909132207839097
2024-02-27 19:00:00+00:00,46773,0.3,1.6527751046127896
2024-02-27 20:00:00+00:00,18237,0.7000000000000005,0.8521786199922186
2024-02-27 20:00:00+00:00,5758,0.0,1.1376758860971554
2024-02-27 20:00:00+00:00,206185,0.0,1.494989545986848
2024-02-27 20:00:00+00:00,89717,0.20000000000000007,0.8702160777114365
2024-02-27 21:00:00+00:00,18115,0.0,1.0220037405389466
2024-02-27 21:00:00+00:00,6352,0.0,1.1486906513124306
2024-02-27 21:00:00+00:00,22647,0.0,1.179655983193126
2024-02-27 21:00:00+00:00,18469,0.8,0.969250326683949
2024-02-27 22:00:00+00:00,105030,0.0,1.156999793918238
2024-02-27 22:00:00+00:00,18469,0.0,1.230189093414511
2024-02-27 22:00:00+00:00,49155,0.0,1.031610763234718
2024-02-27 22:00:00+00:00,22647,0.0,0.8734249246558684
2024-02-27 23:00:00+00:00,20897,0.0,0.8663534863329637
2024-02-27 23:00:00+00:00,206185,0.0,2.27468858308868
2024-02-27 23:00:00+00:00,6352,0.0,0.7723401049678508
2024-02-27 23:00:00+00:00,39993,0.0999999999999999,1.6792553313057441
2024-02-28 00:00:00+00:00,46773,0.0999999999999999,1.9717561898862612
2024-02-28 00:00:00+00:00,49155,0.0,0.8212410676858757
2024-02-28 00:00:00+00:00,18115,0.0,0.7632918929111108
2024-02-28 00:00:00+00:00,10808,0.0,1.097419104476363
2024-02-28 01:00:00+00:00,18237,0.40000000000000036,0.9887944348487064
2024-02-28 01:00:00+00:00,18469,0.0,0.9366874182124522
2024-02-28 01:00:00+00:00,206185,0.0,1.777155965116028
2024-02-28 01:00:00+00:00,6352,0.0,1.1374088712698973
2024-02-28 02:00:00+00:00,42079,0.0,1.2957678410230709
2024-02-28 02:00:00+00:00,6352,2.1,1.0604583740064435
2024-02-28 02:00:00+00:00,89717,2.5999999999999996,1.2016295011848772
2024-02-28 02:00:00+00:00,105030,0.0,0.8409598055720718
2024-02-28 03:00:00+00:00,22647,0.40000000000000036,1.132261283548758
2024-02-28 03:00:00+00:00,20897,0.0999999999999999,0.9468340852741929
2024-02-28 03:00:00+00:00,47171,7.5,1.9082943062839204
2024-02-28 03:00:00+00:00,206185,2.5,2.284097368489998
2024-02-28 04:00:00+00:00,18469,0.0,0.9392300158069707
2024-02-28 04:00:00+00:00,44157,38.7,1.617433359337397
2024-02-28 04:00:00+00:00,18237,1.3,1.1300858377108784
2024-02-28 04:00:00+00:00,47171,19.5,1.625068633567932
2024-02-28 05:00:00+00:00,105030,0.20000000000000007,1.6314274778441158
2024-02-28 05:00:00+00:00,47171,17.999999999999996,3.859897434147918
2024-02-28 05:00:00+00:00,40713,0.0999999999999999,1.9202999475297564
2024-02-28 05:00:00+00:00,22647,0.0,1.650737865506659
2024-02-28 06:00:00+00:00,20897,2.5,1.1094446800017668
2024-02-28 06:00:00+00:00,46773,0.9,2.772022780483077
2024-02-28 06:00:00+00:00,39993,0.6000000000000002,2.831958673570661
2024-02-28 06:00:00+00:00,206185,0.20000000000000007,3.3421470391378976
2024-02-28 07:00:00+00:00,6352,2.5,1.8226148790263568
2024-02-28 07:00:00+00:00,22647,0.0999999999999999,1.8051872394535264
2024-02-28 07:00:00+00:00,44157,14.499999999999998,1.2342078297163208
2024-02-28 07:00:00+00:00,18237,1.6000000000000003,1.479385780058239
2024-02-28 08:00:00+00:00,42079,0.0,1.5215280615649438
2024-02-28 08:00:00+00:00,18237,1.8999999999999997,1.334453726030881
2024-02-28 08:00:00+00:00,206185,0.0,2.604240394117985
2024-02-28 08:00:00+00:00,105030,0.40000000000000036,0.8740361596269128
2024-02-28 09:00:00+00:00,6288,0.7000000000000005,1.9224016406426139
2024-02-28 09:00:00+00:00,42079,0.0,1.3143731104814032
2024-02-28 09:00:00+00:00,20897,0.40000000000000036,1.3702902023117112
2024-02-28 09:00:00+00:00,40713,0.0,1.1864289126143244
2024-02-28 10:00:00+00:00,40713,0.0,0.9773951327000487
2024-02-28 10:00:00+00:00,22647,0.0999999999999999,1.248112944336689
2024-02-28 10:00:00+00:00,6352,0.8,1.0885454488833695
2024-02-28 10:00:00+00:00,6288,0.8,2.178135548655703
2024-02-28 11:00:00+00:00,49155,0.0,0.8475749133785654
2024-02-28 11:00:00+00:00,22647,0.3,1.1408106305263326
2024-02-28 11:00:00+00:00,39993,0.0999999999999999,2.3457569821435635
2024-02-28 11:00:00+00:00,10808,0.20000000000000007,1.817367027467471
2024-02-28 12:00:00+00:00,89717,1.1,1.068029697502261
2024-02-28 12:00:00+00:00,42079,0.0,1.0721051236746493
2024-02-28 12:00:00+00:00,6288,0.7000000000000005,1.2495372783238294
2024-02-28 12:00:00+00:00,47171,11.2,1.9423469389374537
2024-02-28 13:00:00+00:00,47171,15.599999999999996,1.7795883169690287
2024-02-28 13:00:00+00:00,10808,0.0,1.2042320951563963
2024-02-28 13:00:00+00:00,18237,1.2,0.9662379808503827
2024-02-28 13:00:00+00:00,20897,3.5000000000000004,0.9659396926975422
2024-02-28 14:00:00+00:00,6288,0.40000000000000036,1.6158734514959292
2024-02-28 14:00:00+00:00,42079,0.0,1.4414821802792381
2024-02-28 14:00:00+00:00,40713,0.0999999999999999,1.3493720312005417
2024-02-28 14:00:00+00:00,39993,0.40000000000000036,1.802840567370019
2024-02-28 15:00:00+00:00,105030,0.20000000000000007,1.5003363076478333
2024-02-28 15:00:00+00:00,206185,0.3,1.7364047134085892
2024-02-28 15:00:00+00:00,22647,0.3,1.5930250066852507
2024-02-28 15:00:00+00:00,42079,0.0,2.954788776366088
2024-02-28 16:00:00+00:00,89717,1.3,0.9887180407265125
2024-02-28 16:00:00+00:00,105030,0.8,1.273663350137713
2024-02-28 16:00:00+00:00,49155,0.20000000000000007,1.3239321937742536
2024-02-28 16:00:00+00:00,6288,2.5999999999999996,1.2908360208426455
2024-02-28 17:00:00+00:00,47171,0.7000000000000005,1.9579584170953075
2024-02-28 17:00:00+00:00,46773,0.0999999999999999,1.78612026811159
2024-02-28 17:00:00+00:00,18469,0.0999999999999999,0.914766993067744
2024-02-28 17:00:00+00:00,206185,0.0,1.4338880044924271
2024-02-28 18:00:00+00:00,105030,0.20000000000000007,1.3235457385372262
2024-02-28 18:00:00+00:00,22647,0.0,1.2879186003702878
2024-02-28 18:00:00+00:00,40713,2.0000000000000004,1.6063992353931777
2024-02-28 18:00:00+00:00,5758,0.0,1.2882650603589332
2024-02-28 19:00:00+00:00,22647,0.0999999999999999,1.5175273375777585
2024-02-28 19:00:00+00:00,206185,0.3,2.8661775515199626
2024-02-28 19:00:00+00:00,39993,0.6000000000000002,2.4171637614968864
2024-02-28 19:00:00+00:00,18115,0.7000000000000005,1.2849429780828185
2024-02-28 20:00:00+00:00,206185,0.20000000000000007,2.0798560195814915
2024-02-28 20:00:00+00:00,105030,1.6000000000000003,1.2283795043428791
2024-02-28 20:00:00+00:00,18115,1.8999999999999997,1.1523897926068372
2024-02-28 20:00:00+00:00,47171,2.0000000000000004,1.7349131594640272
2024-02-28 21:00:00+00:00,18021,0.20000000000000007,1.1801619746190242
2024-02-28 21:00:00+00:00,18469,3.4000000000000004,1.5014548544602826
2024-02-28 21:00:00+00:00,206185,0.40000000000000036,1.228985413686495
2024-02-28 21:00:00+00:00,47171,2.0000000000000004,1.4729811937011674
2024-02-28 22:00:00+00:00,40713,2.1,1.5456518696237516
2024-02-28 22:00:00+00:00,42079,2.4,1.5120282425808844
2024-02-28 22:00:00+00:00,18115,0.0999999999999999,1.0627205600318321
2024-02-28 22:00:00+00:00,10808,0.20000000000000007,1.0806468362379695
2024-02-28 23:00:00+00:00,18021,0.0,1.295471167823898
2024-02-28 23:00:00+00:00,47171,2.8,1.9974776503974443
2024-02-28 23:00:00+00:00,18115,0.9999999999999998,1.1682887738640984
2024-02-28 23:00:00+00:00,46773,0.9999999999999998,1.9557523782620538
2024-02-29 00:00:00+00:00,20897,2.8999999999999995,1.4437060350427284
2024-02-29 00:00:00+00:00,44157,8.400000000000002,1.1213588496262896
2024-02-29 00:00:00+00:00,49155,0.3,1.266854748468431
2024-02-29 00:00:00+00:00,18021,0.0999999999999999,0.9959422416348193
2024-02-29 01:00:00+00:00,22647,1.3999999999999997,1.3831442753962333
2024-02-29 01:00:00+00:00,46773,2.1,4.069549319036413
2024-02-29 01:00:00+00:00,49155,1.2,1.3551843653371656
2024-02-29 01:00:00+00:00,39993,1.5,1.8679031341989352
2024-02-29 02:00:00+00:00,204009,4.1,1.9022004671257071
2024-02-29 02:00:00+00:00,49155,2.1,1.5799467955551902
2024-02-29 02:00:00+00:00,22647,0.7000000000000005,2.063099487144519
2024-02-29 02:00:00+00:00,44157,31.89999999999999,2.3748517017624033
2024-02-29 03:00:00+00:00,42079,0.3,2.5492489125264144
2024-02-29 03:00:00+00:00,40713,0.8,1.622017164022949
2024-02-29 03:00:00+00:00,18021,6.599999999999998,3.221172307977196
2024-02-29 03:00:00+00:00,6352,2.5,2.5098092491342965
2024-02-29 04:00:00+00:00,206185,0.40000000000000036,4.277604012539896
2024-02-29 04:00:00+00:00,22647,0.7000000000000005,3.245283426777739
2024-02-29 04:00:00+00:00,105030,0.40000000000000036,1.4407334716058149
2024-02-29 04:00:00+00:00,20897,7.700000000000002,1.5879022996243233
2024-02-29 05:00:00+00:00,18021,9.699999999999998,2.937457872582231
2024-02-29 05:00:00+00:00,18237,4.2,2.9822721698977106
2024-02-29 05:00:00+00:00,46773,2.5,7.3791837532860125
2024-02-29 05:00:00+00:00,6288,10.499999999999998,4.532284326437131
2024-02-29 06:00:00+00:00,18237,4.9,3.5069411697132105
2024-02-29 06:00:00+00:00,40713,0.3,2.7001124398000984
2024-02-29 06:00:00+00:00,46773,11.2,8.424385629809944
2024-02-29 06:00:00+00:00,105030,1.1,2.277112168597344
2024-02-29 07:00:00+00:00,105030,0.9,1.307090489756156
2024-02-29 07:00:00+00:00,20897,10.9,1.7814429672290302
2024-02-29 07:00:00+00:00,204009,10.499999999999998,2.8041813962655597
2024-02-29 07:00:00+00:00,49155,3.9000000000000004,1.453375545388522
2024-02-29 08:00:00+00:00,20897,15.300000000000004,1.591183337794584
2024-02-29 08:00:00+00:00,10808,0.9999999999999998,1.9115870381366105
2024-02-29 08:00:00+00:00,204009,8.400000000000002,2.4017877099746348
2024-02-29 08:00:00+00:00,89717,3.8,2.015620813512528
2024-02-29 09:00:00+00:00,46773,1.8000000000000003,4.263700869326005
2024-02-29 09:00:00+00:00,10808,0.8,2.882919083781538
2024-02-29 09:00:00+00:00,5758,0.0999999999999999,2.111390530650577
2024-02-29 09:00:00+00:00,18469,0.3,1.219882317772526
2024-02-29 10:00:00+00:00,20897,2.8999999999999995,1.33834106873851
2024-02-29 10:00:00+00:00,18237,3.0,1.4151866162227789
2024-02-29 10:00:00+00:00,18469,0.20000000000000007,1.2693742849890286
2024-02-29 10:00:00+00:00,204009,2.2,1.6843762144643468
2024-02-29 11:00:00+00:00,44157,13.600000000000001,1.8150579465288086
2024-02-29 11:00:00+00:00,40713,0.3,1.7129768469687445
2024-02-29 11:00:00+00:00,89717,3.3,1.3215266302047253
2024-02-29 11:00:00+00:00,6288,1.8999999999999997,2.117128968664824
2024-02-29 12:00:00+00:00,18237,2.0000000000000004,1.8604711054791299
2024-02-29 12:00:00+00:00,204009,1.3,1.7682106129651494
2024-02-29 12:00:00+00:00,39993,6.300000000000001,2.334927009854721
2024-02-29 12:00:00+00:00,47171,3.9000000000000004,3.7661121876675976
2024-02-29 13:00:00+00:00,40713,1.1,2.526379657649107
2024-02-29 13:00:00+00:00,20897,2.5,1.9260414209929684
2024-02-29 13:00:00+00:00,105030,5.4,2.2335566463791277
2024-02-29 13:00:00+00:00,42079,0.20000000000000007,2.2462340699218686
2024-02-29 14:00:00+00:00,204009,1.3,1.4460732171099284
2024-02-29 14:00:00+00:00,42079,0.20000000000000007,2.4385664336526363
2024-02-29 14:00:00+00:00,44157,9.9,1.7864293253382468
2024-02-29 14:00:00+00:00,18237,2.4,1.831090624033065
2024-02-29 15:00:00+00:00,44157,20.7,1.635469511891906
2024-02-29 15:00:00+00:00,18115,2.8999999999999995,1.4489680548860988
2024-02-29 15:00:00+00:00,39993,1.8999999999999997,1.4625556596288938
2024-02-29 15:00:00+00:00,20897,2.5999999999999996,1.323737055254499
2024-02-29 16:00:00+00:00,49155,2.7000000000000006,1.0912634395550678
2024-02-29 16:00:00+00:00,44157,15.8,1.726590976772278
2024-02-29 16:00:00+00:00,204009,1.6999999999999995,1.4304156615405355
2024-02-29 16:00:00+00:00,206185,0.9,1.8724208838459704
2024-02-29 17:00:00+00:00,49155,1.6999999999999995,1.339315743984585
2024-02-29 17:00:00+00:00,204009,1.8000000000000003,1.7319019840154235
2024-02-29 17:00:00+00:00,206185,0.9999999999999998,2.7348990769451738
2024-02-29 17:00:00+00:00,40713,1.1,1.7778974413137187
2024-02-29 18:00:00+00:00,40713,1.3,1.4939136203608183
2024-02-29 18:00:00+00:00,6352,0.6000000000000002,1.2994616899324656
2024-02-29 18:00:00+00:00,44157,14.999999999999998,1.422821999217339
2024-02-29 18:00:00+00:00,18469,20.6,1.4786966729201445
2024-02-29 19:00:00+00:00,44157,10.4,1.3504919838122065
2024-02-29 19:00:00+00:00,40713,1.5,2.7735085251657714
2024-02-29 19:00:00+00:00,42079,0.9,3.0001633123417104
2024-02-29 19:00:00+00:00,20897,1.3,1.3854584748165277
2024-02-29 20:00:00+00:00,18115,1.3,1.8202590866138801
2024-02-29 20:00:00+00:00,5758,1.2,1.7107165958545019
2024-02-29 20:00:00+00:00,18021,1.1,2.2502447528174963
2024-02-29 20:00:00+00:00,42079,0.9,3.023566130856381
2024-02-29 21:00:00+00:00,22647,1.1,1.7166150469987782
2024-02-29 21:00:00+00:00,105030,1.5,1.314842478183257
2024-02-29 21:00:00+00:00,204009,1.5,1.8990197814690808
2024-02-29 21:00:00+00:00,18469,2.7000000000000006,1.4094966812016092
2024-02-29 22:00:00+00:00,20897,1.2,1.2742365374128921
2024-02-29 22:00:00+00:00,105030,1.3,1.4356175139818723
2024-02-29 22:00:00+00:00,10808,0.9,2.218607076515467
2024-02-29 22:00:00+00:00,22647,1.1,1.5603346864634176
