time_stamp,pm2.5_atm,pm2.5_cf_1,humidity
2023-11-15T17:00:00+00:00,8.6,8.6,28
2023-11-15T18:00:00+00:00,5.0,5.0,22
2023-11-15T19:00:00+00:00,3.9,4.0,18
2023-11-15T20:00:00+00:00,5.3,5.3,21
2023-11-15T21:00:00+00:00,8.2,8.2,25
2023-11-15T22:00:00+00:00,6.9,6.9,34
2023-11-15T23:00:00+00:00,6.4,6.4,48
2023-11-16T00:00:00+00:00,9.4,9.5,62
2023-11-16T01:00:00+00:00,8.9,8.9,63
2023-11-16T02:00:00+00:00,5.2,5.2,67
2023-11-16T03:00:00+00:00,4.3,4.3,71
2023-11-16T04:00:00+00:00,2.9,2.9,55
2023-11-16T05:00:00+00:00,4.0,4.0,66
2023-11-16T06:00:00+00:00,4.6,4.6,71
2023-11-16T07:00:00+00:00,7.3,7.3,75
2023-11-16T08:00:00+00:00,7.2,7.2,85
2023-11-16T09:00:00+00:00,5.9,5.9,86
2023-11-16T10:00:00+00:00,4.7,4.7,85
2023-11-16T11:00:00+00:00,4.8,4.8,86
2023-11-16T12:00:00+00:00,6.3,6.3,83
2023-11-16T13:00:00+00:00,5.6,5.6,80
2023-11-16T14:00:00+00:00,3.9,3.9,83
2023-11-16T15:00:00+00:00,3.6,3.6,80
2023-11-16T16:00:00+00:00,1.8,1.8,47
2023-11-16T17:00:00+00:00,1.6,1.6,39
2023-11-16T18:00:00+00:00,0.1,0.1,28
2023-11-16T19:00:00+00:00,0.1,0.1,28
2023-11-16T20:00:00+00:00,0.7,0.7,30
2023-11-16T21:00:00+00:00,0.3,0.3,33
2023-11-16T22:00:00+00:00,0.2,0.2,32
2023-11-16T23:00:00+00:00,0.2,0.2,32
2023-11-17T00:00:00+00:00,0.4,0.4,33
2023-11-17T01:00:00+00:00,0.9,0.9,40
2023-11-17T02:00:00+00:00,1.8,1.8,44
2023-11-17T03:00:00+00:00,10.6,10.6,58
2023-11-17T04:00:00+00:00,13.8,13.8,64
2023-11-17T05:00:00+00:00,17.2,17.2,72
2023-11-17T06:00:00+00:00,26.5,26.7,80
2023-11-17T07:00:00+00:00,26.9,27.0,83
2023-11-17T08:00:00+00:00,23.5,23.6,85
2023-11-17T09:00:00+00:00,15.0,15.0,84
2023-11-17T10:00:00+00:00,25.1,25.2,87
2023-11-17T11:00:00+00:00,21.2,21.2,89
2023-11-17T12:00:00+00:00,16.0,16.0,88
2023-11-17T13:00:00+00:00,15.2,17.3,86
2023-11-17T14:00:00+00:00,9.5,10.4,82
2023-11-17T15:00:00+00:00,6.8,6.8,75
2023-11-17T16:00:00+00:00,6.8,6.8,54
2023-11-17T17:00:00+00:00,4.1,4.1,35
2023-11-17T18:00:00+00:00,3.2,3.2,30
2023-11-17T19:00:00+00:00,3.2,3.2,27
2023-11-17T20:00:00+00:00,3.4,3.4,27
2023-11-17T21:00:00+00:00,3.8,3.8,28
2023-11-17T22:00:00+00:00,3.8,3.8,29
2023-11-17T23:00:00+00:00,2.9,2.9,30
2023-11-18T00:00:00+00:00,2.8,2.8,33
2023-11-18T01:00:00+00:00,2.8,2.8,32
2023-11-18T02:00:00+00:00,5.7,5.7,32
2023-11-18T03:00:00+00:00,12.9,12.9,42
2023-11-18T04:00:00+00:00,3.6,3.6,44
2023-11-18T05:00:00+00:00,4.4,4.4,57
2023-11-18T06:00:00+00:00,3.3,3.3,55
2023-11-18T07:00:00+00:00,3.1,3.1,57
2023-11-18T08:00:00+00:00,4.0,4.0,59
2023-11-18T09:00:00+00:00,3.2,3.2,59
2023-11-18T10:00:00+00:00,4.5,4.5,64
2023-11-18T11:00:00+00:00,6.4,6.4,68
2023-11-18T12:00:00+00:00,4.8,4.8,61
2023-11-18T13:00:00+00:00,6.2,6.2,61
2023-11-18T14:00:00+00:00,2.0,2.0,55
2023-11-18T15:00:00+00:00,0.6,0.6,50
2023-11-18T16:00:00+00:00,0.1,0.1,40
2023-11-18T17:00:00+00:00,0.1,0.1,49
2023-11-18T18:00:00+00:00,0.7,0.7,77
2023-11-18T19:00:00+00:00,1.2,1.2,78
2023-11-18T20:00:00+00:00,3.8,3.8,86
2023-11-18T21:00:00+00:00,0.8,0.8,73
2023-11-18T22:00:00+00:00,0.1,0.1,60
2023-11-18T23:00:00+00:00,0.1,0.1,55
2023-11-19T00:00:00+00:00,0.2,0.2,57
2023-11-19T01:00:00+00:00,2.8,2.8,76
2023-11-19T02:00:00+00:00,5.4,5.4,83
2023-11-19T03:00:00+00:00,2.3,2.3,81
2023-11-19T04:00:00+00:00,6.1,6.1,84
2023-11-19T05:00:00+00:00,8.3,8.3,86
2023-11-19T06:00:00+00:00,9.9,9.9,86
2023-11-19T07:00:00+00:00,10.0,10.0,93
2023-11-19T08:00:00+00:00,11.7,11.7,99
2023-11-19T09:00:00+00:00,7.0,7.0,99
2023-11-19T10:00:00+00:00,1.1,1.1,85
2023-11-19T11:00:00+00:00,1.1,1.1,87
2023-11-19T12:00:00+00:00,1.3,1.3,90
2023-11-19T13:00:00+00:00,1.5,1.5,90
2023-11-19T14:00:00+00:00,1.3,1.3,93
2023-11-19T15:00:00+00:00,1.5,1.5,94
2023-11-19T16:00:00+00:00,1.5,1.5,70
2023-11-19T17:00:00+00:00,1.1,1.1,51
2023-11-19T18:00:00+00:00,1.1,1.1,44
2023-11-19T19:00:00+00:00,0.7,0.7,39
2023-11-19T20:00:00+00:00,0.3,0.3,38
2023-11-19T21:00:00+00:00,0.3,0.3,39
2023-11-19T22:00:00+00:00,0.2,0.2,35
2023-11-19T23:00:00+00:00,0.1,0.1,36
2023-11-20T00:00:00+00:00,0.1,0.1,38
2023-11-20T01:00:00+00:00,0.1,0.1,41
2023-11-20T02:00:00+00:00,0.4,0.4,44
2023-11-20T03:00:00+00:00,0.3,0.3,46
2023-11-20T04:00:00+00:00,0.4,0.4,50
2023-11-20T05:00:00+00:00,0.8,0.8,58
2023-11-20T06:00:00+00:00,1.5,1.5,66
2023-11-20T07:00:00+00:00,5.0,5.0,73
2023-11-20T08:00:00+00:00,5.5,5.5,79
2023-11-20T09:00:00+00:00,1.4,1.4,80
2023-11-20T10:00:00+00:00,1.3,1.3,82
2023-11-20T11:00:00+00:00,2.1,2.1,85
2023-11-20T12:00:00+00:00,2.9,2.9,87
2023-11-20T13:00:00+00:00,5.2,5.2,87
2023-11-20T14:00:00+00:00,6.0,6.0,89
2023-11-20T15:00:00+00:00,8.2,8.2,86
2023-11-20T16:00:00+00:00,8.6,8.6,54
2023-11-20T17:00:00+00:00,7.5,7.5,39
2023-11-20T18:00:00+00:00,6.8,6.8,35
2023-11-20T19:00:00+00:00,7.0,7.0,30
2023-11-20T20:00:00+00:00,5.7,5.7,29
2023-11-20T21:00:00+00:00,3.7,3.7,31
2023-11-20T22:00:00+00:00,4.4,4.4,30
2023-11-20T23:00:00+00:00,3.9,3.9,29
2023-11-21T00:00:00+00:00,6.9,6.9,30
2023-11-21T01:00:00+00:00,2.4,2.4,37
2023-11-21T02:00:00+00:00,5.2,5.2,42
2023-11-21T03:00:00+00:00,15.6,15.6,51
2023-11-21T04:00:00+00:00,16.3,16.4,59
2023-11-21T05:00:00+00:00,9.5,9.5,61
2023-11-21T06:00:00+00:00,9.3,9.3,66
2023-11-21T07:00:00+00:00,10.5,10.7,69
2023-11-21T08:00:00+00:00,5.7,5.7,73
2023-11-21T09:00:00+00:00,4.2,4.2,76
2023-11-21T10:00:00+00:00,4.1,4.1,78
2023-11-21T11:00:00+00:00,5.0,5.0,79
2023-11-21T12:00:00+00:00,5.9,5.9,80
2023-11-21T13:00:00+00:00,5.6,5.6,80
2023-11-21T14:00:00+00:00,6.0,6.0,81
2023-11-21T15:00:00+00:00,10.3,10.3,79
2023-11-21T16:00:00+00:00,17.9,17.9,51
2023-11-21T17:00:00+00:00,12.0,12.0,34
2023-11-21T18:00:00+00:00,10.5,10.5,29
2023-11-21T19:00:00+00:00,5.2,5.2,26
2023-11-21T20:00:00+00:00,2.7,2.7,22
2023-11-21T21:00:00+00:00,2.4,2.4,22
2023-11-21T22:00:00+00:00,1.9,1.9,20
2023-11-21T23:00:00+00:00,2.4,2.4,20
2023-11-22T00:00:00+00:00,5.0,5.0,24
2023-11-22T01:00:00+00:00,5.7,5.7,29
2023-11-22T02:00:00+00:00,8.6,8.6,34
2023-11-22T03:00:00+00:00,10.0,10.0,40
2023-11-22T04:00:00+00:00,10.4,10.4,48
2023-11-22T05:00:00+00:00,13.4,13.4,57
2023-11-22T06:00:00+00:00,13.4,13.4,60
2023-11-22T07:00:00+00:00,9.8,9.8,60
2023-11-22T08:00:00+00:00,7.5,7.5,60
2023-11-22T09:00:00+00:00,7.7,7.7,68
2023-11-22T10:00:00+00:00,6.6,6.6,69
2023-11-22T11:00:00+00:00,4.9,4.9,70
2023-11-22T12:00:00+00:00,5.0,5.0,72
2023-11-22T13:00:00+00:00,6.3,6.3,70
2023-11-22T14:00:00+00:00,6.9,6.9,71
2023-11-22T15:00:00+00:00,13.9,13.9,69
2023-11-22T16:00:00+00:00,18.7,18.7,44
2023-11-22T17:00:00+00:00,29.4,30.7,33
2023-11-22T18:00:00+00:00,36.4,39.7,28
2023-11-22T19:00:00+00:00,32.2,33.5,28
2023-11-22T20:00:00+00:00,31.7,32.9,26
2023-11-22T21:00:00+00:00,31.0,31.7,28
2023-11-22T22:00:00+00:00,25.4,25.6,26
2023-11-22T23:00:00+00:00,16.2,16.2,25
2023-11-23T00:00:00+00:00,11.9,11.9,29
2023-11-23T01:00:00+00:00,12.4,12.4,36
2023-11-23T02:00:00+00:00,22.3,22.3,37
2023-11-23T03:00:00+00:00,28.6,28.8,42
2023-11-23T04:00:00+00:00,32.3,33.1,45
2023-11-23T05:00:00+00:00,36.3,38.9,48
2023-11-23T06:00:00+00:00,33.2,34.4,49
2023-11-23T07:00:00+00:00,31.6,32.5,50
2023-11-23T08:00:00+00:00,28.4,28.7,52
2023-11-23T09:00:00+00:00,23.6,23.6,58
2023-11-23T10:00:00+00:00,22.7,22.7,62
2023-11-23T11:00:00+00:00,22.1,22.1,63
2023-11-23T12:00:00+00:00,25.2,25.2,61
2023-11-23T13:00:00+00:00,28.2,28.4,64
2023-11-23T14:00:00+00:00,30.6,31.3,71
2023-11-23T15:00:00+00:00,29.7,30.4,67
2023-11-23T16:00:00+00:00,43.4,50.0,44
2023-11-23T17:00:00+00:00,46.4,57.2,34
2023-11-23T18:00:00+00:00,44.6,54.9,30
2023-11-23T19:00:00+00:00,37.2,42.0,28
2023-11-23T20:00:00+00:00,32.1,33.7,28
2023-11-23T21:00:00+00:00,20.6,20.6,28
2023-11-23T22:00:00+00:00,17.2,17.2,27
2023-11-23T23:00:00+00:00,24.1,24.2,28
2023-11-24T00:00:00+00:00,34.5,36.1,31
2023-11-24T01:00:00+00:00,34.7,36.5,33
2023-11-24T02:00:00+00:00,31.5,32.3,35
2023-11-24T03:00:00+00:00,25.9,26.0,39
2023-11-24T04:00:00+00:00,27.5,27.7,45
2023-11-24T05:00:00+00:00,27.9,28.1,52
2023-11-24T06:00:00+00:00,31.8,32.6,59
2023-11-24T07:00:00+00:00,34.1,35.4,66
2023-11-24T08:00:00+00:00,34.1,35.7,70
2023-11-24T09:00:00+00:00,34.5,36.4,71
2023-11-24T10:00:00+00:00,37.2,39.8,72
2023-11-24T11:00:00+00:00,37.5,40.6,73
2023-11-24T12:00:00+00:00,36.5,39.2,77
2023-11-24T13:00:00+00:00,35.4,38.0,80
2023-11-24T14:00:00+00:00,31.7,33.1,81
2023-11-24T15:00:00+00:00,24.6,24.8,78
2023-11-24T16:00:00+00:00,15.2,15.2,54
2023-11-24T17:00:00+00:00,15.0,15.0,40
2023-11-24T18:00:00+00:00,23.1,23.2,32
2023-11-24T19:00:00+00:00,29.6,29.8,31
2023-11-24T20:00:00+00:00,29.4,29.7,30
2023-11-24T21:00:00+00:00,28.5,28.6,33
2023-11-24T22:00:00+00:00,23.7,23.7,33
2023-11-24T23:00:00+00:00,22.5,22.5,32
2023-11-25T00:00:00+00:00,22.8,22.8,35
2023-11-25T01:00:00+00:00,22.9,22.9,40
2023-11-25T02:00:00+00:00,27.3,27.5,45
2023-11-25T03:00:00+00:00,31.1,31.8,53
2023-11-25T04:00:00+00:00,36.6,39.2,60
2023-11-25T05:00:00+00:00,28.7,29.2,64
2023-11-25T06:00:00+00:00,26.6,26.9,63
2023-11-25T07:00:00+00:00,27.3,27.5,67
2023-11-25T08:00:00+00:00,27.8,28.3,71
2023-11-25T09:00:00+00:00,32.5,34.0,74
2023-11-25T10:00:00+00:00,32.3,33.8,75
2023-11-25T11:00:00+00:00,35.0,37.4,76
2023-11-25T12:00:00+00:00,28.2,28.9,79
2023-11-25T13:00:00+00:00,27.4,28.0,79
2023-11-25T14:00:00+00:00,30.4,31.2,80
2023-11-25T15:00:00+00:00,32.3,33.4,80
2023-11-25T16:00:00+00:00,32.6,33.8,51
2023-11-25T17:00:00+00:00,33.3,34.4,36
2023-11-25T18:00:00+00:00,26.0,26.1,31
2023-11-25T19:00:00+00:00,25.6,25.6,27
2023-11-25T20:00:00+00:00,27.8,27.9,27
2023-11-25T21:00:00+00:00,31.0,31.6,31
2023-11-25T22:00:00+00:00,36.3,39.2,31
2023-11-25T23:00:00+00:00,35.9,38.7,31
2023-11-26T00:00:00+00:00,25.1,25.1,32
2023-11-26T01:00:00+00:00,26.6,26.9,40
2023-11-26T02:00:00+00:00,24.6,24.6,47
2023-11-26T03:00:00+00:00,26.4,26.6,53
2023-11-26T04:00:00+00:00,29.3,29.8,54
2023-11-26T05:00:00+00:00,31.6,32.7,60
2023-11-26T06:00:00+00:00,37.6,40.5,66
2023-11-26T07:00:00+00:00,42.3,47.4,69
2023-11-26T08:00:00+00:00,38.4,41.7,71
2023-11-26T09:00:00+00:00,35.4,37.9,71
2023-11-26T10:00:00+00:00,30.9,32.3,73
2023-11-26T11:00:00+00:00,25.0,25.2,75
2023-11-26T12:00:00+00:00,19.8,19.8,73
2023-11-26T13:00:00+00:00,17.7,17.7,76
2023-11-26T14:00:00+00:00,18.3,18.3,77
2023-11-26T15:00:00+00:00,21.0,21.1,74
2023-11-26T16:00:00+00:00,25.2,25.3,45
2023-11-26T17:00:00+00:00,21.4,21.4,32
2023-11-26T18:00:00+00:00,14.5,14.5,26
2023-11-26T19:00:00+00:00,16.5,16.5,25
2023-11-26T20:00:00+00:00,22.2,22.2,26
2023-11-26T21:00:00+00:00,26.0,26.2,27
2023-11-26T22:00:00+00:00,23.5,23.5,27
2023-11-26T23:00:00+00:00,22.3,22.3,30
2023-11-27T00:00:00+00:00,18.0,18.0,33
2023-11-27T01:00:00+00:00,20.1,20.2,37
2023-11-27T02:00:00+00:00,23.9,23.9,44
2023-11-27T03:00:00+00:00,28.9,29.4,49
2023-11-27T04:00:00+00:00,24.4,24.6,50
2023-11-27T05:00:00+00:00,11.5,11.5,45
2023-11-27T06:00:00+00:00,10.0,10.0,46
2023-11-27T07:00:00+00:00,11.5,11.5,50
2023-11-27T08:00:00+00:00,11.6,11.6,61
2023-11-27T09:00:00+00:00,10.8,10.8,68
2023-11-27T10:00:00+00:00,12.0,12.0,66
2023-11-27T11:00:00+00:00,12.8,12.8,68
2023-11-27T12:00:00+00:00,13.3,13.3,71
2023-11-27T13:00:00+00:00,12.3,12.3,72
2023-11-27T14:00:00+00:00,15.6,15.6,71
2023-11-27T15:00:00+00:00,18.4,18.4,67
2023-11-27T16:00:00+00:00,9.3,9.3,38
2023-11-27T17:00:00+00:00,9.0,9.0,25
2023-11-27T18:00:00+00:00,8.1,8.1,21
2023-11-27T19:00:00+00:00,7.3,7.3,19
2023-11-27T20:00:00+00:00,10.2,10.2,20
2023-11-27T21:00:00+00:00,12.1,12.1,22
2023-11-27T22:00:00+00:00,9.0,9.0,23
2023-11-27T23:00:00+00:00,7.2,7.2,23
2023-11-28T00:00:00+00:00,10.8,10.8,25
2023-11-28T01:00:00+00:00,9.7,9.7,33
2023-11-28T02:00:00+00:00,11.5,11.5,38
2023-11-28T03:00:00+00:00,13.2,13.2,43
2023-11-28T04:00:00+00:00,15.2,15.2,46
2023-11-28T05:00:00+00:00,11.1,11.1,44
2023-11-28T06:00:00+00:00,20.5,23.1,46
2023-11-28T07:00:00+00:00,20.5,20.5,50
2023-11-28T08:00:00+00:00,13.4,13.4,55
2023-11-28T09:00:00+00:00,9.6,9.6,54
2023-11-28T10:00:00+00:00,10.7,10.7,55
2023-11-28T11:00:00+00:00,9.8,9.8,58
2023-11-28T12:00:00+00:00,10.4,10.4,57
2023-11-28T13:00:00+00:00,11.2,11.2,59
2023-11-28T14:00:00+00:00,10.6,10.6,61
2023-11-28T15:00:00+00:00,15.6,15.6,60
2023-11-28T16:00:00+00:00,13.7,13.7,37
2023-11-28T17:00:00+00:00,7.2,7.2,23
2023-11-28T18:00:00+00:00,8.3,8.3,19
2023-11-28T19:00:00+00:00,8.4,8.4,17
2023-11-28T20:00:00+00:00,7.7,7.7,16
2023-11-28T21:00:00+00:00,10.0,10.0,17
2023-11-28T22:00:00+00:00,8.9,8.9,17
2023-11-28T23:00:00+00:00,6.7,6.7,16
2023-11-29T00:00:00+00:00,5.9,5.9,19
2023-11-29T01:00:00+00:00,7.0,7.0,24
2023-11-29T02:00:00+00:00,9.2,9.2,27
2023-11-29T03:00:00+00:00,10.8,10.8,33
2023-11-29T04:00:00+00:00,18.5,18.5,36
2023-11-29T05:00:00+00:00,13.5,13.5,38
2023-11-29T06:00:00+00:00,8.4,8.4,39
2023-11-29T07:00:00+00:00,6.8,6.8,38
2023-11-29T08:00:00+00:00,5.6,5.6,40
2023-11-29T09:00:00+00:00,4.6,4.6,42
2023-11-29T10:00:00+00:00,4.3,4.3,44
2023-11-29T11:00:00+00:00,4.6,4.6,49
2023-11-29T12:00:00+00:00,5.1,5.1,55
2023-11-29T13:00:00+00:00,4.8,4.8,57
2023-11-29T14:00:00+00:00,6.6,6.6,53
2023-11-29T15:00:00+00:00,9.0,9.0,46
2023-11-29T16:00:00+00:00,6.2,6.2,32
2023-11-29T17:00:00+00:00,5.7,5.7,25
2023-11-29T18:00:00+00:00,8.1,8.1,26
2023-11-29T19:00:00+00:00,9.1,9.1,24
2023-11-29T20:00:00+00:00,12.0,12.0,24
2023-11-29T21:00:00+00:00,12.9,12.9,28
2023-11-29T22:00:00+00:00,11.6,11.6,31
2023-11-29T23:00:00+00:00,9.7,9.7,32
2023-11-30T00:00:00+00:00,9.3,9.3,33
2023-11-30T01:00:00+00:00,10.2,10.2,37
2023-11-30T02:00:00+00:00,14.9,14.9,39
2023-11-30T03:00:00+00:00,19.9,19.9,41
2023-11-30T04:00:00+00:00,22.7,22.7,45
2023-11-30T05:00:00+00:00,23.4,23.5,49
2023-11-30T06:00:00+00:00,23.3,23.4,51
2023-11-30T07:00:00+00:00,22.1,22.1,55
2023-11-30T08:00:00+00:00,20.4,20.4,63
2023-11-30T09:00:00+00:00,17.5,17.5,66
2023-11-30T10:00:00+00:00,16.9,16.9,70
2023-11-30T11:00:00+00:00,16.4,16.4,71
2023-11-30T12:00:00+00:00,13.8,13.8,70
2023-11-30T13:00:00+00:00,12.3,12.3,71
2023-11-30T14:00:00+00:00,12.3,12.3,69
2023-11-30T15:00:00+00:00,13.4,13.4,64
2023-11-30T16:00:00+00:00,12.7,12.7,54
2023-11-30T17:00:00+00:00,14.9,14.9,46
2023-11-30T18:00:00+00:00,11.8,11.8,35
2023-11-30T19:00:00+00:00,13.3,13.3,29
2023-11-30T20:00:00+00:00,17.5,17.5,28
2023-11-30T21:00:00+00:00,16.6,16.6,30
2023-11-30T22:00:00+00:00,10.8,10.8,30
2023-11-30T23:00:00+00:00,7.4,7.4,36
2023-12-01T00:00:00+00:00,8.2,8.2,40
2023-12-01T01:00:00+00:00,8.1,8.1,43
2023-12-01T02:00:00+00:00,10.6,10.6,44
2023-12-01T03:00:00+00:00,12.5,12.5,48
2023-12-01T04:00:00+00:00,13.9,13.9,51
2023-12-01T05:00:00+00:00,18.8,18.8,52
2023-12-01T06:00:00+00:00,21.5,21.6,57
2023-12-01T07:00:00+00:00,4.8,4.8,80
2023-12-01T08:00:00+00:00,9.2,9.2,77
2023-12-01T09:00:00+00:00,10.8,10.8,81
2023-12-01T10:00:00+00:00,7.9,7.9,86
2023-12-01T11:00:00+00:00,6.8,6.8,90
2023-12-01T12:00:00+00:00,4.8,4.8,91
2023-12-01T13:00:00+00:00,5.2,5.2,90
2023-12-01T14:00:00+00:00,5.5,5.5,90
2023-12-01T15:00:00+00:00,5.9,5.9,91
2023-12-01T16:00:00+00:00,5.8,5.8,68
2023-12-01T17:00:00+00:00,5.4,5.4,56
2023-12-01T18:00:00+00:00,10.2,10.2,44
2023-12-01T19:00:00+00:00,10.3,10.3,39
2023-12-01T20:00:00+00:00,9.7,9.7,37
2023-12-01T21:00:00+00:00,13.1,13.1,39
2023-12-01T22:00:00+00:00,10.4,10.4,38
2023-12-01T23:00:00+00:00,9.7,9.7,38
2023-12-02T00:00:00+00:00,8.5,8.5,39
2023-12-02T01:00:00+00:00,9.5,9.5,44
2023-12-02T02:00:00+00:00,12.0,12.0,51
2023-12-02T03:00:00+00:00,12.9,12.9,59
2023-12-02T04:00:00+00:00,15.1,15.1,63
2023-12-02T05:00:00+00:00,21.9,21.9,65
2023-12-02T06:00:00+00:00,14.4,14.4,68
2023-12-02T07:00:00+00:00,17.5,17.9,72
2023-12-02T08:00:00+00:00,12.7,12.7,76
2023-12-02T09:00:00+00:00,13.0,13.0,80
2023-12-02T10:00:00+00:00,9.1,9.1,83
2023-12-02T11:00:00+00:00,10.3,10.3,83
2023-12-02T12:00:00+00:00,11.4,11.4,83
2023-12-02T13:00:00+00:00,14.2,14.2,84
2023-12-02T14:00:00+00:00,15.3,15.3,84
2023-12-02T15:00:00+00:00,18.1,18.1,82
2023-12-02T16:00:00+00:00,22.5,22.5,61
2023-12-02T17:00:00+00:00,26.1,26.1,48
2023-12-02T18:00:00+00:00,29.7,30.1,43
2023-12-02T19:00:00+00:00,31.6,32.5,35
2023-12-02T20:00:00+00:00,17.8,17.8,30
2023-12-02T21:00:00+00:00,13.4,13.4,33
2023-12-02T22:00:00+00:00,10.9,10.9,33
2023-12-02T23:00:00+00:00,9.1,9.1,34
2023-12-03T00:00:00+00:00,9.4,9.4,37
2023-12-03T01:00:00+00:00,13.7,13.7,41
2023-12-03T02:00:00+00:00,21.6,21.7,47
2023-12-03T03:00:00+00:00,20.4,20.4,50
2023-12-03T04:00:00+00:00,22.8,23.0,54
2023-12-03T05:00:00+00:00,22.0,22.1,58
2023-12-03T06:00:00+00:00,23.1,23.2,59
2023-12-03T07:00:00+00:00,20.6,20.6,58
2023-12-03T08:00:00+00:00,22.6,22.6,63
2023-12-03T09:00:00+00:00,24.5,24.6,69
2023-12-03T10:00:00+00:00,24.3,24.4,71
2023-12-03T11:00:00+00:00,21.0,21.0,73
2023-12-03T12:00:00+00:00,18.4,18.4,75
2023-12-03T13:00:00+00:00,16.2,16.2,75
2023-12-03T14:00:00+00:00,16.4,16.4,76
2023-12-03T15:00:00+00:00,18.0,18.0,76
2023-12-03T16:00:00+00:00,23.3,23.3,66
2023-12-03T17:00:00+00:00,24.4,24.4,50
2023-12-03T18:00:00+00:00,23.7,23.7,45
2023-12-03T19:00:00+00:00,25.0,25.0,39
2023-12-03T20:00:00+00:00,23.1,23.1,37
2023-12-03T21:00:00+00:00,24.2,24.2,38
2023-12-03T22:00:00+00:00,23.8,23.8,40
2023-12-03T23:00:00+00:00,23.0,23.0,42
2023-12-04T00:00:00+00:00,27.0,27.5,44
2023-12-04T01:00:00+00:00,32.3,33.2,50
2023-12-04T02:00:00+00:00,38.8,41.8,56
2023-12-04T03:00:00+00:00,43.1,48.7,60
2023-12-04T04:00:00+00:00,46.0,53.7,65
2023-12-04T05:00:00+00:00,44.5,50.7,68
2023-12-04T06:00:00+00:00,33.9,35.4,71
2023-12-04T07:00:00+00:00,27.3,27.7,74
2023-12-04T08:00:00+00:00,19.7,19.7,71
2023-12-04T09:00:00+00:00,18.7,18.7,67
2023-12-04T10:00:00+00:00,19.5,19.5,66
2023-12-04T11:00:00+00:00,20.6,20.6,66
2023-12-04T12:00:00+00:00,21.8,21.8,70
2023-12-04T13:00:00+00:00,21.2,21.2,70
2023-12-04T14:00:00+00:00,22.0,22.0,71
2023-12-04T15:00:00+00:00,23.1,23.1,74
2023-12-04T16:00:00+00:00,23.3,23.3,64
2023-12-04T17:00:00+00:00,23.7,23.7,47
2023-12-04T18:00:00+00:00,22.9,22.9,36
2023-12-04T19:00:00+00:00,22.8,22.8,33
2023-12-04T20:00:00+00:00,20.3,20.3,30
2023-12-04T21:00:00+00:00,19.8,19.8,32
2023-12-04T22:00:00+00:00,14.2,14.2,32
2023-12-04T23:00:00+00:00,11.2,11.2,35
2023-12-05T00:00:00+00:00,9.8,9.8,41
2023-12-05T01:00:00+00:00,12.7,12.7,47
2023-12-05T02:00:00+00:00,15.7,15.7,58
2023-12-05T03:00:00+00:00,19.5,19.5,67
2023-12-05T04:00:00+00:00,19.4,19.4,72
2023-12-05T05:00:00+00:00,18.7,18.7,74
2023-12-05T06:00:00+00:00,18.1,18.1,72
2023-12-05T07:00:00+00:00,18.8,18.8,74
2023-12-05T08:00:00+00:00,17.1,17.1,76
2023-12-05T09:00:00+00:00,17.4,17.6,76
2023-12-05T10:00:00+00:00,17.8,17.8,78
2023-12-05T11:00:00+00:00,19.7,19.7,80
2023-12-05T12:00:00+00:00,18.0,18.0,82
2023-12-05T13:00:00+00:00,17.3,17.3,81
2023-12-05T14:00:00+00:00,16.3,16.3,80
2023-12-05T15:00:00+00:00,18.8,18.8,79
2023-12-05T16:00:00+00:00,19.2,19.2,53
2023-12-05T17:00:00+00:00,23.7,23.7,36
2023-12-05T18:00:00+00:00,28.8,29.1,31
2023-12-05T19:00:00+00:00,29.3,29.9,32
2023-12-05T20:00:00+00:00,30.6,31.3,32
2023-12-05T21:00:00+00:00,29.0,29.3,35
2023-12-05T22:00:00+00:00,28.1,28.3,35
2023-12-05T23:00:00+00:00,24.6,24.6,33
2023-12-06T00:00:00+00:00,23.1,23.1,35
2023-12-06T01:00:00+00:00,26.7,26.8,42
2023-12-06T02:00:00+00:00,29.5,30.0,50
2023-12-06T03:00:00+00:00,37.9,41.8,57
2023-12-06T04:00:00+00:00,32.3,33.4,61
2023-12-06T05:00:00+00:00,24.5,24.8,63
2023-12-06T06:00:00+00:00,25.0,25.1,66
2023-12-06T07:00:00+00:00,21.7,21.7,70
2023-12-06T08:00:00+00:00,18.5,18.5,71
2023-12-06T09:00:00+00:00,18.2,18.2,74
2023-12-06T10:00:00+00:00,20.4,20.5,74
2023-12-06T11:00:00+00:00,23.6,23.6,75
2023-12-06T12:00:00+00:00,23.0,23.0,75
2023-12-06T13:00:00+00:00,19.6,19.6,77
2023-12-06T14:00:00+00:00,27.1,27.6,79
2023-12-06T15:00:00+00:00,30.6,31.6,78
2023-12-06T16:00:00+00:00,34.3,36.4,50
2023-12-06T17:00:00+00:00,38.8,43.4,36
2023-12-06T18:00:00+00:00,26.4,26.6,32
2023-12-06T19:00:00+00:00,24.0,24.5,28
2023-12-06T20:00:00+00:00,11.9,11.9,22
2023-12-06T21:00:00+00:00,8.5,8.5,22
2023-12-06T22:00:00+00:00,14.7,14.9,29
2023-12-06T23:00:00+00:00,5.4,5.4,39
2023-12-07T00:00:00+00:00,7.6,7.6,40
2023-12-07T01:00:00+00:00,20.3,20.3,39
2023-12-07T02:00:00+00:00,31.1,31.9,42
2023-12-07T03:00:00+00:00,34.4,36.1,55
2023-12-07T04:00:00+00:00,28.0,28.6,62
2023-12-07T05:00:00+00:00,14.4,14.4,72
2023-12-07T06:00:00+00:00,8.9,8.9,78
2023-12-07T07:00:00+00:00,2.7,2.7,84
2023-12-07T08:00:00+00:00,1.2,1.2,96
2023-12-07T09:00:00+00:00,3.3,3.3,100
2023-12-07T10:00:00+00:00,6.4,6.4,100
2023-12-07T11:00:00+00:00,4.4,4.4,98
2023-12-07T12:00:00+00:00,1.4,1.4,93
2023-12-07T13:00:00+00:00,1.1,1.1,90
2023-12-07T14:00:00+00:00,1.2,1.2,96
2023-12-07T15:00:00+00:00,0.8,0.8,96
2023-12-07T16:00:00+00:00,0.9,0.9,75
2023-12-07T17:00:00+00:00,0.6,0.6,58
2023-12-07T18:00:00+00:00,0.2,0.2,46
2023-12-07T19:00:00+00:00,0.1,0.1,36
2023-12-07T20:00:00+00:00,0.1,0.1,32
2023-12-07T21:00:00+00:00,0.1,0.1,31
2023-12-07T22:00:00+00:00,0.1,0.1,28
2023-12-07T23:00:00+00:00,0.1,0.1,27
2023-12-08T00:00:00+00:00,0.1,0.1,29
2023-12-08T01:00:00+00:00,0.2,0.2,35
2023-12-08T02:00:00+00:00,0.4,0.4,38
2023-12-08T03:00:00+00:00,1.1,1.1,42
2023-12-08T04:00:00+00:00,1.2,1.2,45
2023-12-08T05:00:00+00:00,0.7,0.7,48
2023-12-08T06:00:00+00:00,0.6,0.7,61
2023-12-08T07:00:00+00:00,0.4,0.4,81
2023-12-08T08:00:00+00:00,0.7,0.7,90
2023-12-08T09:00:00+00:00,1.3,1.3,95
2023-12-08T10:00:00+00:00,2.2,2.2,99
2023-12-08T11:00:00+00:00,4.1,4.1,100
2023-12-08T12:00:00+00:00,7.1,7.1,100
2023-12-08T13:00:00+00:00,8.4,8.4,100
2023-12-08T14:00:00+00:00,9.1,9.1,100
2023-12-08T15:00:00+00:00,9.6,9.6,98
2023-12-08T16:00:00+00:00,10.1,10.1,88
2023-12-08T17:00:00+00:00,9.8,9.8,81
2023-12-08T18:00:00+00:00,11.9,11.9,80
2023-12-08T19:00:00+00:00,14.4,14.4,80
2023-12-08T20:00:00+00:00,11.1,11.1,74
2023-12-08T21:00:00+00:00,10.2,10.2,66
2023-12-08T22:00:00+00:00,11.8,11.8,64
2023-12-08T23:00:00+00:00,9.7,9.7,58
2023-12-09T00:00:00+00:00,11.7,11.7,59
2023-12-09T01:00:00+00:00,15.1,15.1,68
2023-12-09T02:00:00+00:00,22.9,23.0,76
2023-12-09T03:00:00+00:00,26.8,27.3,79
2023-12-09T04:00:00+00:00,31.7,33.6,82
2023-12-09T05:00:00+00:00,25.7,26.2,86
2023-12-09T06:00:00+00:00,27.2,27.7,85
2023-12-09T07:00:00+00:00,25.3,25.5,84
2023-12-09T08:00:00+00:00,33.5,36.3,87
2023-12-09T09:00:00+00:00,22.7,22.8,88
2023-12-09T10:00:00+00:00,22.5,22.5,87
2023-12-09T11:00:00+00:00,29.4,29.8,90
2023-12-09T12:00:00+00:00,28.1,28.6,91
2023-12-09T13:00:00+00:00,25.1,25.1,90
2023-12-09T14:00:00+00:00,27.2,27.7,88
2023-12-09T15:00:00+00:00,24.9,24.9,86
2023-12-09T16:00:00+00:00,20.9,20.9,66
2023-12-09T17:00:00+00:00,29.5,30.3,46
2023-12-09T18:00:00+00:00,33.9,35.4,40
2023-12-09T19:00:00+00:00,34.6,36.6,36
2023-12-09T20:00:00+00:00,34.1,35.7,36
2023-12-09T21:00:00+00:00,32.2,33.1,39
2023-12-09T22:00:00+00:00,30.5,31.1,41
2023-12-09T23:00:00+00:00,24.9,25.0,39
2023-12-10T00:00:00+00:00,26.3,26.6,42
2023-12-10T01:00:00+00:00,33.4,36.0,51
2023-12-10T02:00:00+00:00,33.3,34.7,60
2023-12-10T03:00:00+00:00,39.7,43.3,68
2023-12-10T04:00:00+00:00,39.5,43.0,73
2023-12-10T05:00:00+00:00,39.1,42.4,76
2023-12-10T06:00:00+00:00,29.7,30.6,74
2023-12-10T07:00:00+00:00,30.6,31.8,75
2023-12-10T08:00:00+00:00,32.1,33.7,78
2023-12-10T09:00:00+00:00,31.7,33.3,79
2023-12-10T10:00:00+00:00,26.7,27.2,80
2023-12-10T11:00:00+00:00,25.0,25.3,82
2023-12-10T12:00:00+00:00,21.8,21.8,83
2023-12-10T13:00:00+00:00,21.7,21.7,83
2023-12-10T14:00:00+00:00,17.3,17.3,84
2023-12-10T15:00:00+00:00,16.6,16.6,84
2023-12-10T16:00:00+00:00,13.5,13.5,61
2023-12-10T17:00:00+00:00,12.3,12.3,39
2023-12-10T18:00:00+00:00,20.7,20.7,33
2023-12-10T19:00:00+00:00,24.0,24.0,30
2023-12-10T20:00:00+00:00,17.7,17.7,29
2023-12-10T21:00:00+00:00,17.1,17.1,31
2023-12-10T22:00:00+00:00,18.0,18.0,30
2023-12-10T23:00:00+00:00,19.3,19.3,31
2023-12-11T00:00:00+00:00,20.9,20.9,34
2023-12-11T01:00:00+00:00,24.2,24.3,38
2023-12-11T02:00:00+00:00,27.4,27.7,43
2023-12-11T03:00:00+00:00,33.9,35.3,48
2023-12-11T04:00:00+00:00,32.9,34.1,55
2023-12-11T05:00:00+00:00,36.6,39.0,57
2023-12-11T06:00:00+00:00,40.6,44.4,57
2023-12-11T07:00:00+00:00,30.5,31.5,59
2023-12-11T08:00:00+00:00,25.0,25.0,59
2023-12-11T09:00:00+00:00,22.0,22.0,62
2023-12-11T10:00:00+00:00,21.4,21.4,64
2023-12-11T11:00:00+00:00,22.6,22.7,67
2023-12-11T12:00:00+00:00,21.0,21.0,72
2023-12-11T13:00:00+00:00,19.4,19.4,73
2023-12-11T14:00:00+00:00,19.2,19.2,75
2023-12-11T15:00:00+00:00,17.7,17.7,74
2023-12-11T16:00:00+00:00,25.7,26.3,51
2023-12-11T17:00:00+00:00,36.4,38.6,36
2023-12-11T18:00:00+00:00,32.9,34.1,31
2023-12-11T19:00:00+00:00,33.7,35.4,30
2023-12-11T20:00:00+00:00,39.7,44.9,29
2023-12-11T21:00:00+00:00,38.7,42.4,33
2023-12-11T22:00:00+00:00,35.7,37.9,34
2023-12-11T23:00:00+00:00,28.7,29.2,33
2023-12-12T00:00:00+00:00,21.0,21.0,34
2023-12-12T01:00:00+00:00,29.2,29.7,40
2023-12-12T02:00:00+00:00,31.9,32.8,43
2023-12-12T03:00:00+00:00,30.7,31.4,49
2023-12-12T04:00:00+00:00,32.1,33.1,56
2023-12-12T05:00:00+00:00,32.5,33.8,60
2023-12-12T06:00:00+00:00,33.7,35.4,58
2023-12-12T07:00:00+00:00,36.1,38.9,63
2023-12-12T08:00:00+00:00,33.6,35.6,66
2023-12-12T09:00:00+00:00,29.6,30.8,66
2023-12-12T10:00:00+00:00,28.6,29.5,68
2023-12-12T11:00:00+00:00,29.3,30.5,71
2023-12-12T12:00:00+00:00,28.4,29.3,72
2023-12-12T13:00:00+00:00,27.6,28.3,74
2023-12-12T14:00:00+00:00,28.9,30.0,75
2023-12-12T15:00:00+00:00,30.6,32.2,75
2023-12-12T16:00:00+00:00,30.4,31.4,55
2023-12-12T17:00:00+00:00,39.2,43.0,39
2023-12-12T18:00:00+00:00,45.9,55.3,36
2023-12-12T19:00:00+00:00,45.7,56.1,31
2023-12-12T20:00:00+00:00,40.5,46.7,29
2023-12-12T21:00:00+00:00,41.5,47.2,32
2023-12-12T22:00:00+00:00,43.6,50.8,35
2023-12-12T23:00:00+00:00,42.8,49.4,35
2023-12-13T00:00:00+00:00,36.8,39.4,37
2023-12-13T01:00:00+00:00,35.2,37.1,44
2023-12-13T02:00:00+00:00,39.7,43.2,51
2023-12-13T03:00:00+00:00,44.0,49.9,59
2023-12-13T04:00:00+00:00,45.8,53.2,63
2023-12-13T05:00:00+00:00,45.6,53.2,61
2023-12-13T06:00:00+00:00,47.6,57.4,64
2023-12-13T07:00:00+00:00,44.9,52.4,68
2023-12-13T08:00:00+00:00,42.2,47.9,70
2023-12-13T09:00:00+00:00,42.1,47.5,71
2023-12-13T10:00:00+00:00,40.8,45.9,73
2023-12-13T11:00:00+00:00,41.0,46.3,77
2023-12-13T12:00:00+00:00,40.7,45.8,78
2023-12-13T13:00:00+00:00,39.3,43.9,80
2023-12-13T14:00:00+00:00,40.1,45.1,80
2023-12-13T15:00:00+00:00,41.5,47.1,81
2023-12-13T16:00:00+00:00,43.0,48.6,58
2023-12-13T17:00:00+00:00,40.6,44.8,39
2023-12-13T18:00:00+00:00,38.2,41.9,32
2023-12-13T19:00:00+00:00,41.8,49.2,28
2023-12-13T20:00:00+00:00,44.7,55.1,27
2023-12-13T21:00:00+00:00,43.3,51.1,30
2023-12-13T22:00:00+00:00,42.9,50.2,31
2023-12-13T23:00:00+00:00,39.0,43.4,31
2023-12-14T00:00:00+00:00,34.9,36.9,33
2023-12-14T01:00:00+00:00,36.1,38.3,41
2023-12-14T02:00:00+00:00,37.9,40.8,46
2023-12-14T03:00:00+00:00,42.2,47.0,55
2023-12-14T04:00:00+00:00,42.1,47.0,61
2023-12-14T05:00:00+00:00,40.6,44.8,64
2023-12-14T06:00:00+00:00,41.9,47.1,62
2023-12-14T07:00:00+00:00,41.5,46.6,62
2023-12-14T08:00:00+00:00,35.5,38.5,64
2023-12-14T09:00:00+00:00,29.9,31.3,65
2023-12-14T10:00:00+00:00,26.0,26.3,65
2023-12-14T11:00:00+00:00,24.2,24.4,68
2023-12-14T12:00:00+00:00,22.7,22.8,66
2023-12-14T13:00:00+00:00,25.2,25.5,70
2023-12-14T14:00:00+00:00,26.9,27.7,72
2023-12-14T15:00:00+00:00,26.7,27.3,70
2023-12-14T16:00:00+00:00,28.2,28.9,49
2023-12-14T17:00:00+00:00,40.6,46.4,34
2023-12-14T18:00:00+00:00,28.5,28.8,29
2023-12-14T19:00:00+00:00,29.7,30.4,25
2023-12-14T20:00:00+00:00,39.7,46.0,25
2023-12-14T21:00:00+00:00,40.2,46.3,26
2023-12-14T22:00:00+00:00,38.4,42.8,26
2023-12-14T23:00:00+00:00,35.2,37.6,27
2023-12-15T00:00:00+00:00,36.0,38.5,31
2023-12-15T01:00:00+00:00,40.2,44.6,38
2023-12-15T02:00:00+00:00,40.2,44.4,43
2023-12-15T03:00:00+00:00,39.9,43.8,46
2023-12-15T04:00:00+00:00,41.8,46.6,51
2023-12-15T05:00:00+00:00,41.1,45.6,57
2023-12-15T06:00:00+00:00,41.2,45.8,60
2023-12-15T07:00:00+00:00,31.6,33.2,52
2023-12-15T08:00:00+00:00,31.8,33.5,55
2023-12-15T09:00:00+00:00,26.5,26.9,57
2023-12-15T10:00:00+00:00,25.7,26.1,60
2023-12-15T11:00:00+00:00,26.0,26.4,64
2023-12-15T12:00:00+00:00,24.0,24.2,67
2023-12-15T13:00:00+00:00,17.7,17.7,65
2023-12-15T14:00:00+00:00,21.1,21.2,63
2023-12-15T15:00:00+00:00,23.8,24.0,61
2023-12-15T16:00:00+00:00,21.5,21.5,46
2023-12-15T17:00:00+00:00,31.6,32.7,35
2023-12-15T18:00:00+00:00,34.0,35.8,29
2023-12-15T19:00:00+00:00,31.7,32.9,26
2023-12-15T20:00:00+00:00,28.2,28.6,23
2023-12-15T21:00:00+00:00,21.7,21.7,23
2023-12-15T22:00:00+00:00,16.9,16.9,24
2023-12-15T23:00:00+00:00,13.0,13.0,23
2023-12-16T00:00:00+00:00,10.5,10.5,27
2023-12-16T01:00:00+00:00,13.6,13.6,32
2023-12-16T02:00:00+00:00,30.2,31.1,35
2023-12-16T03:00:00+00:00,29.8,31.0,42
2023-12-16T04:00:00+00:00,35.0,37.2,46
2023-12-16T05:00:00+00:00,42.7,47.8,48
2023-12-16T06:00:00+00:00,37.5,40.6,50
2023-12-16T07:00:00+00:00,27.7,28.8,50
2023-12-16T08:00:00+00:00,15.2,15.2,45
2023-12-16T09:00:00+00:00,13.5,13.5,48
2023-12-16T10:00:00+00:00,10.2,10.2,51
2023-12-16T11:00:00+00:00,11.7,11.7,55
2023-12-16T12:00:00+00:00,12.0,12.0,53
2023-12-16T13:00:00+00:00,11.7,11.7,58
2023-12-16T14:00:00+00:00,11.8,11.8,59
2023-12-16T15:00:00+00:00,9.3,9.3,57
2023-12-16T16:00:00+00:00,8.1,8.1,38
2023-12-16T17:00:00+00:00,16.0,16.0,29
2023-12-16T18:00:00+00:00,20.7,20.7,24
2023-12-16T19:00:00+00:00,31.1,32.4,22
2023-12-16T20:00:00+00:00,40.9,48.5,22
2023-12-16T21:00:00+00:00,35.7,38.8,24
2023-12-16T22:00:00+00:00,31.1,32.0,24
2023-12-16T23:00:00+00:00,29.1,29.6,23
2023-12-17T00:00:00+00:00,23.7,23.7,24
2023-12-17T01:00:00+00:00,28.2,28.8,30
2023-12-17T02:00:00+00:00,35.5,38.7,35
2023-12-17T03:00:00+00:00,35.9,38.3,37
2023-12-17T04:00:00+00:00,26.7,27.1,39
2023-12-17T05:00:00+00:00,22.8,22.9,42
2023-12-17T06:00:00+00:00,26.7,27.4,41
2023-12-17T07:00:00+00:00,22.4,22.4,39
2023-12-17T08:00:00+00:00,19.4,19.4,41
2023-12-17T09:00:00+00:00,14.9,14.9,41
2023-12-17T10:00:00+00:00,10.7,10.7,42
2023-12-17T11:00:00+00:00,8.0,8.0,44
2023-12-17T12:00:00+00:00,6.4,6.4,44
2023-12-17T13:00:00+00:00,5.5,5.5,43
2023-12-17T14:00:00+00:00,8.3,8.3,46
2023-12-17T15:00:00+00:00,10.0,10.0,47
2023-12-17T16:00:00+00:00,13.4,13.4,46
2023-12-17T17:00:00+00:00,18.9,19.1,40
2023-12-17T18:00:00+00:00,9.1,9.1,34
2023-12-17T19:00:00+00:00,17.7,17.7,28
2023-12-17T20:00:00+00:00,24.7,24.8,26
2023-12-17T21:00:00+00:00,18.5,19.1,24
2023-12-17T22:00:00+00:00,16.0,16.0,22
2023-12-17T23:00:00+00:00,27.7,28.5,24
2023-12-18T00:00:00+00:00,36.0,38.4,27
2023-12-18T01:00:00+00:00,40.3,44.9,31
2023-12-18T02:00:00+00:00,42.9,49.3,34
2023-12-18T03:00:00+00:00,43.8,50.5,38
2023-12-18T04:00:00+00:00,47.5,57.3,41
2023-12-18T05:00:00+00:00,47.3,57.1,42
2023-12-18T06:00:00+00:00,47.9,58.3,42
2023-12-18T07:00:00+00:00,45.3,53.0,42
2023-12-18T08:00:00+00:00,44.4,51.3,41
2023-12-18T09:00:00+00:00,42.0,46.9,39
2023-12-18T10:00:00+00:00,42.0,46.9,41
2023-12-18T11:00:00+00:00,47.8,58.1,41
2023-12-18T12:00:00+00:00,49.0,60.8,43
2023-12-18T13:00:00+00:00,43.6,51.1,43
2023-12-18T14:00:00+00:00,42.9,49.0,42
2023-12-18T15:00:00+00:00,46.2,55.3,43
2023-12-18T16:00:00+00:00,51.2,66.1,47
2023-12-18T17:00:00+00:00,62.5,88.5,66
2023-12-18T18:00:00+00:00,54.1,73.4,49
2023-12-18T19:00:00+00:00,48.5,61.1,46
2023-12-18T20:00:00+00:00,49.0,63.1,43
2023-12-18T21:00:00+00:00,37.7,43.4,42
2023-12-18T22:00:00+00:00,3.6,3.6,37
2023-12-18T23:00:00+00:00,2.1,2.1,32
2023-12-19T00:00:00+00:00,4.4,4.4,37
2023-12-19T01:00:00+00:00,17.6,17.6,40
2023-12-19T02:00:00+00:00,22.4,22.4,45
2023-12-19T03:00:00+00:00,17.6,17.6,56
2023-12-19T04:00:00+00:00,27.4,27.9,61
2023-12-19T05:00:00+00:00,26.8,27.2,65
2023-12-19T06:00:00+00:00,13.6,13.6,83
2023-12-19T07:00:00+00:00,4.1,4.1,91
2023-12-19T08:00:00+00:00,0.6,0.6,86
2023-12-19T09:00:00+00:00,0.2,0.2,79
2023-12-19T10:00:00+00:00,0.3,0.3,80
2023-12-19T11:00:00+00:00,4.2,4.2,97
2023-12-19T12:00:00+00:00,8.4,8.4,100
2023-12-19T13:00:00+00:00,2.3,2.3,100
2023-12-19T14:00:00+00:00,1.1,1.1,100
2023-12-19T15:00:00+00:00,0.9,0.9,100
2023-12-19T16:00:00+00:00,1.0,1.0,100
2023-12-19T17:00:00+00:00,1.2,1.2,92
2023-12-19T18:00:00+00:00,1.2,1.2,77
2023-12-19T19:00:00+00:00,1.3,1.3,67
2023-12-19T20:00:00+00:00,1.2,1.2,64
2023-12-19T21:00:00+00:00,0.5,0.5,64
2023-12-19T22:00:00+00:00,0.0,0.0,65
2023-12-19T23:00:00+00:00,0.0,0.0,69
2023-12-20T00:00:00+00:00,0.0,0.0,72
2023-12-20T01:00:00+00:00,0.1,0.1,76
2023-12-20T02:00:00+00:00,1.1,1.1,86
2023-12-20T03:00:00+00:00,0.7,0.7,97
2023-12-20T04:00:00+00:00,1.0,1.0,97
2023-12-20T05:00:00+00:00,1.0,1.0,92
2023-12-20T06:00:00+00:00,0.2,0.2,83
2023-12-20T07:00:00+00:00,0.6,0.6,79
2023-12-20T08:00:00+00:00,0.1,0.1,79
2023-12-20T09:00:00+00:00,0.2,0.2,96
2023-12-20T10:00:00+00:00,0.2,0.2,100
2023-12-20T11:00:00+00:00,0.6,0.6,100
2023-12-20T12:00:00+00:00,1.0,1.0,100
2023-12-20T13:00:00+00:00,1.1,1.1,99
2023-12-20T14:00:00+00:00,1.1,1.1,93
2023-12-20T15:00:00+00:00,1.3,1.3,89
2023-12-20T16:00:00+00:00,1.8,1.8,85
2023-12-20T17:00:00+00:00,0.3,0.3,63
2023-12-20T18:00:00+00:00,0.0,0.0,44
2023-12-20T19:00:00+00:00,0.4,0.4,41
2023-12-20T20:00:00+00:00,0.2,0.2,39
2023-12-20T21:00:00+00:00,0.6,0.6,60
2023-12-20T22:00:00+00:00,1.6,1.6,79
2023-12-20T23:00:00+00:00,5.0,5.0,95
2023-12-21T00:00:00+00:00,5.5,5.5,100
2023-12-21T01:00:00+00:00,2.0,2.0,100
2023-12-21T02:00:00+00:00,1.2,1.2,100
2023-12-21T03:00:00+00:00,1.9,1.9,100
2023-12-21T04:00:00+00:00,3.1,3.1,100
2023-12-21T05:00:00+00:00,0.6,0.6,100
2023-12-21T06:00:00+00:00,1.4,1.4,100
2023-12-21T07:00:00+00:00,1.2,1.2,100
2023-12-21T08:00:00+00:00,1.3,1.3,100
2023-12-21T09:00:00+00:00,0.1,0.1,100
2023-12-21T10:00:00+00:00,0.0,0.0,100
2023-12-21T11:00:00+00:00,0.0,0.0,100
2023-12-21T12:00:00+00:00,0.1,0.1,100
2023-12-21T13:00:00+00:00,1.3,1.3,100
2023-12-21T14:00:00+00:00,3.2,3.2,100
2023-12-21T15:00:00+00:00,4.8,4.8,100
2023-12-21T16:00:00+00:00,5.9,5.9,100
2023-12-21T17:00:00+00:00,6.7,6.7,100
2023-12-21T18:00:00+00:00,6.2,6.2,94
2023-12-21T19:00:00+00:00,6.7,6.7,82
2023-12-21T20:00:00+00:00,8.9,8.9,83
2023-12-21T21:00:00+00:00,8.0,8.0,82
2023-12-21T22:00:00+00:00,7.5,7.5,77
2023-12-21T23:00:00+00:00,8.2,8.2,83
2023-12-22T00:00:00+00:00,14.1,14.1,94
2023-12-22T01:00:00+00:00,18.7,18.7,97
2023-12-22T02:00:00+00:00,24.4,24.5,95
2023-12-22T03:00:00+00:00,33.4,34.9,95
2023-12-22T04:00:00+00:00,34.7,36.6,97
2023-12-22T05:00:00+00:00,39.3,42.9,100
2023-12-22T06:00:00+00:00,41.9,46.8,100
2023-12-22T07:00:00+00:00,37.7,40.8,100
2023-12-22T08:00:00+00:00,27.3,27.9,100
2023-12-22T09:00:00+00:00,24.2,24.3,99
2023-12-22T10:00:00+00:00,22.8,22.8,97
2023-12-22T11:00:00+00:00,20.4,20.4,97
2023-12-22T12:00:00+00:00,21.5,21.5,95
2023-12-22T13:00:00+00:00,20.8,20.8,96
2023-12-22T14:00:00+00:00,20.9,20.9,95
2023-12-22T15:00:00+00:00,17.8,17.8,93
2023-12-22T16:00:00+00:00,20.6,20.6,90
2023-12-22T17:00:00+00:00,17.4,17.4,87
2023-12-22T18:00:00+00:00,20.7,20.7,82
2023-12-22T19:00:00+00:00,22.8,22.9,81
2023-12-22T20:00:00+00:00,20.6,20.6,77
2023-12-22T21:00:00+00:00,22.5,22.5,68
2023-12-22T22:00:00+00:00,22.9,23.0,69
2023-12-22T23:00:00+00:00,26.8,27.0,70
2023-12-23T00:00:00+00:00,28.7,29.4,76
2023-12-23T01:00:00+00:00,31.0,32.2,84
2023-12-23T02:00:00+00:00,36.0,38.5,92
2023-12-23T03:00:00+00:00,38.4,41.7,96
2023-12-23T04:00:00+00:00,38.7,42.1,96
2023-12-23T05:00:00+00:00,36.3,38.8,96
2023-12-23T06:00:00+00:00,37.4,40.2,94
2023-12-23T07:00:00+00:00,39.2,42.8,95
2023-12-23T08:00:00+00:00,37.6,40.8,96
2023-12-23T09:00:00+00:00,31.5,32.7,94
2023-12-23T10:00:00+00:00,26.0,26.1,92
2023-12-23T11:00:00+00:00,22.3,22.4,92
2023-12-23T12:00:00+00:00,22.0,22.0,92
2023-12-23T13:00:00+00:00,21.3,21.3,92
2023-12-23T14:00:00+00:00,25.1,25.3,93
2023-12-23T15:00:00+00:00,31.1,32.3,94
2023-12-23T16:00:00+00:00,34.3,36.2,89
2023-12-23T17:00:00+00:00,38.6,42.0,87
2023-12-23T18:00:00+00:00,35.2,37.3,85
2023-12-23T19:00:00+00:00,33.5,35.1,73
2023-12-23T20:00:00+00:00,32.5,33.8,65
2023-12-23T21:00:00+00:00,35.5,37.8,65
2023-12-23T22:00:00+00:00,36.8,39.6,66
2023-12-23T23:00:00+00:00,33.2,34.7,61
2023-12-24T00:00:00+00:00,37.6,40.7,66
2023-12-24T01:00:00+00:00,43.1,49.4,76
2023-12-24T02:00:00+00:00,48.6,60.2,82
2023-12-24T03:00:00+00:00,49.8,62.7,81
2023-12-24T04:00:00+00:00,46.8,56.5,79
2023-12-24T05:00:00+00:00,57.2,76.1,82
2023-12-24T06:00:00+00:00,54.5,72.0,87
2023-12-24T07:00:00+00:00,51.4,65.4,91
2023-12-24T08:00:00+00:00,44.9,51.9,93
2023-12-24T09:00:00+00:00,42.0,46.9,95
2023-12-24T10:00:00+00:00,38.2,41.5,99
2023-12-24T11:00:00+00:00,37.1,40.1,97
2023-12-24T12:00:00+00:00,36.1,38.8,95
2023-12-24T13:00:00+00:00,35.8,38.5,96
2023-12-24T14:00:00+00:00,39.3,43.3,96
2023-12-24T15:00:00+00:00,41.1,45.9,97
2023-12-24T16:00:00+00:00,43.4,49.6,93
2023-12-24T17:00:00+00:00,53.5,70.3,89
2023-12-24T18:00:00+00:00,55.9,76.3,80
2023-12-24T19:00:00+00:00,53.7,73.7,62
2023-12-24T20:00:00+00:00,50.6,67.2,49
2023-12-24T21:00:00+00:00,46.1,56.6,47
2023-12-24T22:00:00+00:00,33.5,35.8,50
2023-12-24T23:00:00+00:00,19.3,19.3,46
2023-12-25T00:00:00+00:00,19.7,19.7,49
2023-12-25T01:00:00+00:00,31.0,34.3,59
2023-12-25T02:00:00+00:00,42.0,48.4,71
2023-12-25T03:00:00+00:00,41.1,45.2,77
2023-12-25T04:00:00+00:00,40.7,44.8,78
2023-12-25T05:00:00+00:00,46.3,54.9,77
2023-12-25T06:00:00+00:00,39.5,43.3,74
2023-12-25T07:00:00+00:00,41.0,45.3,80
2023-12-25T08:00:00+00:00,43.2,48.9,83
2023-12-25T09:00:00+00:00,42.2,47.2,80
2023-12-25T10:00:00+00:00,40.9,45.2,82
2023-12-25T11:00:00+00:00,42.3,47.3,82
2023-12-25T12:00:00+00:00,41.6,46.3,84
2023-12-25T13:00:00+00:00,50.1,62.0,86
2023-12-25T14:00:00+00:00,51.7,65.3,87
2023-12-25T15:00:00+00:00,53.4,68.9,89
2023-12-25T16:00:00+00:00,46.5,55.1,77
2023-12-25T17:00:00+00:00,36.9,39.5,53
2023-12-25T18:00:00+00:00,33.4,34.8,41
2023-12-25T19:00:00+00:00,30.3,30.9,35
2023-12-25T20:00:00+00:00,32.5,33.7,36
2023-12-25T21:00:00+00:00,34.1,35.8,40
2023-12-25T22:00:00+00:00,34.8,36.7,43
2023-12-25T23:00:00+00:00,35.0,37.0,46
2023-12-26T00:00:00+00:00,37.4,40.2,53
2023-12-26T01:00:00+00:00,39.5,43.5,60
2023-12-26T02:00:00+00:00,47.2,57.2,70
2023-12-26T03:00:00+00:00,44.3,51.0,74
2023-12-26T04:00:00+00:00,43.4,49.5,77
2023-12-26T05:00:00+00:00,43.8,50.1,77
2023-12-26T06:00:00+00:00,49.2,60.5,80
2023-12-26T07:00:00+00:00,46.6,55.2,82
2023-12-26T08:00:00+00:00,47.6,57.1,86
2023-12-26T09:00:00+00:00,49.5,60.8,86
2023-12-26T10:00:00+00:00,49.2,60.3,86
2023-12-26T11:00:00+00:00,48.1,58.1,87
2023-12-26T12:00:00+00:00,44.6,51.6,90
2023-12-26T13:00:00+00:00,49.7,61.6,94
2023-12-26T14:00:00+00:00,53.8,70.2,92
2023-12-26T15:00:00+00:00,52.1,66.6,91
2023-12-26T16:00:00+00:00,55.1,72.5,88
2023-12-26T17:00:00+00:00,65.3,92.7,80
2023-12-26T18:00:00+00:00,55.3,75.4,61
2023-12-26T19:00:00+00:00,49.9,64.8,47
2023-12-26T20:00:00+00:00,47.5,59.9,43
2023-12-26T21:00:00+00:00,48.6,62.8,41
2023-12-26T22:00:00+00:00,51.2,68.2,43
2023-12-26T23:00:00+00:00,51.2,67.8,44
2023-12-27T00:00:00+00:00,52.2,69.6,51
2023-12-27T01:00:00+00:00,54.5,74.2,62
2023-12-27T02:00:00+00:00,57.7,80.4,67
2023-12-27T03:00:00+00:00,64.9,93.2,74
2023-12-27T04:00:00+00:00,59.7,82.9,76
2023-12-27T05:00:00+00:00,53.8,70.9,77
2023-12-27T06:00:00+00:00,55.1,73.3,81
2023-12-27T07:00:00+00:00,61.5,85.3,85
2023-12-27T08:00:00+00:00,63.0,87.9,84
2023-12-27T09:00:00+00:00,61.2,84.7,84
2023-12-27T10:00:00+00:00,59.5,81.4,85
2023-12-27T11:00:00+00:00,55.7,74.3,83
2023-12-27T12:00:00+00:00,50.0,62.3,83
2023-12-27T13:00:00+00:00,47.1,56.5,87
2023-12-27T14:00:00+00:00,42.4,47.7,84
2023-12-27T15:00:00+00:00,39.6,44.1,85
2023-12-27T16:00:00+00:00,35.0,37.6,77
2023-12-27T17:00:00+00:00,48.4,61.0,57
2023-12-27T18:00:00+00:00,50.4,65.6,50
2023-12-27T19:00:00+00:00,42.7,50.8,43
2023-12-27T20:00:00+00:00,28.2,28.7,40
2023-12-27T21:00:00+00:00,25.3,25.4,39
2023-12-27T22:00:00+00:00,18.5,18.5,40
2023-12-27T23:00:00+00:00,17.9,17.9,41
2023-12-28T00:00:00+00:00,16.3,16.3,43
2023-12-28T01:00:00+00:00,18.5,18.5,49
2023-12-28T02:00:00+00:00,24.6,24.7,58
2023-12-28T03:00:00+00:00,27.2,27.7,65
2023-12-28T04:00:00+00:00,21.8,22.0,67
2023-12-28T05:00:00+00:00,17.9,17.9,59
2023-12-28T06:00:00+00:00,21.7,21.7,57
2023-12-28T07:00:00+00:00,24.6,24.7,65
2023-12-28T08:00:00+00:00,19.0,19.0,65
2023-12-28T09:00:00+00:00,19.0,19.0,65
2023-12-28T10:00:00+00:00,15.9,15.9,72
2023-12-28T11:00:00+00:00,20.0,20.0,75
2023-12-28T12:00:00+00:00,18.3,18.3,77
2023-12-28T13:00:00+00:00,16.3,16.3,79
2023-12-28T14:00:00+00:00,18.6,18.6,80
2023-12-28T15:00:00+00:00,17.3,17.3,80
2023-12-28T16:00:00+00:00,27.1,27.8,60
2023-12-28T17:00:00+00:00,33.3,35.2,41
2023-12-28T18:00:00+00:00,15.6,15.6,34
2023-12-28T19:00:00+00:00,6.9,6.9,30
2023-12-28T20:00:00+00:00,7.9,7.9,29
2023-12-28T21:00:00+00:00,12.8,12.8,32
2023-12-28T22:00:00+00:00,13.3,13.3,34
2023-12-28T23:00:00+00:00,11.2,11.2,36
2023-12-29T00:00:00+00:00,9.8,9.8,38
2023-12-29T01:00:00+00:00,12.0,12.0,44
2023-12-29T02:00:00+00:00,22.2,22.9,55
2023-12-29T03:00:00+00:00,28.5,29.1,62
2023-12-29T04:00:00+00:00,17.8,18.0,66
2023-12-29T05:00:00+00:00,9.3,9.3,68
2023-12-29T06:00:00+00:00,11.4,11.4,74
2023-12-29T07:00:00+00:00,8.5,8.5,75
2023-12-29T08:00:00+00:00,7.9,7.9,75
2023-12-29T09:00:00+00:00,9.1,9.1,77
2023-12-29T10:00:00+00:00,9.4,9.4,79
2023-12-29T11:00:00+00:00,8.7,8.7,80
2023-12-29T12:00:00+00:00,6.0,6.0,72
2023-12-29T13:00:00+00:00,5.1,5.1,71
2023-12-29T14:00:00+00:00,3.6,3.6,68
2023-12-29T15:00:00+00:00,1.4,1.4,52
2023-12-29T16:00:00+00:00,2.5,2.5,43
2023-12-29T17:00:00+00:00,6.3,6.3,37
2023-12-29T18:00:00+00:00,13.9,13.9,36
2023-12-29T19:00:00+00:00,12.4,12.4,34
2023-12-29T20:00:00+00:00,4.9,4.9,31
2023-12-29T21:00:00+00:00,2.6,2.6,30
2023-12-29T22:00:00+00:00,2.4,2.4,31
2023-12-29T23:00:00+00:00,2.1,2.1,35
2023-12-30T00:00:00+00:00,2.3,2.3,39
2023-12-30T01:00:00+00:00,6.6,6.6,44
2023-12-30T02:00:00+00:00,7.5,7.5,48
2023-12-30T03:00:00+00:00,16.6,16.7,54
2023-12-30T04:00:00+00:00,13.9,13.9,57
2023-12-30T05:00:00+00:00,12.4,12.4,63
2023-12-30T06:00:00+00:00,12.3,12.3,66
2023-12-30T07:00:00+00:00,9.0,9.0,69
2023-12-30T08:00:00+00:00,1.6,1.6,79
2023-12-30T09:00:00+00:00,0.0,0.0,80
2023-12-30T10:00:00+00:00,0.0,0.0,82
2023-12-30T11:00:00+00:00,0.4,0.4,96
2023-12-30T12:00:00+00:00,0.4,0.4,100
2023-12-30T13:00:00+00:00,0.7,0.7,100
2023-12-30T14:00:00+00:00,1.6,1.6,100
2023-12-30T15:00:00+00:00,1.8,1.8,100
2023-12-30T16:00:00+00:00,1.4,1.4,100
2023-12-30T17:00:00+00:00,2.0,2.0,100
2023-12-30T18:00:00+00:00,1.8,1.8,98
2023-12-30T19:00:00+00:00,2.8,2.8,96
2023-12-30T20:00:00+00:00,2.6,2.6,84
2023-12-30T21:00:00+00:00,0.9,0.9,78
2023-12-30T22:00:00+00:00,0.4,0.4,67
2023-12-30T23:00:00+00:00,1.2,1.2,66
2023-12-31T00:00:00+00:00,2.7,2.7,72
2023-12-31T01:00:00+00:00,7.7,7.7,83
2023-12-31T02:00:00+00:00,9.9,9.9,87
2023-12-31T03:00:00+00:00,26.3,27.5,93
2023-12-31T04:00:00+00:00,41.3,49.6,97
2023-12-31T05:00:00+00:00,32.8,35.1,96
2023-12-31T06:00:00+00:00,25.1,25.3,98
2023-12-31T07:00:00+00:00,16.1,16.1,94
2023-12-31T08:00:00+00:00,10.5,10.5,95
2023-12-31T09:00:00+00:00,4.9,4.9,94
2023-12-31T10:00:00+00:00,7.1,7.1,96
2023-12-31T11:00:00+00:00,8.0,8.0,99
2023-12-31T12:00:00+00:00,6.0,6.0,97
2023-12-31T13:00:00+00:00,4.9,4.9,94
2023-12-31T14:00:00+00:00,5.4,5.4,92
2023-12-31T15:00:00+00:00,4.2,4.2,89
2023-12-31T16:00:00+00:00,5.2,5.2,85
2023-12-31T17:00:00+00:00,4.8,4.8,69
2023-12-31T18:00:00+00:00,1.3,1.3,48
2023-12-31T19:00:00+00:00,1.1,1.1,48
2023-12-31T20:00:00+00:00,0.6,0.6,48
2023-12-31T21:00:00+00:00,0.6,0.6,46
2023-12-31T22:00:00+00:00,1.1,1.1,48
2023-12-31T23:00:00+00:00,1.1,1.1,47
2024-01-01T00:00:00+00:00,2.4,2.4,53
2024-01-01T01:00:00+00:00,4.6,4.6,64
2024-01-01T02:00:00+00:00,8.1,8.1,69
2024-01-01T03:00:00+00:00,8.9,8.9,80
2024-01-01T04:00:00+00:00,10.8,10.8,94
2024-01-01T05:00:00+00:00,16.7,16.7,94
2024-01-01T06:00:00+00:00,35.1,37.1,92
2024-01-01T07:00:00+00:00,44.0,50.0,92
2024-01-01T08:00:00+00:00,36.2,39.2,97
2024-01-01T09:00:00+00:00,26.7,26.9,96
2024-01-01T10:00:00+00:00,42.5,49.5,99
2024-01-01T11:00:00+00:00,37.6,41.0,100
2024-01-01T12:00:00+00:00,29.6,30.5,99
2024-01-01T13:00:00+00:00,27.8,28.3,100
2024-01-01T14:00:00+00:00,27.6,28.0,100
2024-01-01T15:00:00+00:00,24.7,24.8,100
2024-01-01T16:00:00+00:00,23.8,23.9,98
2024-01-01T17:00:00+00:00,22.2,22.3,95
2024-01-01T18:00:00+00:00,20.5,20.5,94
2024-01-01T19:00:00+00:00,22.1,22.2,88
2024-01-01T20:00:00+00:00,24.4,24.5,85
2024-01-01T21:00:00+00:00,27.2,27.7,81
2024-01-01T22:00:00+00:00,29.4,30.2,79
2024-01-01T23:00:00+00:00,30.2,31.1,78
2024-01-02T00:00:00+00:00,29.7,30.5,78
2024-01-02T01:00:00+00:00,31.9,33.2,83
2024-01-02T02:00:00+00:00,39.4,43.3,88
2024-01-02T03:00:00+00:00,47.5,57.4,92
2024-01-02T04:00:00+00:00,49.8,61.8,94
2024-01-02T05:00:00+00:00,38.9,42.9,96
2024-01-02T06:00:00+00:00,36.8,39.8,95
2024-01-02T07:00:00+00:00,40.1,44.3,96
2024-01-02T08:00:00+00:00,42.1,47.0,94
2024-01-02T09:00:00+00:00,44.7,51.4,92
2024-01-02T10:00:00+00:00,47.1,56.2,91
2024-01-02T11:00:00+00:00,39.1,42.9,90
2024-01-02T12:00:00+00:00,37.5,40.6,89
2024-01-02T13:00:00+00:00,35.7,38.3,87
2024-01-02T14:00:00+00:00,35.2,37.7,88
2024-01-02T15:00:00+00:00,33.2,35.1,86
2024-01-02T16:00:00+00:00,27.6,28.1,84
2024-01-02T17:00:00+00:00,29.9,31.0,79
2024-01-02T18:00:00+00:00,31.8,33.1,78
2024-01-02T19:00:00+00:00,31.2,32.4,72
2024-01-02T20:00:00+00:00,31.0,32.1,66
2024-01-02T21:00:00+00:00,32.1,33.3,61
2024-01-02T22:00:00+00:00,33.0,34.6,68
2024-01-02T23:00:00+00:00,31.8,33.4,66
2024-01-03T00:00:00+00:00,31.5,32.7,68
2024-01-03T01:00:00+00:00,36.9,39.6,77
2024-01-03T02:00:00+00:00,43.7,49.9,87
2024-01-03T03:00:00+00:00,48.0,57.9,96
2024-01-03T04:00:00+00:00,48.7,59.2,98
2024-01-03T05:00:00+00:00,45.6,53.1,97
2024-01-03T06:00:00+00:00,40.5,44.8,94
2024-01-03T07:00:00+00:00,43.5,49.6,100
2024-01-03T08:00:00+00:00,40.9,45.6,100
2024-01-03T09:00:00+00:00,18.3,18.9,100
2024-01-03T10:00:00+00:00,5.9,5.9,100
2024-01-03T11:00:00+00:00,6.0,6.0,100
2024-01-03T12:00:00+00:00,8.2,8.2,100
2024-01-03T13:00:00+00:00,11.8,11.8,100
2024-01-03T14:00:00+00:00,10.4,10.4,100
2024-01-03T15:00:00+00:00,10.3,10.3,100
2024-01-03T16:00:00+00:00,3.9,3.9,93
2024-01-03T17:00:00+00:00,2.7,2.7,81
2024-01-03T18:00:00+00:00,4.7,4.7,67
2024-01-03T19:00:00+00:00,3.7,3.7,58
2024-01-03T20:00:00+00:00,2.8,2.8,60
2024-01-03T21:00:00+00:00,0.7,0.7,51
2024-01-03T22:00:00+00:00,1.3,1.3,69
2024-01-03T23:00:00+00:00,0.7,0.7,87
2024-01-04T00:00:00+00:00,0.4,0.4,89
2024-01-04T01:00:00+00:00,2.0,2.0,97
2024-01-04T02:00:00+00:00,3.4,3.4,97
2024-01-04T03:00:00+00:00,3.5,3.5,94
2024-01-04T04:00:00+00:00,2.0,2.0,95
2024-01-04T05:00:00+00:00,1.0,1.0,98
2024-01-04T06:00:00+00:00,2.6,2.6,100
2024-01-04T07:00:00+00:00,8.9,8.9,100
2024-01-04T08:00:00+00:00,11.1,11.1,100
2024-01-04T09:00:00+00:00,8.3,8.3,100
2024-01-04T10:00:00+00:00,6.4,6.4,99
2024-01-04T11:00:00+00:00,6.6,6.6,97
2024-01-04T12:00:00+00:00,5.2,5.2,99
2024-01-04T13:00:00+00:00,4.1,4.1,99
2024-01-04T14:00:00+00:00,4.8,4.8,98
2024-01-04T15:00:00+00:00,5.9,5.9,98
2024-01-04T16:00:00+00:00,7.9,7.9,94
2024-01-04T17:00:00+00:00,8.3,8.3,91
2024-01-04T18:00:00+00:00,9.8,9.8,82
2024-01-04T19:00:00+00:00,10.3,10.3,74
2024-01-04T20:00:00+00:00,11.8,11.8,66
2024-01-04T21:00:00+00:00,12.8,12.8,59
2024-01-04T22:00:00+00:00,14.9,15.0,57
2024-01-04T23:00:00+00:00,15.2,15.2,65
2024-01-05T00:00:00+00:00,16.3,16.3,68
2024-01-05T01:00:00+00:00,17.9,17.9,74
2024-01-05T02:00:00+00:00,26.0,26.3,82
2024-01-05T03:00:00+00:00,24.1,24.2,83
2024-01-05T04:00:00+00:00,27.5,28.1,84
2024-01-05T05:00:00+00:00,27.3,28.0,86
2024-01-05T06:00:00+00:00,27.0,27.4,87
2024-01-05T07:00:00+00:00,31.6,33.0,85
2024-01-05T08:00:00+00:00,31.2,32.4,86
2024-01-05T09:00:00+00:00,30.9,32.2,87
2024-01-05T10:00:00+00:00,29.8,30.8,87
2024-01-05T11:00:00+00:00,28.8,29.5,89
2024-01-05T12:00:00+00:00,26.9,27.3,88
2024-01-05T13:00:00+00:00,26.3,26.7,88
2024-01-05T14:00:00+00:00,25.2,25.4,89
2024-01-05T15:00:00+00:00,25.0,25.2,90
2024-01-05T16:00:00+00:00,21.0,21.0,76
2024-01-05T17:00:00+00:00,15.5,15.5,51
2024-01-05T18:00:00+00:00,16.2,16.2,47
2024-01-05T19:00:00+00:00,14.5,14.5,36
2024-01-05T20:00:00+00:00,14.4,14.4,36
2024-01-05T21:00:00+00:00,20.1,20.1,42
2024-01-05T22:00:00+00:00,22.5,22.5,46
2024-01-05T23:00:00+00:00,15.8,15.8,48
2024-01-06T00:00:00+00:00,19.8,19.8,56
2024-01-06T01:00:00+00:00,25.5,25.6,69
2024-01-06T02:00:00+00:00,32.9,34.3,78
2024-01-06T03:00:00+00:00,37.1,39.8,83
2024-01-06T04:00:00+00:00,35.0,37.1,85
2024-01-06T05:00:00+00:00,37.5,40.4,87
2024-01-06T06:00:00+00:00,38.8,42.0,85
2024-01-06T07:00:00+00:00,34.8,37.0,87
2024-01-06T08:00:00+00:00,31.6,33.2,91
2024-01-06T09:00:00+00:00,25.9,26.2,94
2024-01-06T10:00:00+00:00,24.3,24.4,93
2024-01-06T11:00:00+00:00,23.3,23.4,92
2024-01-06T12:00:00+00:00,23.0,23.0,93
2024-01-06T13:00:00+00:00,22.5,22.6,94
2024-01-06T14:00:00+00:00,26.1,26.3,94
2024-01-06T15:00:00+00:00,30.1,30.6,95
2024-01-06T16:00:00+00:00,22.6,22.6,90
2024-01-06T17:00:00+00:00,13.6,13.6,76
2024-01-06T18:00:00+00:00,20.1,20.1,66
2024-01-06T19:00:00+00:00,31.2,33.0,63
2024-01-06T20:00:00+00:00,36.0,40.6,62
2024-01-06T21:00:00+00:00,33.9,37.0,64
2024-01-06T22:00:00+00:00,36.3,41.0,67
2024-01-06T23:00:00+00:00,33.5,36.1,68
2024-01-07T00:00:00+00:00,29.0,30.0,68
2024-01-07T01:00:00+00:00,20.9,21.1,79
2024-01-07T02:00:00+00:00,6.1,6.1,91
2024-01-07T03:00:00+00:00,7.1,7.1,95
2024-01-07T04:00:00+00:00,8.9,8.9,96
2024-01-07T05:00:00+00:00,13.1,13.1,96
2024-01-07T06:00:00+00:00,2.0,2.0,100
2024-01-07T07:00:00+00:00,1.3,1.3,99
2024-01-07T08:00:00+00:00,2.7,2.7,99
2024-01-07T09:00:00+00:00,2.3,2.3,100
2024-01-07T10:00:00+00:00,1.5,1.5,100
2024-01-07T11:00:00+00:00,2.6,2.6,100
2024-01-07T12:00:00+00:00,3.1,3.1,100
2024-01-07T13:00:00+00:00,6.5,6.5,100
2024-01-07T14:00:00+00:00,8.1,8.1,100
2024-01-07T15:00:00+00:00,8.3,8.3,100
2024-01-07T16:00:00+00:00,7.6,7.6,93
2024-01-07T17:00:00+00:00,6.8,6.8,84
2024-01-07T18:00:00+00:00,6.4,6.4,78
2024-01-07T19:00:00+00:00,5.5,5.5,58
2024-01-07T20:00:00+00:00,5.5,5.5,48
2024-01-07T21:00:00+00:00,4.4,4.4,49
2024-01-07T22:00:00+00:00,4.1,4.1,55
2024-01-07T23:00:00+00:00,3.8,3.8,54
2024-01-08T00:00:00+00:00,4.2,4.2,54
2024-01-08T01:00:00+00:00,7.5,7.5,64
2024-01-08T02:00:00+00:00,16.2,16.3,74
2024-01-08T03:00:00+00:00,26.1,26.4,83
2024-01-08T04:00:00+00:00,23.7,23.8,85
2024-01-08T05:00:00+00:00,18.4,18.4,87
2024-01-08T06:00:00+00:00,17.7,17.7,87
2024-01-08T07:00:00+00:00,12.3,12.3,87
2024-01-08T08:00:00+00:00,13.7,13.7,90
2024-01-08T09:00:00+00:00,12.0,12.0,91
2024-01-08T10:00:00+00:00,11.2,11.2,91
2024-01-08T11:00:00+00:00,13.4,13.4,94
2024-01-08T12:00:00+00:00,14.3,14.3,95
2024-01-08T13:00:00+00:00,14.2,14.2,97
2024-01-08T14:00:00+00:00,12.3,12.3,97
2024-01-08T15:00:00+00:00,10.8,10.8,95
2024-01-08T16:00:00+00:00,6.5,6.5,74
2024-01-08T17:00:00+00:00,4.6,4.6,42
2024-01-08T18:00:00+00:00,9.5,9.5,40
2024-01-08T19:00:00+00:00,11.0,11.0,39
2024-01-08T20:00:00+00:00,10.2,10.2,37
2024-01-08T21:00:00+00:00,9.0,9.0,38
2024-01-08T22:00:00+00:00,8.2,8.2,40
2024-01-08T23:00:00+00:00,8.4,8.4,41
2024-01-09T00:00:00+00:00,8.0,8.0,42
2024-01-09T01:00:00+00:00,11.8,11.8,48
2024-01-09T02:00:00+00:00,27.4,33.1,61
2024-01-09T03:00:00+00:00,28.5,30.1,69
2024-01-09T04:00:00+00:00,19.9,19.9,74
2024-01-09T05:00:00+00:00,17.2,17.2,79
2024-01-09T06:00:00+00:00,19.6,19.6,82
2024-01-09T07:00:00+00:00,16.8,16.8,82
2024-01-09T08:00:00+00:00,18.1,18.1,85
2024-01-09T09:00:00+00:00,19.0,19.0,88
2024-01-09T10:00:00+00:00,18.7,18.7,90
2024-01-09T11:00:00+00:00,21.0,21.0,91
2024-01-09T12:00:00+00:00,18.0,18.0,92
2024-01-09T13:00:00+00:00,13.1,13.1,90
2024-01-09T14:00:00+00:00,13.7,13.7,89
2024-01-09T15:00:00+00:00,10.6,10.6,86
2024-01-09T16:00:00+00:00,8.7,8.7,68
2024-01-09T17:00:00+00:00,8.3,8.3,43
2024-01-09T18:00:00+00:00,7.9,7.9,34
2024-01-09T19:00:00+00:00,10.5,10.5,34
2024-01-09T20:00:00+00:00,9.8,9.8,32
2024-01-09T21:00:00+00:00,10.5,10.5,34
2024-01-09T22:00:00+00:00,10.7,10.7,36
2024-01-09T23:00:00+00:00,10.8,10.8,36
2024-01-10T00:00:00+00:00,11.3,11.3,37
2024-01-10T01:00:00+00:00,12.6,12.6,40
2024-01-10T02:00:00+00:00,19.6,19.6,41
2024-01-10T03:00:00+00:00,24.8,24.9,43
2024-01-10T04:00:00+00:00,23.3,23.3,48
2024-01-10T05:00:00+00:00,19.2,19.2,57
2024-01-10T06:00:00+00:00,24.0,24.0,61
2024-01-10T07:00:00+00:00,23.0,23.0,64
2024-01-10T08:00:00+00:00,19.8,19.8,67
2024-01-10T09:00:00+00:00,18.3,18.3,72
2024-01-10T10:00:00+00:00,20.4,20.4,75
2024-01-10T11:00:00+00:00,21.3,21.3,84
2024-01-10T12:00:00+00:00,17.8,17.8,94
2024-01-10T13:00:00+00:00,20.6,20.6,99
2024-01-10T14:00:00+00:00,27.5,28.3,100
2024-01-10T15:00:00+00:00,28.5,29.7,100
2024-01-10T16:00:00+00:00,25.5,25.9,99
2024-01-10T17:00:00+00:00,22.1,22.1,90
2024-01-10T18:00:00+00:00,20.1,20.1,77
2024-01-10T19:00:00+00:00,15.4,15.4,52
2024-01-10T20:00:00+00:00,10.2,10.2,41
2024-01-10T21:00:00+00:00,2.5,2.5,37
2024-01-10T22:00:00+00:00,2.0,2.0,37
2024-01-10T23:00:00+00:00,1.7,1.7,37
2024-01-11T00:00:00+00:00,2.3,2.3,41
2024-01-11T01:00:00+00:00,2.9,2.9,47
2024-01-11T02:00:00+00:00,4.2,4.2,57
2024-01-11T03:00:00+00:00,2.7,2.7,72
2024-01-11T04:00:00+00:00,4.7,4.7,93
2024-01-11T05:00:00+00:00,9.1,9.1,100
2024-01-11T06:00:00+00:00,12.1,12.1,100
2024-01-11T07:00:00+00:00,13.4,13.4,100
2024-01-11T08:00:00+00:00,9.3,9.3,97
2024-01-11T09:00:00+00:00,0.0,0.0,93
2024-01-11T10:00:00+00:00,0.0,0.0,90
2024-01-11T11:00:00+00:00,0.1,0.1,92
2024-01-11T12:00:00+00:00,0.2,0.2,93
2024-01-11T13:00:00+00:00,0.1,0.1,89
2024-01-11T14:00:00+00:00,0.4,0.4,85
2024-01-11T15:00:00+00:00,0.3,0.3,85
2024-01-11T16:00:00+00:00,0.7,0.7,71
2024-01-11T17:00:00+00:00,0.2,0.2,48
2024-01-11T18:00:00+00:00,0.4,0.4,43
2024-01-11T19:00:00+00:00,0.7,0.7,41
2024-01-11T20:00:00+00:00,1.2,1.2,37
2024-01-11T21:00:00+00:00,1.2,1.2,39
2024-01-11T22:00:00+00:00,1.7,1.7,44
2024-01-11T23:00:00+00:00,0.6,0.6,44
2024-01-12T00:00:00+00:00,0.4,0.4,45
2024-01-12T01:00:00+00:00,0.6,0.6,52
2024-01-12T02:00:00+00:00,7.6,7.6,66
2024-01-12T03:00:00+00:00,8.6,8.6,74
2024-01-12T04:00:00+00:00,5.6,5.6,80
2024-01-12T05:00:00+00:00,4.8,4.8,82
2024-01-12T06:00:00+00:00,7.3,7.3,84
2024-01-12T07:00:00+00:00,7.7,7.7,84
2024-01-12T08:00:00+00:00,7.4,7.4,85
2024-01-12T09:00:00+00:00,8.1,8.1,87
2024-01-12T10:00:00+00:00,8.9,8.9,89
2024-01-12T11:00:00+00:00,11.9,11.9,92
2024-01-12T12:00:00+00:00,8.5,8.5,93
2024-01-12T13:00:00+00:00,5.7,5.7,91
2024-01-12T14:00:00+00:00,7.8,7.8,89
2024-01-12T15:00:00+00:00,6.5,6.5,88
2024-01-12T16:00:00+00:00,6.3,6.3,73
2024-01-12T17:00:00+00:00,6.7,6.7,48
2024-01-12T18:00:00+00:00,9.3,9.3,44
2024-01-12T19:00:00+00:00,12.9,12.9,40
2024-01-12T20:00:00+00:00,14.1,14.1,40
2024-01-12T21:00:00+00:00,14.2,14.2,39
2024-01-12T22:00:00+00:00,14.1,14.1,40
2024-01-12T23:00:00+00:00,14.0,14.0,42
2024-01-13T00:00:00+00:00,18.6,18.6,47
2024-01-13T01:00:00+00:00,17.5,17.5,50
2024-01-13T02:00:00+00:00,25.3,25.8,60
2024-01-13T03:00:00+00:00,25.6,25.8,69
2024-01-13T04:00:00+00:00,26.9,27.1,72
2024-01-13T05:00:00+00:00,28.8,29.6,69
2024-01-13T06:00:00+00:00,30.6,32.0,74
2024-01-13T07:00:00+00:00,30.0,31.0,80
2024-01-13T08:00:00+00:00,31.7,33.8,85
2024-01-13T09:00:00+00:00,32.9,35.6,82
2024-01-13T10:00:00+00:00,33.8,37.3,84
2024-01-13T11:00:00+00:00,33.1,36.0,89
2024-01-13T12:00:00+00:00,34.6,38.5,91
2024-01-13T13:00:00+00:00,40.6,50.0,91
2024-01-13T14:00:00+00:00,45.2,60.5,90
2024-01-13T15:00:00+00:00,46.0,62.5,88
2024-01-13T16:00:00+00:00,44.3,57.7,82
2024-01-13T17:00:00+00:00,42.5,53.4,71
2024-01-13T18:00:00+00:00,41.4,51.0,68
2024-01-13T19:00:00+00:00,43.9,56.6,82
2024-01-13T20:00:00+00:00,43.5,55.9,88
2024-01-13T21:00:00+00:00,43.7,56.4,91
2024-01-13T22:00:00+00:00,45.4,60.3,84
2024-01-13T23:00:00+00:00,39.0,46.2,78
2024-01-14T00:00:00+00:00,46.4,63.1,86
2024-01-14T01:00:00+00:00,47.5,65.5,88
2024-01-14T02:00:00+00:00,49.9,71.8,88
2024-01-14T03:00:00+00:00,48.8,69.0,90
2024-01-14T04:00:00+00:00,44.5,57.9,91
2024-01-14T05:00:00+00:00,43.7,56.5,91
2024-01-14T06:00:00+00:00,41.9,52.2,92
2024-01-14T07:00:00+00:00,42.3,52.9,90
2024-01-14T08:00:00+00:00,43.7,56.3,93
2024-01-14T09:00:00+00:00,43.3,55.5,95
2024-01-14T10:00:00+00:00,42.8,54.1,94
2024-01-14T11:00:00+00:00,40.6,49.1,93
2024-01-14T12:00:00+00:00,40.3,48.6,92
2024-01-14T13:00:00+00:00,38.0,44.2,92
2024-01-14T14:00:00+00:00,34.7,38.6,93
2024-01-14T15:00:00+00:00,30.1,32.0,92
2024-01-14T16:00:00+00:00,18.1,18.1,77
2024-01-14T17:00:00+00:00,19.7,19.7,47
2024-01-14T18:00:00+00:00,16.4,16.4,37
2024-01-14T19:00:00+00:00,8.9,8.9,32
2024-01-14T20:00:00+00:00,8.3,8.3,32
2024-01-14T21:00:00+00:00,7.7,7.7,36
2024-01-14T22:00:00+00:00,4.3,4.3,46
2024-01-14T23:00:00+00:00,3.5,3.5,51
2024-01-15T00:00:00+00:00,2.8,2.8,55
2024-01-15T01:00:00+00:00,4.1,4.1,66
2024-01-15T02:00:00+00:00,19.1,20.7,77
2024-01-15T03:00:00+00:00,4.0,4.0,83
2024-01-15T04:00:00+00:00,4.1,4.1,88
2024-01-15T05:00:00+00:00,10.6,10.7,89
2024-01-15T06:00:00+00:00,15.5,15.5,91
2024-01-15T07:00:00+00:00,15.1,15.1,93
2024-01-15T08:00:00+00:00,18.2,18.2,96
2024-01-15T09:00:00+00:00,17.5,17.5,98
2024-01-15T10:00:00+00:00,18.1,18.1,99
2024-01-15T11:00:00+00:00,15.2,15.2,100
2024-01-15T12:00:00+00:00,14.5,14.5,100
2024-01-15T13:00:00+00:00,11.7,11.7,100
2024-01-15T14:00:00+00:00,11.8,11.8,100
2024-01-15T15:00:00+00:00,7.6,7.6,100
2024-01-15T16:00:00+00:00,9.2,9.2,100
2024-01-15T17:00:00+00:00,7.5,7.5,92
2024-01-15T18:00:00+00:00,6.2,6.2,92
2024-01-15T19:00:00+00:00,7.4,7.4,92
2024-01-15T20:00:00+00:00,9.0,9.0,83
2024-01-15T21:00:00+00:00,9.4,9.4,85
2024-01-15T22:00:00+00:00,14.9,14.9,90
2024-01-15T23:00:00+00:00,16.9,16.9,86
2024-01-16T00:00:00+00:00,13.3,13.3,85
2024-01-16T01:00:00+00:00,10.5,10.5,88
2024-01-16T02:00:00+00:00,10.2,10.2,90
2024-01-16T03:00:00+00:00,12.6,12.6,92
2024-01-16T04:00:00+00:00,14.2,14.2,94
2024-01-16T05:00:00+00:00,14.4,14.4,94
2024-01-16T06:00:00+00:00,16.1,16.1,93
2024-01-16T07:00:00+00:00,13.8,13.8,96
2024-01-16T08:00:00+00:00,10.1,10.1,98
2024-01-16T09:00:00+00:00,9.7,9.7,98
2024-01-16T10:00:00+00:00,9.2,9.2,99
2024-01-16T11:00:00+00:00,8.6,8.6,98
2024-01-16T12:00:00+00:00,7.5,7.5,97
2024-01-16T13:00:00+00:00,7.7,7.7,97
2024-01-16T14:00:00+00:00,5.5,5.5,96
2024-01-16T15:00:00+00:00,6.3,6.3,95
2024-01-16T16:00:00+00:00,7.4,7.4,94
2024-01-16T17:00:00+00:00,12.8,12.8,93
2024-01-16T18:00:00+00:00,18.8,18.8,86
2024-01-16T19:00:00+00:00,23.5,23.6,84
2024-01-16T20:00:00+00:00,22.5,22.6,82
2024-01-16T21:00:00+00:00,25.4,25.6,77
2024-01-16T22:00:00+00:00,28.6,29.2,74
2024-01-16T23:00:00+00:00,30.2,31.0,69
2024-01-17T00:00:00+00:00,38.2,41.6,69
2024-01-17T01:00:00+00:00,38.7,42.2,72
2024-01-17T02:00:00+00:00,35.2,37.4,77
2024-01-17T03:00:00+00:00,38.7,42.3,84
2024-01-17T04:00:00+00:00,40.4,44.7,84
2024-01-17T05:00:00+00:00,42.7,48.3,89
2024-01-17T06:00:00+00:00,42.2,47.6,86
2024-01-17T07:00:00+00:00,42.8,48.5,87
2024-01-17T08:00:00+00:00,43.3,49.5,93
2024-01-17T09:00:00+00:00,43.3,49.4,99
2024-01-17T10:00:00+00:00,43.5,49.8,100
2024-01-17T11:00:00+00:00,43.1,49.2,100
2024-01-17T12:00:00+00:00,42.8,48.6,100
2024-01-17T13:00:00+00:00,42.0,47.3,100
2024-01-17T14:00:00+00:00,42.4,47.9,98
2024-01-17T15:00:00+00:00,42.7,48.5,98
2024-01-17T16:00:00+00:00,42.4,48.0,97
2024-01-17T17:00:00+00:00,42.0,47.4,91
2024-01-17T18:00:00+00:00,41.3,46.6,77
2024-01-17T19:00:00+00:00,31.6,32.8,52
2024-01-17T20:00:00+00:00,28.5,29.2,54
2024-01-17T21:00:00+00:00,22.7,22.8,62
2024-01-17T22:00:00+00:00,13.7,13.7,64
2024-01-17T23:00:00+00:00,2.9,2.9,61
2024-01-18T00:00:00+00:00,5.0,5.0,68
2024-01-18T01:00:00+00:00,8.8,8.8,79
2024-01-18T02:00:00+00:00,18.9,19.0,84
2024-01-18T03:00:00+00:00,28.0,28.5,85
2024-01-18T04:00:00+00:00,28.1,28.6,85
2024-01-18T05:00:00+00:00,34.2,36.3,92
2024-01-18T06:00:00+00:00,37.3,40.3,96
2024-01-18T07:00:00+00:00,39.0,42.6,96
2024-01-18T08:00:00+00:00,37.6,40.7,99
2024-01-18T09:00:00+00:00,44.2,51.4,98
2024-01-18T10:00:00+00:00,47.1,57.4,98
2024-01-18T11:00:00+00:00,42.8,49.2,100
2024-01-18T12:00:00+00:00,37.0,40.0,100
2024-01-18T13:00:00+00:00,33.2,35.2,100
2024-01-18T14:00:00+00:00,31.7,33.2,99
2024-01-18T15:00:00+00:00,27.3,28.0,96
2024-01-18T16:00:00+00:00,27.7,28.4,93
2024-01-18T17:00:00+00:00,33.8,36.0,89
2024-01-18T18:00:00+00:00,32.9,34.6,84
2024-01-18T19:00:00+00:00,30.8,31.9,77
2024-01-18T20:00:00+00:00,33.4,35.1,76
2024-01-18T21:00:00+00:00,34.5,36.6,70
2024-01-18T22:00:00+00:00,33.5,35.2,66
2024-01-18T23:00:00+00:00,30.0,30.8,62
2024-01-19T00:00:00+00:00,29.5,30.2,67
2024-01-19T01:00:00+00:00,31.2,32.3,75
2024-01-19T02:00:00+00:00,32.1,33.5,81
2024-01-19T03:00:00+00:00,32.8,34.4,85
2024-01-19T04:00:00+00:00,36.7,39.4,88
2024-01-19T05:00:00+00:00,34.8,37.2,91
2024-01-19T06:00:00+00:00,39.0,42.7,93
2024-01-19T07:00:00+00:00,40.7,45.2,95
2024-01-19T08:00:00+00:00,36.0,38.6,93
2024-01-19T09:00:00+00:00,33.3,35.3,94
2024-01-19T10:00:00+00:00,32.2,33.9,95
2024-01-19T11:00:00+00:00,31.2,32.6,93
2024-01-19T12:00:00+00:00,33.3,35.3,96
2024-01-19T13:00:00+00:00,33.5,35.5,97
2024-01-19T14:00:00+00:00,27.2,27.6,94
2024-01-19T15:00:00+00:00,28.1,28.7,93
2024-01-19T16:00:00+00:00,30.3,31.3,89
2024-01-19T17:00:00+00:00,36.3,39.1,75
2024-01-19T18:00:00+00:00,35.0,37.2,62
2024-01-19T19:00:00+00:00,29.0,29.6,50
2024-01-19T20:00:00+00:00,13.6,13.6,40
2024-01-19T21:00:00+00:00,7.1,7.1,38
2024-01-19T22:00:00+00:00,11.7,11.7,37
2024-01-19T23:00:00+00:00,17.1,17.1,39
2024-01-20T00:00:00+00:00,18.8,18.9,46
2024-01-20T01:00:00+00:00,14.1,14.1,50
2024-01-20T02:00:00+00:00,17.4,17.4,56
2024-01-20T03:00:00+00:00,18.3,18.3,57
2024-01-20T04:00:00+00:00,14.1,14.1,53
2024-01-20T05:00:00+00:00,13.4,13.5,50
2024-01-20T06:00:00+00:00,11.3,11.3,67
2024-01-20T07:00:00+00:00,5.5,5.5,75
2024-01-20T08:00:00+00:00,4.6,4.6,79
2024-01-20T09:00:00+00:00,24.1,24.2,99
2024-01-20T10:00:00+00:00,16.4,16.4,98
2024-01-20T11:00:00+00:00,3.3,3.3,94
2024-01-20T12:00:00+00:00,2.0,2.0,92
2024-01-20T13:00:00+00:00,1.3,1.3,93
2024-01-20T14:00:00+00:00,2.0,2.0,86
2024-01-20T15:00:00+00:00,1.0,1.0,92
2024-01-20T16:00:00+00:00,1.9,1.9,100
2024-01-20T17:00:00+00:00,1.2,1.2,100
2024-01-20T18:00:00+00:00,0.6,0.6,97
2024-01-20T19:00:00+00:00,0.1,0.1,63
2024-01-20T20:00:00+00:00,0.5,0.5,54
2024-01-20T21:00:00+00:00,1.0,1.0,55
2024-01-20T22:00:00+00:00,1.3,1.3,52
2024-01-20T23:00:00+00:00,1.5,1.5,54
2024-01-21T00:00:00+00:00,1.4,1.4,58
2024-01-21T01:00:00+00:00,2.2,2.2,64
2024-01-21T02:00:00+00:00,4.1,4.1,68
2024-01-21T03:00:00+00:00,6.6,6.6,71
2024-01-21T04:00:00+00:00,7.8,7.8,73
2024-01-21T05:00:00+00:00,8.5,8.5,75
2024-01-21T06:00:00+00:00,9.2,9.2,82
2024-01-21T07:00:00+00:00,9.5,9.5,93
2024-01-21T08:00:00+00:00,10.3,10.3,97
2024-01-21T09:00:00+00:00,8.9,8.9,100
2024-01-21T10:00:00+00:00,5.4,5.4,100
2024-01-21T11:00:00+00:00,3.4,3.4,100
2024-01-21T12:00:00+00:00,0.6,0.6,100
2024-01-21T13:00:00+00:00,0.1,0.1,99
2024-01-21T14:00:00+00:00,0.7,0.7,99
2024-01-21T15:00:00+00:00,0.2,0.2,94
2024-01-21T16:00:00+00:00,0.1,0.1,85
2024-01-21T17:00:00+00:00,0.0,0.0,58
2024-01-21T18:00:00+00:00,0.1,0.1,56
2024-01-21T19:00:00+00:00,0.1,0.1,51
2024-01-21T20:00:00+00:00,1.0,1.0,50
2024-01-21T21:00:00+00:00,0.7,0.7,46
2024-01-21T22:00:00+00:00,0.6,0.6,47
2024-01-21T23:00:00+00:00,0.3,0.3,46
2024-01-22T00:00:00+00:00,0.5,0.5,50
2024-01-22T01:00:00+00:00,3.8,3.8,58
2024-01-22T02:00:00+00:00,5.1,5.1,64
2024-01-22T03:00:00+00:00,2.2,2.2,70
2024-01-22T04:00:00+00:00,1.9,1.9,71
2024-01-22T05:00:00+00:00,0.9,0.9,70
2024-01-22T06:00:00+00:00,0.4,0.4,72
2024-01-22T07:00:00+00:00,0.3,0.3,72
2024-01-22T08:00:00+00:00,0.2,0.2,71
2024-01-22T09:00:00+00:00,0.0,0.0,75
2024-01-22T10:00:00+00:00,0.0,0.0,92
2024-01-22T11:00:00+00:00,0.3,0.3,99
2024-01-22T12:00:00+00:00,0.5,0.5,100
2024-01-22T13:00:00+00:00,0.1,0.1,100
2024-01-22T14:00:00+00:00,0.1,0.1,100
2024-01-22T15:00:00+00:00,0.3,0.3,100
2024-01-22T16:00:00+00:00,0.2,0.2,100
2024-01-22T17:00:00+00:00,0.2,0.2,100
2024-01-22T18:00:00+00:00,1.2,1.2,100
2024-01-22T19:00:00+00:00,0.3,0.3,88
2024-01-22T20:00:00+00:00,0.2,0.2,81
2024-01-22T21:00:00+00:00,0.3,0.3,99
2024-01-22T22:00:00+00:00,0.1,0.1,100
2024-01-22T23:00:00+00:00,0.1,0.1,94
2024-01-23T00:00:00+00:00,0.0,0.0,93
2024-01-23T01:00:00+00:00,4.1,4.1,100
2024-01-23T02:00:00+00:00,3.8,3.8,100
2024-01-23T03:00:00+00:00,2.8,2.8,100
2024-01-23T04:00:00+00:00,1.1,1.1,100
2024-01-23T05:00:00+00:00,2.2,2.2,100
2024-01-23T06:00:00+00:00,3.4,3.4,100
2024-01-23T07:00:00+00:00,3.5,3.5,100
2024-01-23T08:00:00+00:00,3.3,3.3,100
2024-01-23T09:00:00+00:00,4.0,4.0,100
2024-01-23T10:00:00+00:00,3.4,3.4,100
2024-01-23T11:00:00+00:00,3.3,3.3,100
2024-01-23T12:00:00+00:00,2.9,2.9,100
2024-01-23T13:00:00+00:00,1.3,1.3,99
2024-01-23T14:00:00+00:00,1.2,1.2,99
2024-01-23T15:00:00+00:00,0.9,0.9,100
2024-01-23T16:00:00+00:00,3.1,3.1,94
2024-01-23T17:00:00+00:00,4.7,4.7,89
2024-01-23T18:00:00+00:00,3.5,3.5,81
2024-01-23T19:00:00+00:00,1.3,1.3,62
2024-01-23T20:00:00+00:00,1.2,1.2,62
2024-01-23T21:00:00+00:00,2.2,2.2,64
2024-01-23T22:00:00+00:00,2.9,2.9,67
2024-01-23T23:00:00+00:00,3.3,3.3,69
2024-01-24T00:00:00+00:00,2.2,2.2,67
2024-01-24T01:00:00+00:00,2.9,2.9,74
2024-01-24T02:00:00+00:00,5.2,5.2,82
2024-01-24T03:00:00+00:00,8.6,8.6,89
2024-01-24T04:00:00+00:00,12.2,12.2,92
2024-01-24T05:00:00+00:00,9.7,9.7,92
2024-01-24T06:00:00+00:00,10.4,10.4,94
2024-01-24T07:00:00+00:00,12.1,12.1,96
2024-01-24T08:00:00+00:00,15.4,15.4,97
2024-01-24T09:00:00+00:00,17.2,17.2,96
2024-01-24T10:00:00+00:00,19.1,19.1,96
